period,domain,diagnostic,value,units,classification,description
Jun_2026,ethiopia,u200,-16.20283939870557,m s**-1,easterly_flow,200 hPa zonal wind
Jun_2026,ethiopia,v200,0.8589348232838264,m s**-1,not_classified,200 hPa meridional wind
Jun_2026,ethiopia,tej_strength,16.20283939870557,m s**-1,moderate_tej,TEJ strength proxy: -u200. Larger positive values indicate stronger easterly flow.
Jun_2026,ethiopia,div200,-5.755052278032781e-07,s-1,convergence,200 hPa horizontal divergence computed from CFSv2 u200 and v200.
Jun_2026,ethiopia,u850,2.5997633514342726,m s**-1,not_classified,850 hPa zonal wind
Jun_2026,ethiopia,v850,3.898107159292997,m s**-1,not_classified,850 hPa meridional wind
Jun_2026,ethiopia,q850,0.010475464588592748,kg kg**-1,not_classified,850 hPa specific humidity
Jun_2026,ethiopia,wind_speed850,6.042572090600537,m s**-1,not_classified,850 hPa wind speed.
Jun_2026,ethiopia,qu850,0.026515776815574352,kg kg-1 m s-1,not_classified,850 hPa zonal moisture flux proxy: q850 * u850.
Jun_2026,ethiopia,qv850,0.04171954773084207,kg kg-1 m s-1,not_classified,850 hPa meridional moisture flux proxy: q850 * v850.
Jun_2026,ethiopia,mfc850,8.465861829215095e-09,kg kg-1 s-1 approximately,moisture_convergence,"850 hPa moisture-flux convergence proxy: -div(q850*u850, q850*v850)."
Jun_2026,ethiopia,omega500,-0.005457020945930186,Pa s**-1,rising_motion_tendency,500 hPa vertical velocity / omega
Jun_2026,ethiopia,omega700,-0.027678709893826335,Pa s**-1,rising_motion_tendency,700 hPa vertical velocity / omega
Jun_2026,ethiopia,vp200,6885546.944694209,m**2 s**-1,not_classified,200 hPa velocity potential
Jun_2026,ethiopia,strf200,-17323173.48532734,m**2 s**-1,not_classified,200 hPa stream function
Jun_2026,ethiopia,z200,12438.359995336545,gpm,not_classified,200 hPa geopotential height
Jun_2026,ethiopia,z500,5881.470958416259,gpm,not_classified,500 hPa geopotential height
Jun_2026,ethiopia,sst_proxy,303.22974767581604,K,not_classified,Sea surface temperature or near-surface ocean temperature proxy
Jun_2026,ethiopia_highlands_broad,u200,-17.519699310271825,m s**-1,easterly_flow,200 hPa zonal wind
Jun_2026,ethiopia_highlands_broad,v200,0.7290464208995436,m s**-1,not_classified,200 hPa meridional wind
Jun_2026,ethiopia_highlands_broad,tej_strength,17.519699310271825,m s**-1,moderate_tej,TEJ strength proxy: -u200. Larger positive values indicate stronger easterly flow.
Jun_2026,ethiopia_highlands_broad,div200,9.370196907092467e-07,s-1,divergence,200 hPa horizontal divergence computed from CFSv2 u200 and v200.
Jun_2026,ethiopia_highlands_broad,u850,0.8157884723295332,m s**-1,not_classified,850 hPa zonal wind
Jun_2026,ethiopia_highlands_broad,v850,1.6141433542701629,m s**-1,not_classified,850 hPa meridional wind
Jun_2026,ethiopia_highlands_broad,q850,0.011347835009523834,kg kg**-1,not_classified,850 hPa specific humidity
Jun_2026,ethiopia_highlands_broad,wind_speed850,2.863442554455055,m s**-1,not_classified,850 hPa wind speed.
Jun_2026,ethiopia_highlands_broad,qu850,0.009967519388331623,kg kg-1 m s-1,not_classified,850 hPa zonal moisture flux proxy: q850 * u850.
Jun_2026,ethiopia_highlands_broad,qv850,0.01973495274424698,kg kg-1 m s-1,not_classified,850 hPa meridional moisture flux proxy: q850 * v850.
Jun_2026,ethiopia_highlands_broad,mfc850,3.608326572025109e-08,kg kg-1 s-1 approximately,moisture_convergence,"850 hPa moisture-flux convergence proxy: -div(q850*u850, q850*v850)."
Jun_2026,ethiopia_highlands_broad,omega500,-0.04127522912707298,Pa s**-1,rising_motion_tendency,500 hPa vertical velocity / omega
Jun_2026,ethiopia_highlands_broad,omega700,-0.06432410601684717,Pa s**-1,rising_motion_tendency,700 hPa vertical velocity / omega
Jun_2026,ethiopia_highlands_broad,vp200,7047880.117543131,m**2 s**-1,not_classified,200 hPa velocity potential
Jun_2026,ethiopia_highlands_broad,strf200,-16508385.228105724,m**2 s**-1,not_classified,200 hPa stream function
Jun_2026,ethiopia_highlands_broad,z200,12442.498577317814,gpm,not_classified,200 hPa geopotential height
Jun_2026,ethiopia_highlands_broad,z500,5883.949697023234,gpm,not_classified,500 hPa geopotential height
Jun_2026,ethiopia_highlands_broad,sst_proxy,,K,not_classified,Sea surface temperature or near-surface ocean temperature proxy
Jun_2026,north_ethiopia,u200,-18.87134135881004,m s**-1,easterly_flow,200 hPa zonal wind
Jun_2026,north_ethiopia,v200,1.4759424312352156,m s**-1,not_classified,200 hPa meridional wind
Jun_2026,north_ethiopia,tej_strength,18.87134135881004,m s**-1,moderate_tej,TEJ strength proxy: -u200. Larger positive values indicate stronger easterly flow.
Jun_2026,north_ethiopia,div200,-3.180319778967522e-07,s-1,convergence,200 hPa horizontal divergence computed from CFSv2 u200 and v200.
Jun_2026,north_ethiopia,u850,1.520442209550493,m s**-1,not_classified,850 hPa zonal wind
Jun_2026,north_ethiopia,v850,0.18197255010178046,m s**-1,not_classified,850 hPa meridional wind
Jun_2026,north_ethiopia,q850,0.010478823351419544,kg kg**-1,not_classified,850 hPa specific humidity
Jun_2026,north_ethiopia,wind_speed850,2.9291249458347557,m s**-1,not_classified,850 hPa wind speed.
Jun_2026,north_ethiopia,qu850,0.01708038664630993,kg kg-1 m s-1,not_classified,850 hPa zonal moisture flux proxy: q850 * u850.
Jun_2026,north_ethiopia,qv850,0.006476556876766786,kg kg-1 m s-1,not_classified,850 hPa meridional moisture flux proxy: q850 * v850.
Jun_2026,north_ethiopia,mfc850,6.493778048764668e-08,kg kg-1 s-1 approximately,moisture_convergence,"850 hPa moisture-flux convergence proxy: -div(q850*u850, q850*v850)."
Jun_2026,north_ethiopia,omega500,-0.06037494348462289,Pa s**-1,rising_motion_tendency,500 hPa vertical velocity / omega
Jun_2026,north_ethiopia,omega700,-0.10651733331889134,Pa s**-1,rising_motion_tendency,700 hPa vertical velocity / omega
Jun_2026,north_ethiopia,vp200,6658572.122330897,m**2 s**-1,not_classified,200 hPa velocity potential
Jun_2026,north_ethiopia,strf200,-11618323.468262278,m**2 s**-1,not_classified,200 hPa stream function
Jun_2026,north_ethiopia,z200,12456.539732156121,gpm,not_classified,200 hPa geopotential height
Jun_2026,north_ethiopia,z500,5889.505405408801,gpm,not_classified,500 hPa geopotential height
Jun_2026,north_ethiopia,sst_proxy,304.8662490844727,K,not_classified,Sea surface temperature or near-surface ocean temperature proxy
Jun_2026,central_ethiopia,u200,-17.25076572239467,m s**-1,easterly_flow,200 hPa zonal wind
Jun_2026,central_ethiopia,v200,0.42494166038586506,m s**-1,not_classified,200 hPa meridional wind
Jun_2026,central_ethiopia,tej_strength,17.25076572239467,m s**-1,moderate_tej,TEJ strength proxy: -u200. Larger positive values indicate stronger easterly flow.
Jun_2026,central_ethiopia,div200,9.913946174972996e-07,s-1,divergence,200 hPa horizontal divergence computed from CFSv2 u200 and v200.
Jun_2026,central_ethiopia,u850,0.24449501704202475,m s**-1,not_classified,850 hPa zonal wind
Jun_2026,central_ethiopia,v850,1.302678598438348,m s**-1,not_classified,850 hPa meridional wind
Jun_2026,central_ethiopia,q850,0.012203955575918028,kg kg**-1,not_classified,850 hPa specific humidity
Jun_2026,central_ethiopia,wind_speed850,1.7015690433750947,m s**-1,not_classified,850 hPa wind speed.
Jun_2026,central_ethiopia,qu850,0.003970390202630815,kg kg-1 m s-1,not_classified,850 hPa zonal moisture flux proxy: q850 * u850.
Jun_2026,central_ethiopia,qv850,0.014946145359424899,kg kg-1 m s-1,not_classified,850 hPa meridional moisture flux proxy: q850 * v850.
Jun_2026,central_ethiopia,mfc850,5.077783569972652e-08,kg kg-1 s-1 approximately,moisture_convergence,"850 hPa moisture-flux convergence proxy: -div(q850*u850, q850*v850)."
Jun_2026,central_ethiopia,omega500,-0.030742654763678604,Pa s**-1,rising_motion_tendency,500 hPa vertical velocity / omega
Jun_2026,central_ethiopia,omega700,-0.06987238674315807,Pa s**-1,rising_motion_tendency,700 hPa vertical velocity / omega
Jun_2026,central_ethiopia,vp200,7106999.091763111,m**2 s**-1,not_classified,200 hPa velocity potential
Jun_2026,central_ethiopia,strf200,-18478632.865597796,m**2 s**-1,not_classified,200 hPa stream function
Jun_2026,central_ethiopia,z200,12436.57697512824,gpm,not_classified,200 hPa geopotential height
Jun_2026,central_ethiopia,z500,5881.624647983723,gpm,not_classified,500 hPa geopotential height
Jun_2026,central_ethiopia,sst_proxy,,K,not_classified,Sea surface temperature or near-surface ocean temperature proxy
Jun_2026,west_ethiopia,u200,-17.138502357639176,m s**-1,easterly_flow,200 hPa zonal wind
Jun_2026,west_ethiopia,v200,0.20955394540339195,m s**-1,not_classified,200 hPa meridional wind
Jun_2026,west_ethiopia,tej_strength,17.138502357639176,m s**-1,moderate_tej,TEJ strength proxy: -u200. Larger positive values indicate stronger easterly flow.
Jun_2026,west_ethiopia,div200,3.509676986092692e-06,s-1,divergence,200 hPa horizontal divergence computed from CFSv2 u200 and v200.
Jun_2026,west_ethiopia,u850,0.8285499469477964,m s**-1,not_classified,850 hPa zonal wind
Jun_2026,west_ethiopia,v850,2.0996374998882725,m s**-1,not_classified,850 hPa meridional wind
Jun_2026,west_ethiopia,q850,0.0122811610703895,kg kg**-1,not_classified,850 hPa specific humidity
Jun_2026,west_ethiopia,wind_speed850,2.707294399024761,m s**-1,not_classified,850 hPa wind speed.
Jun_2026,west_ethiopia,qu850,0.010589799483046154,kg kg-1 m s-1,not_classified,850 hPa zonal moisture flux proxy: q850 * u850.
Jun_2026,west_ethiopia,qv850,0.024828022311299717,kg kg-1 m s-1,not_classified,850 hPa meridional moisture flux proxy: q850 * v850.
Jun_2026,west_ethiopia,mfc850,-1.2304703144888774e-08,kg kg-1 s-1 approximately,moisture_divergence,"850 hPa moisture-flux convergence proxy: -div(q850*u850, q850*v850)."
Jun_2026,west_ethiopia,omega500,-0.08626689724070645,Pa s**-1,rising_motion_tendency,500 hPa vertical velocity / omega
Jun_2026,west_ethiopia,omega700,-0.004060099192070996,Pa s**-1,rising_motion_tendency,700 hPa vertical velocity / omega
Jun_2026,west_ethiopia,vp200,7408802.366724202,m**2 s**-1,not_classified,200 hPa velocity potential
Jun_2026,west_ethiopia,strf200,-18034358.30216281,m**2 s**-1,not_classified,200 hPa stream function
Jun_2026,west_ethiopia,z200,12439.95913604686,gpm,not_classified,200 hPa geopotential height
Jun_2026,west_ethiopia,z500,5882.928496694132,gpm,not_classified,500 hPa geopotential height
Jun_2026,west_ethiopia,sst_proxy,,K,not_classified,Sea surface temperature or near-surface ocean temperature proxy
Jun_2026,east_ethiopia,u200,-17.821828322399877,m s**-1,easterly_flow,200 hPa zonal wind
Jun_2026,east_ethiopia,v200,1.2997738629772244,m s**-1,not_classified,200 hPa meridional wind
Jun_2026,east_ethiopia,tej_strength,17.821828322399877,m s**-1,moderate_tej,TEJ strength proxy: -u200. Larger positive values indicate stronger easterly flow.
Jun_2026,east_ethiopia,div200,-3.113365532864023e-06,s-1,convergence,200 hPa horizontal divergence computed from CFSv2 u200 and v200.
Jun_2026,east_ethiopia,u850,4.939575445189355,m s**-1,not_classified,850 hPa zonal wind
Jun_2026,east_ethiopia,v850,6.3309959108719545,m s**-1,not_classified,850 hPa meridional wind
Jun_2026,east_ethiopia,q850,0.009896379494322578,kg kg**-1,not_classified,850 hPa specific humidity
Jun_2026,east_ethiopia,wind_speed850,8.713306791744223,m s**-1,not_classified,850 hPa wind speed.
Jun_2026,east_ethiopia,qu850,0.05003677819199473,kg kg-1 m s-1,not_classified,850 hPa zonal moisture flux proxy: q850 * u850.
Jun_2026,east_ethiopia,qv850,0.06595274609886143,kg kg-1 m s-1,not_classified,850 hPa meridional moisture flux proxy: q850 * v850.
Jun_2026,east_ethiopia,mfc850,1.8015953386770188e-08,kg kg-1 s-1 approximately,moisture_convergence,"850 hPa moisture-flux convergence proxy: -div(q850*u850, q850*v850)."
Jun_2026,east_ethiopia,omega500,0.03601682709188664,Pa s**-1,subsidence_tendency,500 hPa vertical velocity / omega
Jun_2026,east_ethiopia,omega700,0.0013787267745605325,Pa s**-1,subsidence_tendency,700 hPa vertical velocity / omega
Jun_2026,east_ethiopia,vp200,6409564.52563391,m**2 s**-1,not_classified,200 hPa velocity potential
Jun_2026,east_ethiopia,strf200,-17699663.09283866,m**2 s**-1,not_classified,200 hPa stream function
Jun_2026,east_ethiopia,z200,12431.571148069706,gpm,not_classified,200 hPa geopotential height
Jun_2026,east_ethiopia,z500,5877.795258174052,gpm,not_classified,500 hPa geopotential height
Jun_2026,east_ethiopia,sst_proxy,303.5350443791522,K,not_classified,Sea surface temperature or near-surface ocean temperature proxy
Jun_2026,greater_horn,u200,-6.173111881735865,m s**-1,easterly_flow,200 hPa zonal wind
Jun_2026,greater_horn,v200,0.12102874206356241,m s**-1,not_classified,200 hPa meridional wind
Jun_2026,greater_horn,tej_strength,6.173111881735865,m s**-1,weak_tej,TEJ strength proxy: -u200. Larger positive values indicate stronger easterly flow.
Jun_2026,greater_horn,div200,-5.466145268431736e-07,s-1,convergence,200 hPa horizontal divergence computed from CFSv2 u200 and v200.
Jun_2026,greater_horn,u850,0.011809602032210778,m s**-1,not_classified,850 hPa zonal wind
Jun_2026,greater_horn,v850,2.51163102845528,m s**-1,not_classified,850 hPa meridional wind
Jun_2026,greater_horn,q850,0.008237556991809274,kg kg**-1,not_classified,850 hPa specific humidity
Jun_2026,greater_horn,wind_speed850,6.030244728929863,m s**-1,not_classified,850 hPa wind speed.
Jun_2026,greater_horn,qu850,0.0029622051915569503,kg kg-1 m s-1,not_classified,850 hPa zonal moisture flux proxy: q850 * u850.
Jun_2026,greater_horn,qv850,0.027711596533693764,kg kg-1 m s-1,not_classified,850 hPa meridional moisture flux proxy: q850 * v850.
Jun_2026,greater_horn,mfc850,-3.056516036524476e-09,kg kg-1 s-1 approximately,moisture_divergence,"850 hPa moisture-flux convergence proxy: -div(q850*u850, q850*v850)."
Jun_2026,greater_horn,omega500,0.01607676089328997,Pa s**-1,subsidence_tendency,500 hPa vertical velocity / omega
Jun_2026,greater_horn,omega700,0.004500189382085259,Pa s**-1,subsidence_tendency,700 hPa vertical velocity / omega
Jun_2026,greater_horn,vp200,7943099.01726501,m**2 s**-1,not_classified,200 hPa velocity potential
Jun_2026,greater_horn,strf200,-17842707.370230265,m**2 s**-1,not_classified,200 hPa stream function
Jun_2026,greater_horn,z200,12442.339509584806,gpm,not_classified,200 hPa geopotential height
Jun_2026,greater_horn,z500,5879.226893842206,gpm,not_classified,500 hPa geopotential height
Jun_2026,greater_horn,sst_proxy,300.57104542501276,K,not_classified,Sea surface temperature or near-surface ocean temperature proxy
Jun_2026,east_africa,u200,-6.728245618474531,m s**-1,easterly_flow,200 hPa zonal wind
Jun_2026,east_africa,v200,-0.37146950622435043,m s**-1,not_classified,200 hPa meridional wind
Jun_2026,east_africa,tej_strength,6.728245618474531,m s**-1,weak_tej,TEJ strength proxy: -u200. Larger positive values indicate stronger easterly flow.
Jun_2026,east_africa,div200,-5.444121218047941e-07,s-1,convergence,200 hPa horizontal divergence computed from CFSv2 u200 and v200.
Jun_2026,east_africa,u850,-0.06162799188524263,m s**-1,not_classified,850 hPa zonal wind
Jun_2026,east_africa,v850,3.4003508844656873,m s**-1,not_classified,850 hPa meridional wind
Jun_2026,east_africa,q850,0.008814591520237246,kg kg**-1,not_classified,850 hPa specific humidity
Jun_2026,east_africa,wind_speed850,6.133542440538872,m s**-1,not_classified,850 hPa wind speed.
Jun_2026,east_africa,qu850,0.003167974741007084,kg kg-1 m s-1,not_classified,850 hPa zonal moisture flux proxy: q850 * u850.
Jun_2026,east_africa,qv850,0.033489387058635384,kg kg-1 m s-1,not_classified,850 hPa meridional moisture flux proxy: q850 * v850.
Jun_2026,east_africa,mfc850,-2.77732523876717e-09,kg kg-1 s-1 approximately,moisture_divergence,"850 hPa moisture-flux convergence proxy: -div(q850*u850, q850*v850)."
Jun_2026,east_africa,omega500,0.014157189602023735,Pa s**-1,subsidence_tendency,500 hPa vertical velocity / omega
Jun_2026,east_africa,omega700,0.001589781350297505,Pa s**-1,subsidence_tendency,700 hPa vertical velocity / omega
Jun_2026,east_africa,vp200,8268621.786239644,m**2 s**-1,not_classified,200 hPa velocity potential
Jun_2026,east_africa,strf200,-20084537.095375296,m**2 s**-1,not_classified,200 hPa stream function
Jun_2026,east_africa,z200,12433.837603369957,gpm,not_classified,200 hPa geopotential height
Jun_2026,east_africa,z500,5877.083832894098,gpm,not_classified,500 hPa geopotential height
Jun_2026,east_africa,sst_proxy,300.5591393225114,K,not_classified,Sea surface temperature or near-surface ocean temperature proxy
Jun_2026,atlantic_congo_ethiopia,u200,1.5806487688224633,m s**-1,westerly_flow,200 hPa zonal wind
Jun_2026,atlantic_congo_ethiopia,v200,-0.4105709226078745,m s**-1,not_classified,200 hPa meridional wind
Jun_2026,atlantic_congo_ethiopia,tej_strength,-1.5806487688224633,m s**-1,no_easterly_tej,TEJ strength proxy: -u200. Larger positive values indicate stronger easterly flow.
Jun_2026,atlantic_congo_ethiopia,div200,-4.909372332344365e-07,s-1,convergence,200 hPa horizontal divergence computed from CFSv2 u200 and v200.
Jun_2026,atlantic_congo_ethiopia,u850,-0.9253706354885735,m s**-1,not_classified,850 hPa zonal wind
Jun_2026,atlantic_congo_ethiopia,v850,1.909005342358787,m s**-1,not_classified,850 hPa meridional wind
Jun_2026,atlantic_congo_ethiopia,q850,0.00838178747087824,kg kg**-1,not_classified,850 hPa specific humidity
Jun_2026,atlantic_congo_ethiopia,wind_speed850,3.888535312749285,m s**-1,not_classified,850 hPa wind speed.
Jun_2026,atlantic_congo_ethiopia,qu850,-0.0037784137106862303,kg kg-1 m s-1,not_classified,850 hPa zonal moisture flux proxy: q850 * u850.
Jun_2026,atlantic_congo_ethiopia,qv850,0.018328136554368896,kg kg-1 m s-1,not_classified,850 hPa meridional moisture flux proxy: q850 * v850.
Jun_2026,atlantic_congo_ethiopia,mfc850,-2.288211564044207e-09,kg kg-1 s-1 approximately,moisture_divergence,"850 hPa moisture-flux convergence proxy: -div(q850*u850, q850*v850)."
Jun_2026,atlantic_congo_ethiopia,omega500,0.009280526652824663,Pa s**-1,subsidence_tendency,500 hPa vertical velocity / omega
Jun_2026,atlantic_congo_ethiopia,omega700,0.0008008139811007681,Pa s**-1,subsidence_tendency,700 hPa vertical velocity / omega
Jun_2026,atlantic_congo_ethiopia,vp200,10104989.894445613,m**2 s**-1,not_classified,200 hPa velocity potential
Jun_2026,atlantic_congo_ethiopia,strf200,-21030003.26877096,m**2 s**-1,not_classified,200 hPa stream function
Jun_2026,atlantic_congo_ethiopia,z200,12420.97428725868,gpm,not_classified,200 hPa geopotential height
Jun_2026,atlantic_congo_ethiopia,z500,5879.694183111198,gpm,not_classified,500 hPa geopotential height
Jun_2026,atlantic_congo_ethiopia,sst_proxy,298.9133672846563,K,not_classified,Sea surface temperature or near-surface ocean temperature proxy
Jun_2026,congo_moisture_corridor,u200,-8.22153418536993,m s**-1,easterly_flow,200 hPa zonal wind
Jun_2026,congo_moisture_corridor,v200,-0.6006417746147102,m s**-1,not_classified,200 hPa meridional wind
Jun_2026,congo_moisture_corridor,tej_strength,8.22153418536993,m s**-1,weak_tej,TEJ strength proxy: -u200. Larger positive values indicate stronger easterly flow.
Jun_2026,congo_moisture_corridor,div200,4.940000158632371e-07,s-1,divergence,200 hPa horizontal divergence computed from CFSv2 u200 and v200.
Jun_2026,congo_moisture_corridor,u850,-0.127740779636041,m s**-1,not_classified,850 hPa zonal wind
Jun_2026,congo_moisture_corridor,v850,2.19362199037524,m s**-1,not_classified,850 hPa meridional wind
Jun_2026,congo_moisture_corridor,q850,0.011349484218304519,kg kg**-1,not_classified,850 hPa specific humidity
Jun_2026,congo_moisture_corridor,wind_speed850,2.823196466618285,m s**-1,not_classified,850 hPa wind speed.
Jun_2026,congo_moisture_corridor,qu850,0.0006301440245759846,kg kg-1 m s-1,not_classified,850 hPa zonal moisture flux proxy: q850 * u850.
Jun_2026,congo_moisture_corridor,qv850,0.024288619717487893,kg kg-1 m s-1,not_classified,850 hPa meridional moisture flux proxy: q850 * v850.
Jun_2026,congo_moisture_corridor,mfc850,4.565471724384724e-09,kg kg-1 s-1 approximately,moisture_convergence,"850 hPa moisture-flux convergence proxy: -div(q850*u850, q850*v850)."
Jun_2026,congo_moisture_corridor,omega500,-0.007320435676603575,Pa s**-1,rising_motion_tendency,500 hPa vertical velocity / omega
Jun_2026,congo_moisture_corridor,omega700,-0.011280459598369532,Pa s**-1,rising_motion_tendency,700 hPa vertical velocity / omega
Jun_2026,congo_moisture_corridor,vp200,9685452.906785194,m**2 s**-1,not_classified,200 hPa velocity potential
Jun_2026,congo_moisture_corridor,strf200,-25596136.09739933,m**2 s**-1,not_classified,200 hPa stream function
Jun_2026,congo_moisture_corridor,z200,12428.509367250412,gpm,not_classified,200 hPa geopotential height
Jun_2026,congo_moisture_corridor,z500,5879.351934675093,gpm,not_classified,500 hPa geopotential height
Jun_2026,congo_moisture_corridor,sst_proxy,,K,not_classified,Sea surface temperature or near-surface ocean temperature proxy
Jun_2026,western_moisture_entry,u200,-13.75028601863809,m s**-1,easterly_flow,200 hPa zonal wind
Jun_2026,western_moisture_entry,v200,-0.2646098444353821,m s**-1,not_classified,200 hPa meridional wind
Jun_2026,western_moisture_entry,tej_strength,13.75028601863809,m s**-1,moderate_tej,TEJ strength proxy: -u200. Larger positive values indicate stronger easterly flow.
Jun_2026,western_moisture_entry,div200,1.4792686496024878e-06,s-1,divergence,200 hPa horizontal divergence computed from CFSv2 u200 and v200.
Jun_2026,western_moisture_entry,u850,0.4912396054707315,m s**-1,not_classified,850 hPa zonal wind
Jun_2026,western_moisture_entry,v850,1.9672661578052997,m s**-1,not_classified,850 hPa meridional wind
Jun_2026,western_moisture_entry,q850,0.011745567089843248,kg kg**-1,not_classified,850 hPa specific humidity
Jun_2026,western_moisture_entry,wind_speed850,2.656649298156766,m s**-1,not_classified,850 hPa wind speed.
Jun_2026,western_moisture_entry,qu850,0.007179209838480122,kg kg-1 m s-1,not_classified,850 hPa zonal moisture flux proxy: q850 * u850.
Jun_2026,western_moisture_entry,qv850,0.0231860468450034,kg kg-1 m s-1,not_classified,850 hPa meridional moisture flux proxy: q850 * v850.
Jun_2026,western_moisture_entry,mfc850,3.383309231829561e-09,kg kg-1 s-1 approximately,moisture_convergence,"850 hPa moisture-flux convergence proxy: -div(q850*u850, q850*v850)."
Jun_2026,western_moisture_entry,omega500,-0.02102162758916407,Pa s**-1,rising_motion_tendency,500 hPa vertical velocity / omega
Jun_2026,western_moisture_entry,omega700,-0.014718082026305868,Pa s**-1,rising_motion_tendency,700 hPa vertical velocity / omega
Jun_2026,western_moisture_entry,vp200,8518172.15619445,m**2 s**-1,not_classified,200 hPa velocity potential
Jun_2026,western_moisture_entry,strf200,-22467397.39594156,m**2 s**-1,not_classified,200 hPa stream function
Jun_2026,western_moisture_entry,z200,12432.568116696904,gpm,not_classified,200 hPa geopotential height
Jun_2026,western_moisture_entry,z500,5881.128116756663,gpm,not_classified,500 hPa geopotential height
Jun_2026,western_moisture_entry,sst_proxy,,K,not_classified,Sea surface temperature or near-surface ocean temperature proxy
Jun_2026,western_indian_ocean,u200,-12.00392371262448,m s**-1,easterly_flow,200 hPa zonal wind
Jun_2026,western_indian_ocean,v200,-3.5945929469204754,m s**-1,not_classified,200 hPa meridional wind
Jun_2026,western_indian_ocean,tej_strength,12.00392371262448,m s**-1,moderate_tej,TEJ strength proxy: -u200. Larger positive values indicate stronger easterly flow.
Jun_2026,western_indian_ocean,div200,-2.5147208936295655e-08,s-1,convergence,200 hPa horizontal divergence computed from CFSv2 u200 and v200.
Jun_2026,western_indian_ocean,u850,2.603894658060256,m s**-1,not_classified,850 hPa zonal wind
Jun_2026,western_indian_ocean,v850,5.603359197886483,m s**-1,not_classified,850 hPa meridional wind
Jun_2026,western_indian_ocean,q850,0.009328626873285076,kg kg**-1,not_classified,850 hPa specific humidity
Jun_2026,western_indian_ocean,wind_speed850,9.720277695333607,m s**-1,not_classified,850 hPa wind speed.
Jun_2026,western_indian_ocean,qu850,0.029743706776289992,kg kg-1 m s-1,not_classified,850 hPa zonal moisture flux proxy: q850 * u850.
Jun_2026,western_indian_ocean,qv850,0.052773320884142105,kg kg-1 m s-1,not_classified,850 hPa meridional moisture flux proxy: q850 * v850.
Jun_2026,western_indian_ocean,mfc850,-1.491713392887302e-08,kg kg-1 s-1 approximately,moisture_divergence,"850 hPa moisture-flux convergence proxy: -div(q850*u850, q850*v850)."
Jun_2026,western_indian_ocean,omega500,0.016251851117909725,Pa s**-1,subsidence_tendency,500 hPa vertical velocity / omega
Jun_2026,western_indian_ocean,omega700,0.01792177360289535,Pa s**-1,subsidence_tendency,700 hPa vertical velocity / omega
Jun_2026,western_indian_ocean,vp200,3736853.329453262,m**2 s**-1,not_classified,200 hPa velocity potential
Jun_2026,western_indian_ocean,strf200,-22476386.085697576,m**2 s**-1,not_classified,200 hPa stream function
Jun_2026,western_indian_ocean,z200,12427.443274105559,gpm,not_classified,200 hPa geopotential height
Jun_2026,western_indian_ocean,z500,5869.767113597155,gpm,not_classified,500 hPa geopotential height
Jun_2026,western_indian_ocean,sst_proxy,300.9707901624503,K,not_classified,Sea surface temperature or near-surface ocean temperature proxy
Jun_2026,arabia_red_sea,u200,-9.928838641096293,m s**-1,easterly_flow,200 hPa zonal wind
Jun_2026,arabia_red_sea,v200,1.7366519964594698,m s**-1,not_classified,200 hPa meridional wind
Jun_2026,arabia_red_sea,tej_strength,9.928838641096293,m s**-1,weak_tej,TEJ strength proxy: -u200. Larger positive values indicate stronger easterly flow.
Jun_2026,arabia_red_sea,div200,-3.5607250846514055e-07,s-1,convergence,200 hPa horizontal divergence computed from CFSv2 u200 and v200.
Jun_2026,arabia_red_sea,u850,3.787711002774863,m s**-1,not_classified,850 hPa zonal wind
Jun_2026,arabia_red_sea,v850,-0.8610195213643289,m s**-1,not_classified,850 hPa meridional wind
Jun_2026,arabia_red_sea,q850,0.005789628180265468,kg kg**-1,not_classified,850 hPa specific humidity
Jun_2026,arabia_red_sea,wind_speed850,6.040607922160713,m s**-1,not_classified,850 hPa wind speed.
Jun_2026,arabia_red_sea,qu850,0.029419753957410658,kg kg-1 m s-1,not_classified,850 hPa zonal moisture flux proxy: q850 * u850.
Jun_2026,arabia_red_sea,qv850,0.004105682661046442,kg kg-1 m s-1,not_classified,850 hPa meridional moisture flux proxy: q850 * v850.
Jun_2026,arabia_red_sea,mfc850,1.1645168913031475e-08,kg kg-1 s-1 approximately,moisture_convergence,"850 hPa moisture-flux convergence proxy: -div(q850*u850, q850*v850)."
Jun_2026,arabia_red_sea,omega500,0.005923323256062075,Pa s**-1,subsidence_tendency,500 hPa vertical velocity / omega
Jun_2026,arabia_red_sea,omega700,-0.025467031350008038,Pa s**-1,rising_motion_tendency,700 hPa vertical velocity / omega
Jun_2026,arabia_red_sea,vp200,2938948.2265993166,m**2 s**-1,not_classified,200 hPa velocity potential
Jun_2026,arabia_red_sea,strf200,-1106550.4023633332,m**2 s**-1,not_classified,200 hPa stream function
Jun_2026,arabia_red_sea,z200,12494.78332704568,gpm,not_classified,200 hPa geopotential height
Jun_2026,arabia_red_sea,z500,5890.854398674086,gpm,not_classified,500 hPa geopotential height
Jun_2026,arabia_red_sea,sst_proxy,301.35571218156934,K,not_classified,Sea surface temperature or near-surface ocean temperature proxy
Jun_2026,north_africa_arabia,u200,-1.636257987731681,m s**-1,easterly_flow,200 hPa zonal wind
Jun_2026,north_africa_arabia,v200,3.573143613763041,m s**-1,not_classified,200 hPa meridional wind
Jun_2026,north_africa_arabia,tej_strength,1.636257987731681,m s**-1,weak_tej,TEJ strength proxy: -u200. Larger positive values indicate stronger easterly flow.
Jun_2026,north_africa_arabia,div200,-8.391130900559046e-07,s-1,convergence,200 hPa horizontal divergence computed from CFSv2 u200 and v200.
Jun_2026,north_africa_arabia,u850,1.4977681786793926,m s**-1,not_classified,850 hPa zonal wind
Jun_2026,north_africa_arabia,v850,-1.448817514235568,m s**-1,not_classified,850 hPa meridional wind
Jun_2026,north_africa_arabia,q850,0.006052918260240641,kg kg**-1,not_classified,850 hPa specific humidity
Jun_2026,north_africa_arabia,wind_speed850,4.942931752005478,m s**-1,not_classified,850 hPa wind speed.
Jun_2026,north_africa_arabia,qu850,0.014133366726687527,kg kg-1 m s-1,not_classified,850 hPa zonal moisture flux proxy: q850 * u850.
Jun_2026,north_africa_arabia,qv850,-0.0015715325842860395,kg kg-1 m s-1,not_classified,850 hPa meridional moisture flux proxy: q850 * v850.
Jun_2026,north_africa_arabia,mfc850,1.0487247196259209e-08,kg kg-1 s-1 approximately,moisture_convergence,"850 hPa moisture-flux convergence proxy: -div(q850*u850, q850*v850)."
Jun_2026,north_africa_arabia,omega500,0.017429977590671168,Pa s**-1,subsidence_tendency,500 hPa vertical velocity / omega
Jun_2026,north_africa_arabia,omega700,-0.009538551648434335,Pa s**-1,rising_motion_tendency,700 hPa vertical velocity / omega
Jun_2026,north_africa_arabia,vp200,5684516.701259206,m**2 s**-1,not_classified,200 hPa velocity potential
Jun_2026,north_africa_arabia,strf200,-8337368.940606264,m**2 s**-1,not_classified,200 hPa stream function
Jun_2026,north_africa_arabia,z200,12468.76495576445,gpm,not_classified,200 hPa geopotential height
Jun_2026,north_africa_arabia,z500,5888.047772842388,gpm,not_classified,500 hPa geopotential height
Jun_2026,north_africa_arabia,sst_proxy,299.8444713664335,K,not_classified,Sea surface temperature or near-surface ocean temperature proxy
Jun_2026,tej_core,u200,-15.651728271526157,m s**-1,easterly_flow,200 hPa zonal wind
Jun_2026,tej_core,v200,-1.0083672871938434,m s**-1,not_classified,200 hPa meridional wind
Jun_2026,tej_core,tej_strength,15.651728271526157,m s**-1,moderate_tej,TEJ strength proxy: -u200. Larger positive values indicate stronger easterly flow.
Jun_2026,tej_core,div200,2.52631475742438e-06,s-1,divergence,200 hPa horizontal divergence computed from CFSv2 u200 and v200.
Jun_2026,tej_core,u850,7.4866689200495475,m s**-1,not_classified,850 hPa zonal wind
Jun_2026,tej_core,v850,2.205723946123854,m s**-1,not_classified,850 hPa meridional wind
Jun_2026,tej_core,q850,0.010543375849340049,kg kg**-1,not_classified,850 hPa specific humidity
Jun_2026,tej_core,wind_speed850,9.105241403266858,m s**-1,not_classified,850 hPa wind speed.
Jun_2026,tej_core,qu850,0.0852051374023051,kg kg-1 m s-1,not_classified,850 hPa zonal moisture flux proxy: q850 * u850.
Jun_2026,tej_core,qv850,0.02725219332387865,kg kg-1 m s-1,not_classified,850 hPa meridional moisture flux proxy: q850 * v850.
Jun_2026,tej_core,mfc850,1.2236828847342674e-08,kg kg-1 s-1 approximately,moisture_convergence,"850 hPa moisture-flux convergence proxy: -div(q850*u850, q850*v850)."
Jun_2026,tej_core,omega500,-0.034278742225798416,Pa s**-1,rising_motion_tendency,500 hPa vertical velocity / omega
Jun_2026,tej_core,omega700,-0.04825792726779956,Pa s**-1,rising_motion_tendency,700 hPa vertical velocity / omega
Jun_2026,tej_core,vp200,-2375547.9916929035,m**2 s**-1,not_classified,200 hPa velocity potential
Jun_2026,tej_core,strf200,-10171926.629068574,m**2 s**-1,not_classified,200 hPa stream function
Jun_2026,tej_core,z200,12465.973648620668,gpm,not_classified,200 hPa geopotential height
Jun_2026,tej_core,z500,5875.4346310541305,gpm,not_classified,500 hPa geopotential height
Jun_2026,tej_core,sst_proxy,302.0133447048735,K,not_classified,Sea surface temperature or near-surface ocean temperature proxy
Jun_2026,somali_jet_box,u200,-10.984257960187772,m s**-1,easterly_flow,200 hPa zonal wind
Jun_2026,somali_jet_box,v200,-0.10026887732712196,m s**-1,not_classified,200 hPa meridional wind
Jun_2026,somali_jet_box,tej_strength,10.984257960187772,m s**-1,moderate_tej,TEJ strength proxy: -u200. Larger positive values indicate stronger easterly flow.
Jun_2026,somali_jet_box,div200,-1.4791693540640011e-06,s-1,convergence,200 hPa horizontal divergence computed from CFSv2 u200 and v200.
Jun_2026,somali_jet_box,u850,2.7549160841794635,m s**-1,not_classified,850 hPa zonal wind
Jun_2026,somali_jet_box,v850,7.289371474361641,m s**-1,not_classified,850 hPa meridional wind
Jun_2026,somali_jet_box,q850,0.00904416824022709,kg kg**-1,not_classified,850 hPa specific humidity
Jun_2026,somali_jet_box,wind_speed850,10.185522515982687,m s**-1,not_classified,850 hPa wind speed.
Jun_2026,somali_jet_box,qu850,0.02714829642383049,kg kg-1 m s-1,not_classified,850 hPa zonal moisture flux proxy: q850 * u850.
Jun_2026,somali_jet_box,qv850,0.06762737476698162,kg kg-1 m s-1,not_classified,850 hPa meridional moisture flux proxy: q850 * v850.
Jun_2026,somali_jet_box,mfc850,-2.3309312938503543e-08,kg kg-1 s-1 approximately,moisture_divergence,"850 hPa moisture-flux convergence proxy: -div(q850*u850, q850*v850)."
Jun_2026,somali_jet_box,omega500,0.02667173457253973,Pa s**-1,subsidence_tendency,500 hPa vertical velocity / omega
Jun_2026,somali_jet_box,omega700,0.03210809643685902,Pa s**-1,subsidence_tendency,700 hPa vertical velocity / omega
Jun_2026,somali_jet_box,vp200,6286436.973558415,m**2 s**-1,not_classified,200 hPa velocity potential
Jun_2026,somali_jet_box,strf200,-20593922.74702602,m**2 s**-1,not_classified,200 hPa stream function
Jun_2026,somali_jet_box,z200,12425.481548399119,gpm,not_classified,200 hPa geopotential height
Jun_2026,somali_jet_box,z500,5873.246279740951,gpm,not_classified,500 hPa geopotential height
Jun_2026,somali_jet_box,sst_proxy,300.5033302903431,K,not_classified,Sea surface temperature or near-surface ocean temperature proxy
Jun_2026,turkana_corridor,u200,-4.102149383192513,m s**-1,easterly_flow,200 hPa zonal wind
Jun_2026,turkana_corridor,v200,0.3788279315282073,m s**-1,not_classified,200 hPa meridional wind
Jun_2026,turkana_corridor,tej_strength,4.102149383192513,m s**-1,weak_tej,TEJ strength proxy: -u200. Larger positive values indicate stronger easterly flow.
Jun_2026,turkana_corridor,div200,-6.996157780228549e-07,s-1,convergence,200 hPa horizontal divergence computed from CFSv2 u200 and v200.
Jun_2026,turkana_corridor,u850,-2.765197299683892,m s**-1,not_classified,850 hPa zonal wind
Jun_2026,turkana_corridor,v850,4.823539066227727,m s**-1,not_classified,850 hPa meridional wind
Jun_2026,turkana_corridor,q850,0.009991028495954197,kg kg**-1,not_classified,850 hPa specific humidity
Jun_2026,turkana_corridor,wind_speed850,6.208017104483109,m s**-1,not_classified,850 hPa wind speed.
Jun_2026,turkana_corridor,qu850,-0.027436423582856927,kg kg-1 m s-1,not_classified,850 hPa zonal moisture flux proxy: q850 * u850.
Jun_2026,turkana_corridor,qv850,0.04741204422767855,kg kg-1 m s-1,not_classified,850 hPa meridional moisture flux proxy: q850 * v850.
Jun_2026,turkana_corridor,mfc850,-2.161818072872174e-08,kg kg-1 s-1 approximately,moisture_divergence,"850 hPa moisture-flux convergence proxy: -div(q850*u850, q850*v850)."
Jun_2026,turkana_corridor,omega500,0.03322689714773008,Pa s**-1,subsidence_tendency,500 hPa vertical velocity / omega
Jun_2026,turkana_corridor,omega700,0.027647656837618925,Pa s**-1,subsidence_tendency,700 hPa vertical velocity / omega
Jun_2026,turkana_corridor,vp200,9009022.540612638,m**2 s**-1,not_classified,200 hPa velocity potential
Jun_2026,turkana_corridor,strf200,-27364393.316527538,m**2 s**-1,not_classified,200 hPa stream function
Jun_2026,turkana_corridor,z200,12418.01543459501,gpm,not_classified,200 hPa geopotential height
Jun_2026,turkana_corridor,z500,5874.53562924675,gpm,not_classified,500 hPa geopotential height
Jun_2026,turkana_corridor,sst_proxy,300.24920780805365,K,not_classified,Sea surface temperature or near-surface ocean temperature proxy
Jun_2026,nino34,sst_proxy,302.14093352561764,K,raw_sst_proxy_mean,CFSv2 raw SST proxy area mean; not an anomaly unless climatology is subtracted.
Jun_2026,iod_west,sst_proxy,301.4453662652034,K,raw_sst_proxy_mean,CFSv2 raw SST proxy area mean; not an anomaly unless climatology is subtracted.
Jun_2026,iod_east,sst_proxy,302.87250741934076,K,raw_sst_proxy_mean,CFSv2 raw SST proxy area mean; not an anomaly unless climatology is subtracted.
Jun_2026,iod_west_minus_iod_east,dmi_raw_sst_proxy,-1.4271411541373595,K,raw_gradient_not_anomaly,Raw west-minus-east Indian Ocean SST proxy. This is not an official DMI anomaly.
Jul_2026,ethiopia,u200,-15.476835491484232,m s**-1,easterly_flow,200 hPa zonal wind
Jul_2026,ethiopia,v200,0.9233241552098514,m s**-1,not_classified,200 hPa meridional wind
Jul_2026,ethiopia,tej_strength,15.476835491484232,m s**-1,moderate_tej,TEJ strength proxy: -u200. Larger positive values indicate stronger easterly flow.
Jul_2026,ethiopia,div200,-4.835156214008947e-07,s-1,convergence,200 hPa horizontal divergence computed from CFSv2 u200 and v200.
Jul_2026,ethiopia,u850,2.9567138638593327,m s**-1,not_classified,850 hPa zonal wind
Jul_2026,ethiopia,v850,4.2121369318441975,m s**-1,not_classified,850 hPa meridional wind
Jul_2026,ethiopia,q850,0.011113153067131265,kg kg**-1,not_classified,850 hPa specific humidity
Jul_2026,ethiopia,wind_speed850,6.4341261420412375,m s**-1,not_classified,850 hPa wind speed.
Jul_2026,ethiopia,qu850,0.03132148565649073,kg kg-1 m s-1,not_classified,850 hPa zonal moisture flux proxy: q850 * u850.
Jul_2026,ethiopia,qv850,0.0437477589166822,kg kg-1 m s-1,not_classified,850 hPa meridional moisture flux proxy: q850 * v850.
Jul_2026,ethiopia,mfc850,4.549273757610946e-09,kg kg-1 s-1 approximately,moisture_convergence,"850 hPa moisture-flux convergence proxy: -div(q850*u850, q850*v850)."
Jul_2026,ethiopia,omega500,-0.012311732943253141,Pa s**-1,rising_motion_tendency,500 hPa vertical velocity / omega
Jul_2026,ethiopia,omega700,-0.02394616840295427,Pa s**-1,rising_motion_tendency,700 hPa vertical velocity / omega
Jul_2026,ethiopia,vp200,10435593.981385963,m**2 s**-1,not_classified,200 hPa velocity potential
Jul_2026,ethiopia,strf200,-25132457.962360136,m**2 s**-1,not_classified,200 hPa stream function
Jul_2026,ethiopia,z200,12434.563661770706,gpm,not_classified,200 hPa geopotential height
Jul_2026,ethiopia,z500,5880.940602858912,gpm,not_classified,500 hPa geopotential height
Jul_2026,ethiopia,sst_proxy,302.3408220522308,K,not_classified,Sea surface temperature or near-surface ocean temperature proxy
Jul_2026,ethiopia_highlands_broad,u200,-17.52420967396352,m s**-1,easterly_flow,200 hPa zonal wind
Jul_2026,ethiopia_highlands_broad,v200,0.568657367306478,m s**-1,not_classified,200 hPa meridional wind
Jul_2026,ethiopia_highlands_broad,tej_strength,17.52420967396352,m s**-1,moderate_tej,TEJ strength proxy: -u200. Larger positive values indicate stronger easterly flow.
Jul_2026,ethiopia_highlands_broad,div200,5.78578700448337e-07,s-1,divergence,200 hPa horizontal divergence computed from CFSv2 u200 and v200.
Jul_2026,ethiopia_highlands_broad,u850,1.2395279886316888,m s**-1,not_classified,850 hPa zonal wind
Jul_2026,ethiopia_highlands_broad,v850,1.702823446220042,m s**-1,not_classified,850 hPa meridional wind
Jul_2026,ethiopia_highlands_broad,q850,0.012395200877277461,kg kg**-1,not_classified,850 hPa specific humidity
Jul_2026,ethiopia_highlands_broad,wind_speed850,2.983619906477947,m s**-1,not_classified,850 hPa wind speed.
Jul_2026,ethiopia_highlands_broad,qu850,0.01560003055336551,kg kg-1 m s-1,not_classified,850 hPa zonal moisture flux proxy: q850 * u850.
Jul_2026,ethiopia_highlands_broad,qv850,0.02017240815881654,kg kg-1 m s-1,not_classified,850 hPa meridional moisture flux proxy: q850 * v850.
Jul_2026,ethiopia_highlands_broad,mfc850,3.528828352123555e-08,kg kg-1 s-1 approximately,moisture_convergence,"850 hPa moisture-flux convergence proxy: -div(q850*u850, q850*v850)."
Jul_2026,ethiopia_highlands_broad,omega500,-0.048711875921294584,Pa s**-1,rising_motion_tendency,500 hPa vertical velocity / omega
Jul_2026,ethiopia_highlands_broad,omega700,-0.06029430154981705,Pa s**-1,rising_motion_tendency,700 hPa vertical velocity / omega
Jul_2026,ethiopia_highlands_broad,vp200,10827436.756319424,m**2 s**-1,not_classified,200 hPa velocity potential
Jul_2026,ethiopia_highlands_broad,strf200,-24745137.47463532,m**2 s**-1,not_classified,200 hPa stream function
Jul_2026,ethiopia_highlands_broad,z200,12436.666733319222,gpm,not_classified,200 hPa geopotential height
Jul_2026,ethiopia_highlands_broad,z500,5883.268334213006,gpm,not_classified,500 hPa geopotential height
Jul_2026,ethiopia_highlands_broad,sst_proxy,,K,not_classified,Sea surface temperature or near-surface ocean temperature proxy
Jul_2026,north_ethiopia,u200,-20.012290055381854,m s**-1,easterly_flow,200 hPa zonal wind
Jul_2026,north_ethiopia,v200,1.5012692102801664,m s**-1,not_classified,200 hPa meridional wind
Jul_2026,north_ethiopia,tej_strength,20.012290055381854,m s**-1,strong_tej,TEJ strength proxy: -u200. Larger positive values indicate stronger easterly flow.
Jul_2026,north_ethiopia,div200,2.5682496147236004e-06,s-1,divergence,200 hPa horizontal divergence computed from CFSv2 u200 and v200.
Jul_2026,north_ethiopia,u850,2.228436996194485,m s**-1,not_classified,850 hPa zonal wind
Jul_2026,north_ethiopia,v850,0.45649294872307167,m s**-1,not_classified,850 hPa meridional wind
Jul_2026,north_ethiopia,q850,0.012530805605900579,kg kg**-1,not_classified,850 hPa specific humidity
Jul_2026,north_ethiopia,wind_speed850,3.341575050556704,m s**-1,not_classified,850 hPa wind speed.
Jul_2026,north_ethiopia,qu850,0.02754430647873427,kg kg-1 m s-1,not_classified,850 hPa zonal moisture flux proxy: q850 * u850.
Jul_2026,north_ethiopia,qv850,0.007752652005421339,kg kg-1 m s-1,not_classified,850 hPa meridional moisture flux proxy: q850 * v850.
Jul_2026,north_ethiopia,mfc850,5.199779411549905e-08,kg kg-1 s-1 approximately,moisture_convergence,"850 hPa moisture-flux convergence proxy: -div(q850*u850, q850*v850)."
Jul_2026,north_ethiopia,omega500,-0.07652357251009145,Pa s**-1,rising_motion_tendency,500 hPa vertical velocity / omega
Jul_2026,north_ethiopia,omega700,-0.08586983549663828,Pa s**-1,rising_motion_tendency,700 hPa vertical velocity / omega
Jul_2026,north_ethiopia,vp200,10079860.419549594,m**2 s**-1,not_classified,200 hPa velocity potential
Jul_2026,north_ethiopia,strf200,-20100801.759671766,m**2 s**-1,not_classified,200 hPa stream function
Jul_2026,north_ethiopia,z200,12451.063119992019,gpm,not_classified,200 hPa geopotential height
Jul_2026,north_ethiopia,z500,5889.207942229368,gpm,not_classified,500 hPa geopotential height
Jul_2026,north_ethiopia,sst_proxy,306.15650558471685,K,not_classified,Sea surface temperature or near-surface ocean temperature proxy
Jul_2026,central_ethiopia,u200,-17.03335645867772,m s**-1,easterly_flow,200 hPa zonal wind
Jul_2026,central_ethiopia,v200,-0.19965257166455513,m s**-1,not_classified,200 hPa meridional wind
Jul_2026,central_ethiopia,tej_strength,17.03335645867772,m s**-1,moderate_tej,TEJ strength proxy: -u200. Larger positive values indicate stronger easterly flow.
Jul_2026,central_ethiopia,div200,2.8720454631871034e-07,s-1,divergence,200 hPa horizontal divergence computed from CFSv2 u200 and v200.
Jul_2026,central_ethiopia,u850,0.48059664551635245,m s**-1,not_classified,850 hPa zonal wind
Jul_2026,central_ethiopia,v850,1.2591928511478756,m s**-1,not_classified,850 hPa meridional wind
Jul_2026,central_ethiopia,q850,0.013150577087756814,kg kg**-1,not_classified,850 hPa specific humidity
Jul_2026,central_ethiopia,wind_speed850,1.6794843521905123,m s**-1,not_classified,850 hPa wind speed.
Jul_2026,central_ethiopia,qu850,0.007102897523805993,kg kg-1 m s-1,not_classified,850 hPa zonal moisture flux proxy: q850 * u850.
Jul_2026,central_ethiopia,qv850,0.01483709443296497,kg kg-1 m s-1,not_classified,850 hPa meridional moisture flux proxy: q850 * v850.
Jul_2026,central_ethiopia,mfc850,5.569250842804176e-08,kg kg-1 s-1 approximately,moisture_convergence,"850 hPa moisture-flux convergence proxy: -div(q850*u850, q850*v850)."
Jul_2026,central_ethiopia,omega500,-0.050487241070604816,Pa s**-1,rising_motion_tendency,500 hPa vertical velocity / omega
Jul_2026,central_ethiopia,omega700,-0.06783030475716817,Pa s**-1,rising_motion_tendency,700 hPa vertical velocity / omega
Jul_2026,central_ethiopia,vp200,10931805.90094974,m**2 s**-1,not_classified,200 hPa velocity potential
Jul_2026,central_ethiopia,strf200,-26595142.28173176,m**2 s**-1,not_classified,200 hPa stream function
Jul_2026,central_ethiopia,z200,12430.82209431578,gpm,not_classified,200 hPa geopotential height
Jul_2026,central_ethiopia,z500,5880.618745317727,gpm,not_classified,500 hPa geopotential height
Jul_2026,central_ethiopia,sst_proxy,,K,not_classified,Sea surface temperature or near-surface ocean temperature proxy
Jul_2026,west_ethiopia,u200,-16.674883415311143,m s**-1,easterly_flow,200 hPa zonal wind
Jul_2026,west_ethiopia,v200,0.3362018950810575,m s**-1,not_classified,200 hPa meridional wind
Jul_2026,west_ethiopia,tej_strength,16.674883415311143,m s**-1,moderate_tej,TEJ strength proxy: -u200. Larger positive values indicate stronger easterly flow.
Jul_2026,west_ethiopia,div200,1.8169643599722993e-06,s-1,divergence,200 hPa horizontal divergence computed from CFSv2 u200 and v200.
Jul_2026,west_ethiopia,u850,1.3297014660343465,m s**-1,not_classified,850 hPa zonal wind
Jul_2026,west_ethiopia,v850,2.1782552529613683,m s**-1,not_classified,850 hPa meridional wind
Jul_2026,west_ethiopia,q850,0.01260696507834271,kg kg**-1,not_classified,850 hPa specific humidity
Jul_2026,west_ethiopia,wind_speed850,2.8647991220320868,m s**-1,not_classified,850 hPa wind speed.
Jul_2026,west_ethiopia,qu850,0.017046044164650404,kg kg-1 m s-1,not_classified,850 hPa zonal moisture flux proxy: q850 * u850.
Jul_2026,west_ethiopia,qv850,0.026793654582586757,kg kg-1 m s-1,not_classified,850 hPa meridional moisture flux proxy: q850 * v850.
Jul_2026,west_ethiopia,mfc850,-5.733271990020846e-09,kg kg-1 s-1 approximately,moisture_divergence,"850 hPa moisture-flux convergence proxy: -div(q850*u850, q850*v850)."
Jul_2026,west_ethiopia,omega500,-0.07136986252632072,Pa s**-1,rising_motion_tendency,500 hPa vertical velocity / omega
Jul_2026,west_ethiopia,omega700,-0.02028316210057018,Pa s**-1,rising_motion_tendency,700 hPa vertical velocity / omega
Jul_2026,west_ethiopia,vp200,11696688.264637325,m**2 s**-1,not_classified,200 hPa velocity potential
Jul_2026,west_ethiopia,strf200,-26526850.74099036,m**2 s**-1,not_classified,200 hPa stream function
Jul_2026,west_ethiopia,z200,12432.769639578557,gpm,not_classified,200 hPa geopotential height
Jul_2026,west_ethiopia,z500,5882.759196602012,gpm,not_classified,500 hPa geopotential height
Jul_2026,west_ethiopia,sst_proxy,,K,not_classified,Sea surface temperature or near-surface ocean temperature proxy
Jul_2026,east_ethiopia,u200,-17.035552303296814,m s**-1,easterly_flow,200 hPa zonal wind
Jul_2026,east_ethiopia,v200,0.9961239536418498,m s**-1,not_classified,200 hPa meridional wind
Jul_2026,east_ethiopia,tej_strength,17.035552303296814,m s**-1,moderate_tej,TEJ strength proxy: -u200. Larger positive values indicate stronger easterly flow.
Jul_2026,east_ethiopia,div200,-7.332183850670217e-07,s-1,convergence,200 hPa horizontal divergence computed from CFSv2 u200 and v200.
Jul_2026,east_ethiopia,u850,5.117632470305766,m s**-1,not_classified,850 hPa zonal wind
Jul_2026,east_ethiopia,v850,6.752407592412857,m s**-1,not_classified,850 hPa meridional wind
Jul_2026,east_ethiopia,q850,0.010022266437047374,kg kg**-1,not_classified,850 hPa specific humidity
Jul_2026,east_ethiopia,wind_speed850,9.098720153590408,m s**-1,not_classified,850 hPa wind speed.
Jul_2026,east_ethiopia,qu850,0.05068301473921877,kg kg-1 m s-1,not_classified,850 hPa zonal moisture flux proxy: q850 * u850.
Jul_2026,east_ethiopia,qv850,0.06751623425210346,kg kg-1 m s-1,not_classified,850 hPa meridional moisture flux proxy: q850 * v850.
Jul_2026,east_ethiopia,mfc850,2.933121975388989e-08,kg kg-1 s-1 approximately,moisture_convergence,"850 hPa moisture-flux convergence proxy: -div(q850*u850, q850*v850)."
Jul_2026,east_ethiopia,omega500,0.02762402966765229,Pa s**-1,subsidence_tendency,500 hPa vertical velocity / omega
Jul_2026,east_ethiopia,omega700,-0.008911278682650455,Pa s**-1,rising_motion_tendency,700 hPa vertical velocity / omega
Jul_2026,east_ethiopia,vp200,9313123.270733247,m**2 s**-1,not_classified,200 hPa velocity potential
Jul_2026,east_ethiopia,strf200,-25457916.13527162,m**2 s**-1,not_classified,200 hPa stream function
Jul_2026,east_ethiopia,z200,12429.551909473614,gpm,not_classified,200 hPa geopotential height
Jul_2026,east_ethiopia,z500,5877.095723175043,gpm,not_classified,500 hPa geopotential height
Jul_2026,east_ethiopia,sst_proxy,302.0004102918275,K,not_classified,Sea surface temperature or near-surface ocean temperature proxy
Jul_2026,greater_horn,u200,-5.987723735260151,m s**-1,easterly_flow,200 hPa zonal wind
Jul_2026,greater_horn,v200,0.3898987511614921,m s**-1,not_classified,200 hPa meridional wind
Jul_2026,greater_horn,tej_strength,5.987723735260151,m s**-1,weak_tej,TEJ strength proxy: -u200. Larger positive values indicate stronger easterly flow.
Jul_2026,greater_horn,div200,-8.84068661999596e-07,s-1,convergence,200 hPa horizontal divergence computed from CFSv2 u200 and v200.
Jul_2026,greater_horn,u850,0.2215844516763056,m s**-1,not_classified,850 hPa zonal wind
Jul_2026,greater_horn,v850,2.8544625547258673,m s**-1,not_classified,850 hPa meridional wind
Jul_2026,greater_horn,q850,0.008498302582123115,kg kg**-1,not_classified,850 hPa specific humidity
Jul_2026,greater_horn,wind_speed850,6.202965938046394,m s**-1,not_classified,850 hPa wind speed.
Jul_2026,greater_horn,qu850,0.006191287992256701,kg kg-1 m s-1,not_classified,850 hPa zonal moisture flux proxy: q850 * u850.
Jul_2026,greater_horn,qv850,0.02770325430767645,kg kg-1 m s-1,not_classified,850 hPa meridional moisture flux proxy: q850 * v850.
Jul_2026,greater_horn,mfc850,-1.5952024112868455e-09,kg kg-1 s-1 approximately,moisture_divergence,"850 hPa moisture-flux convergence proxy: -div(q850*u850, q850*v850)."
Jul_2026,greater_horn,omega500,0.01070232897787164,Pa s**-1,subsidence_tendency,500 hPa vertical velocity / omega
Jul_2026,greater_horn,omega700,0.002471844483410978,Pa s**-1,subsidence_tendency,700 hPa vertical velocity / omega
Jul_2026,greater_horn,vp200,11511482.873374278,m**2 s**-1,not_classified,200 hPa velocity potential
Jul_2026,greater_horn,strf200,-22763918.83363995,m**2 s**-1,not_classified,200 hPa stream function
Jul_2026,greater_horn,z200,12441.725970215788,gpm,not_classified,200 hPa geopotential height
Jul_2026,greater_horn,z500,5882.112008758612,gpm,not_classified,500 hPa geopotential height
Jul_2026,greater_horn,sst_proxy,299.91241107057067,K,not_classified,Sea surface temperature or near-surface ocean temperature proxy
Jul_2026,east_africa,u200,-5.407273432927003,m s**-1,easterly_flow,200 hPa zonal wind
Jul_2026,east_africa,v200,-0.10792024155789771,m s**-1,not_classified,200 hPa meridional wind
Jul_2026,east_africa,tej_strength,5.407273432927003,m s**-1,weak_tej,TEJ strength proxy: -u200. Larger positive values indicate stronger easterly flow.
Jul_2026,east_africa,div200,-9.604938246692765e-07,s-1,convergence,200 hPa horizontal divergence computed from CFSv2 u200 and v200.
Jul_2026,east_africa,u850,0.24451527631708894,m s**-1,not_classified,850 hPa zonal wind
Jul_2026,east_africa,v850,3.7490084668506443,m s**-1,not_classified,850 hPa meridional wind
Jul_2026,east_africa,q850,0.008964513963409563,kg kg**-1,not_classified,850 hPa specific humidity
Jul_2026,east_africa,wind_speed850,6.380886778469463,m s**-1,not_classified,850 hPa wind speed.
Jul_2026,east_africa,qu850,0.007036076989341004,kg kg-1 m s-1,not_classified,850 hPa zonal moisture flux proxy: q850 * u850.
Jul_2026,east_africa,qv850,0.03391223379058342,kg kg-1 m s-1,not_classified,850 hPa meridional moisture flux proxy: q850 * v850.
Jul_2026,east_africa,mfc850,-1.3982694209102168e-09,kg kg-1 s-1 approximately,moisture_divergence,"850 hPa moisture-flux convergence proxy: -div(q850*u850, q850*v850)."
Jul_2026,east_africa,omega500,0.009116014446137253,Pa s**-1,subsidence_tendency,500 hPa vertical velocity / omega
Jul_2026,east_africa,omega700,0.0026415240419636827,Pa s**-1,subsidence_tendency,700 hPa vertical velocity / omega
Jul_2026,east_africa,vp200,11862301.775946626,m**2 s**-1,not_classified,200 hPa velocity potential
Jul_2026,east_africa,strf200,-25192333.73274481,m**2 s**-1,not_classified,200 hPa stream function
Jul_2026,east_africa,z200,12430.377905606954,gpm,not_classified,200 hPa geopotential height
Jul_2026,east_africa,z500,5878.639887318094,gpm,not_classified,500 hPa geopotential height
Jul_2026,east_africa,sst_proxy,299.8325281637078,K,not_classified,Sea surface temperature or near-surface ocean temperature proxy
Jul_2026,atlantic_congo_ethiopia,u200,3.066630260194649,m s**-1,westerly_flow,200 hPa zonal wind
Jul_2026,atlantic_congo_ethiopia,v200,-0.8963041412805317,m s**-1,not_classified,200 hPa meridional wind
Jul_2026,atlantic_congo_ethiopia,tej_strength,-3.066630260194649,m s**-1,no_easterly_tej,TEJ strength proxy: -u200. Larger positive values indicate stronger easterly flow.
Jul_2026,atlantic_congo_ethiopia,div200,-5.189435359981179e-07,s-1,convergence,200 hPa horizontal divergence computed from CFSv2 u200 and v200.
Jul_2026,atlantic_congo_ethiopia,u850,-0.9259837373881473,m s**-1,not_classified,850 hPa zonal wind
Jul_2026,atlantic_congo_ethiopia,v850,1.9606873981969644,m s**-1,not_classified,850 hPa meridional wind
Jul_2026,atlantic_congo_ethiopia,q850,0.008333313142590849,kg kg**-1,not_classified,850 hPa specific humidity
Jul_2026,atlantic_congo_ethiopia,wind_speed850,4.007310863963311,m s**-1,not_classified,850 hPa wind speed.
Jul_2026,atlantic_congo_ethiopia,qu850,-0.0019223653247861495,kg kg-1 m s-1,not_classified,850 hPa zonal moisture flux proxy: q850 * u850.
Jul_2026,atlantic_congo_ethiopia,qv850,0.016499719065685207,kg kg-1 m s-1,not_classified,850 hPa meridional moisture flux proxy: q850 * v850.
Jul_2026,atlantic_congo_ethiopia,mfc850,-1.71194294543966e-09,kg kg-1 s-1 approximately,moisture_divergence,"850 hPa moisture-flux convergence proxy: -div(q850*u850, q850*v850)."
Jul_2026,atlantic_congo_ethiopia,omega500,0.007185117270208179,Pa s**-1,subsidence_tendency,500 hPa vertical velocity / omega
Jul_2026,atlantic_congo_ethiopia,omega700,0.0013241028847590186,Pa s**-1,subsidence_tendency,700 hPa vertical velocity / omega
Jul_2026,atlantic_congo_ethiopia,vp200,13338551.812972974,m**2 s**-1,not_classified,200 hPa velocity potential
Jul_2026,atlantic_congo_ethiopia,strf200,-25800359.59184292,m**2 s**-1,not_classified,200 hPa stream function
Jul_2026,atlantic_congo_ethiopia,z200,12414.710767138931,gpm,not_classified,200 hPa geopotential height
Jul_2026,atlantic_congo_ethiopia,z500,5878.124080634013,gpm,not_classified,500 hPa geopotential height
Jul_2026,atlantic_congo_ethiopia,sst_proxy,298.0725273621445,K,not_classified,Sea surface temperature or near-surface ocean temperature proxy
Jul_2026,congo_moisture_corridor,u200,-3.419549423470591,m s**-1,easterly_flow,200 hPa zonal wind
Jul_2026,congo_moisture_corridor,v200,-0.14439618886049446,m s**-1,not_classified,200 hPa meridional wind
Jul_2026,congo_moisture_corridor,tej_strength,3.419549423470591,m s**-1,weak_tej,TEJ strength proxy: -u200. Larger positive values indicate stronger easterly flow.
Jul_2026,congo_moisture_corridor,div200,-1.3421315669918779e-06,s-1,convergence,200 hPa horizontal divergence computed from CFSv2 u200 and v200.
Jul_2026,congo_moisture_corridor,u850,0.3535403345411037,m s**-1,not_classified,850 hPa zonal wind
Jul_2026,congo_moisture_corridor,v850,1.6732560726624939,m s**-1,not_classified,850 hPa meridional wind
Jul_2026,congo_moisture_corridor,q850,0.011007980737408328,kg kg**-1,not_classified,850 hPa specific humidity
Jul_2026,congo_moisture_corridor,wind_speed850,2.582215072144967,m s**-1,not_classified,850 hPa wind speed.
Jul_2026,congo_moisture_corridor,qu850,0.006216347293985563,kg kg-1 m s-1,not_classified,850 hPa zonal moisture flux proxy: q850 * u850.
Jul_2026,congo_moisture_corridor,qv850,0.017822116147294013,kg kg-1 m s-1,not_classified,850 hPa meridional moisture flux proxy: q850 * v850.
Jul_2026,congo_moisture_corridor,mfc850,6.6468834776964115e-09,kg kg-1 s-1 approximately,moisture_convergence,"850 hPa moisture-flux convergence proxy: -div(q850*u850, q850*v850)."
Jul_2026,congo_moisture_corridor,omega500,-0.006741210695845973,Pa s**-1,rising_motion_tendency,500 hPa vertical velocity / omega
Jul_2026,congo_moisture_corridor,omega700,-0.01707488676201374,Pa s**-1,rising_motion_tendency,700 hPa vertical velocity / omega
Jul_2026,congo_moisture_corridor,vp200,14147739.421263665,m**2 s**-1,not_classified,200 hPa velocity potential
Jul_2026,congo_moisture_corridor,strf200,-31766005.702843998,m**2 s**-1,not_classified,200 hPa stream function
Jul_2026,congo_moisture_corridor,z200,12423.869403628836,gpm,not_classified,200 hPa geopotential height
Jul_2026,congo_moisture_corridor,z500,5877.380320476566,gpm,not_classified,500 hPa geopotential height
Jul_2026,congo_moisture_corridor,sst_proxy,,K,not_classified,Sea surface temperature or near-surface ocean temperature proxy
Jul_2026,western_moisture_entry,u200,-9.576669209672659,m s**-1,easterly_flow,200 hPa zonal wind
Jul_2026,western_moisture_entry,v200,0.13037652347628184,m s**-1,not_classified,200 hPa meridional wind
Jul_2026,western_moisture_entry,tej_strength,9.576669209672659,m s**-1,weak_tej,TEJ strength proxy: -u200. Larger positive values indicate stronger easterly flow.
Jul_2026,western_moisture_entry,div200,-9.394317633720895e-07,s-1,convergence,200 hPa horizontal divergence computed from CFSv2 u200 and v200.
Jul_2026,western_moisture_entry,u850,0.8623709912381341,m s**-1,not_classified,850 hPa zonal wind
Jul_2026,western_moisture_entry,v850,1.7159297396558193,m s**-1,not_classified,850 hPa meridional wind
Jul_2026,western_moisture_entry,q850,0.01181248677452832,kg kg**-1,not_classified,850 hPa specific humidity
Jul_2026,western_moisture_entry,wind_speed850,2.6275841407943026,m s**-1,not_classified,850 hPa wind speed.
Jul_2026,western_moisture_entry,qu850,0.011593818881696106,kg kg-1 m s-1,not_classified,850 hPa zonal moisture flux proxy: q850 * u850.
Jul_2026,western_moisture_entry,qv850,0.020671796633683258,kg kg-1 m s-1,not_classified,850 hPa meridional moisture flux proxy: q850 * v850.
Jul_2026,western_moisture_entry,mfc850,-6.343054936486729e-09,kg kg-1 s-1 approximately,moisture_divergence,"850 hPa moisture-flux convergence proxy: -div(q850*u850, q850*v850)."
Jul_2026,western_moisture_entry,omega500,-0.02480540397737417,Pa s**-1,rising_motion_tendency,500 hPa vertical velocity / omega
Jul_2026,western_moisture_entry,omega700,-0.015744529882290276,Pa s**-1,rising_motion_tendency,700 hPa vertical velocity / omega
Jul_2026,western_moisture_entry,vp200,13216079.732174978,m**2 s**-1,not_classified,200 hPa velocity potential
Jul_2026,western_moisture_entry,strf200,-30566823.800627727,m**2 s**-1,not_classified,200 hPa stream function
Jul_2026,western_moisture_entry,z200,12426.323920968078,gpm,not_classified,200 hPa geopotential height
Jul_2026,western_moisture_entry,z500,5879.951978447639,gpm,not_classified,500 hPa geopotential height
Jul_2026,western_moisture_entry,sst_proxy,,K,not_classified,Sea surface temperature or near-surface ocean temperature proxy
Jul_2026,western_indian_ocean,u200,-8.892576459923307,m s**-1,easterly_flow,200 hPa zonal wind
Jul_2026,western_indian_ocean,v200,-1.8415761364766567,m s**-1,not_classified,200 hPa meridional wind
Jul_2026,western_indian_ocean,tej_strength,8.892576459923307,m s**-1,weak_tej,TEJ strength proxy: -u200. Larger positive values indicate stronger easterly flow.
Jul_2026,western_indian_ocean,div200,-1.207093874480073e-07,s-1,convergence,200 hPa horizontal divergence computed from CFSv2 u200 and v200.
Jul_2026,western_indian_ocean,u850,2.8035388095811924,m s**-1,not_classified,850 hPa zonal wind
Jul_2026,western_indian_ocean,v850,5.774248100654795,m s**-1,not_classified,850 hPa meridional wind
Jul_2026,western_indian_ocean,q850,0.009222325732073816,kg kg**-1,not_classified,850 hPa specific humidity
Jul_2026,western_indian_ocean,wind_speed850,10.375115956017284,m s**-1,not_classified,850 hPa wind speed.
Jul_2026,western_indian_ocean,qu850,0.030888569192978672,kg kg-1 m s-1,not_classified,850 hPa zonal moisture flux proxy: q850 * u850.
Jul_2026,western_indian_ocean,qv850,0.051772675460692794,kg kg-1 m s-1,not_classified,850 hPa meridional moisture flux proxy: q850 * v850.
Jul_2026,western_indian_ocean,mfc850,-1.6143426805970214e-08,kg kg-1 s-1 approximately,moisture_divergence,"850 hPa moisture-flux convergence proxy: -div(q850*u850, q850*v850)."
Jul_2026,western_indian_ocean,omega500,0.01570746685913594,Pa s**-1,subsidence_tendency,500 hPa vertical velocity / omega
Jul_2026,western_indian_ocean,omega700,0.018325514794289663,Pa s**-1,subsidence_tendency,700 hPa vertical velocity / omega
Jul_2026,western_indian_ocean,vp200,6823933.750086862,m**2 s**-1,not_classified,200 hPa velocity potential
Jul_2026,western_indian_ocean,strf200,-26513079.302814726,m**2 s**-1,not_classified,200 hPa stream function
Jul_2026,western_indian_ocean,z200,12425.969662571135,gpm,not_classified,200 hPa geopotential height
Jul_2026,western_indian_ocean,z500,5872.143539036657,gpm,not_classified,500 hPa geopotential height
Jul_2026,western_indian_ocean,sst_proxy,300.2634425216979,K,not_classified,Sea surface temperature or near-surface ocean temperature proxy
Jul_2026,arabia_red_sea,u200,-14.481451244689865,m s**-1,easterly_flow,200 hPa zonal wind
Jul_2026,arabia_red_sea,v200,1.9827276067283566,m s**-1,not_classified,200 hPa meridional wind
Jul_2026,arabia_red_sea,tej_strength,14.481451244689865,m s**-1,moderate_tej,TEJ strength proxy: -u200. Larger positive values indicate stronger easterly flow.
Jul_2026,arabia_red_sea,div200,-3.9434440204816056e-08,s-1,convergence,200 hPa horizontal divergence computed from CFSv2 u200 and v200.
Jul_2026,arabia_red_sea,u850,4.057928543584724,m s**-1,not_classified,850 hPa zonal wind
Jul_2026,arabia_red_sea,v850,-0.32748148380757547,m s**-1,not_classified,850 hPa meridional wind
Jul_2026,arabia_red_sea,q850,0.007140526023715021,kg kg**-1,not_classified,850 hPa specific humidity
Jul_2026,arabia_red_sea,wind_speed850,6.0800867419002875,m s**-1,not_classified,850 hPa wind speed.
Jul_2026,arabia_red_sea,qu850,0.03466268182281859,kg kg-1 m s-1,not_classified,850 hPa zonal moisture flux proxy: q850 * u850.
Jul_2026,arabia_red_sea,qv850,0.004732747650718179,kg kg-1 m s-1,not_classified,850 hPa meridional moisture flux proxy: q850 * v850.
Jul_2026,arabia_red_sea,mfc850,1.8594057159827993e-08,kg kg-1 s-1 approximately,moisture_convergence,"850 hPa moisture-flux convergence proxy: -div(q850*u850, q850*v850)."
Jul_2026,arabia_red_sea,omega500,0.002447611284289779,Pa s**-1,subsidence_tendency,500 hPa vertical velocity / omega
Jul_2026,arabia_red_sea,omega700,-0.0308788573838468,Pa s**-1,rising_motion_tendency,700 hPa vertical velocity / omega
Jul_2026,arabia_red_sea,vp200,6371387.919608734,m**2 s**-1,not_classified,200 hPa velocity potential
Jul_2026,arabia_red_sea,strf200,-5813387.449324729,m**2 s**-1,not_classified,200 hPa stream function
Jul_2026,arabia_red_sea,z200,12512.05897225717,gpm,not_classified,200 hPa geopotential height
Jul_2026,arabia_red_sea,z500,5895.935798568655,gpm,not_classified,500 hPa geopotential height
Jul_2026,arabia_red_sea,sst_proxy,300.4284417238252,K,not_classified,Sea surface temperature or near-surface ocean temperature proxy
Jul_2026,north_africa_arabia,u200,-6.7985424105852035,m s**-1,easterly_flow,200 hPa zonal wind
Jul_2026,north_africa_arabia,v200,3.894440808426858,m s**-1,not_classified,200 hPa meridional wind
Jul_2026,north_africa_arabia,tej_strength,6.7985424105852035,m s**-1,weak_tej,TEJ strength proxy: -u200. Larger positive values indicate stronger easterly flow.
Jul_2026,north_africa_arabia,div200,-4.833979234045551e-07,s-1,convergence,200 hPa horizontal divergence computed from CFSv2 u200 and v200.
Jul_2026,north_africa_arabia,u850,1.800186006705852,m s**-1,not_classified,850 hPa zonal wind
Jul_2026,north_africa_arabia,v850,-1.3498949326441996,m s**-1,not_classified,850 hPa meridional wind
Jul_2026,north_africa_arabia,q850,0.007235408774544202,kg kg**-1,not_classified,850 hPa specific humidity
Jul_2026,north_africa_arabia,wind_speed850,5.043644401405173,m s**-1,not_classified,850 hPa wind speed.
Jul_2026,north_africa_arabia,qu850,0.017488450108106665,kg kg-1 m s-1,not_classified,850 hPa zonal moisture flux proxy: q850 * u850.
Jul_2026,north_africa_arabia,qv850,-0.003380375876787083,kg kg-1 m s-1,not_classified,850 hPa meridional moisture flux proxy: q850 * v850.
Jul_2026,north_africa_arabia,mfc850,1.1630312323141245e-08,kg kg-1 s-1 approximately,moisture_convergence,"850 hPa moisture-flux convergence proxy: -div(q850*u850, q850*v850)."
Jul_2026,north_africa_arabia,omega500,0.01357355403472243,Pa s**-1,subsidence_tendency,500 hPa vertical velocity / omega
Jul_2026,north_africa_arabia,omega700,-0.011217442095631025,Pa s**-1,rising_motion_tendency,700 hPa vertical velocity / omega
Jul_2026,north_africa_arabia,vp200,8986294.027524304,m**2 s**-1,not_classified,200 hPa velocity potential
Jul_2026,north_africa_arabia,strf200,-11705194.547969786,m**2 s**-1,not_classified,200 hPa stream function
Jul_2026,north_africa_arabia,z200,12496.002510277145,gpm,not_classified,200 hPa geopotential height
Jul_2026,north_africa_arabia,z500,5898.053636491841,gpm,not_classified,500 hPa geopotential height
Jul_2026,north_africa_arabia,sst_proxy,299.81823105215597,K,not_classified,Sea surface temperature or near-surface ocean temperature proxy
Jul_2026,tej_core,u200,-17.49686366151016,m s**-1,easterly_flow,200 hPa zonal wind
Jul_2026,tej_core,v200,0.2403227196622148,m s**-1,not_classified,200 hPa meridional wind
Jul_2026,tej_core,tej_strength,17.49686366151016,m s**-1,moderate_tej,TEJ strength proxy: -u200. Larger positive values indicate stronger easterly flow.
Jul_2026,tej_core,div200,8.834699489800845e-07,s-1,divergence,200 hPa horizontal divergence computed from CFSv2 u200 and v200.
Jul_2026,tej_core,u850,8.346318641144117,m s**-1,not_classified,850 hPa zonal wind
Jul_2026,tej_core,v850,1.51905294698856,m s**-1,not_classified,850 hPa meridional wind
Jul_2026,tej_core,q850,0.010861500436660659,kg kg**-1,not_classified,850 hPa specific humidity
Jul_2026,tej_core,wind_speed850,9.646731748349115,m s**-1,not_classified,850 hPa wind speed.
Jul_2026,tej_core,qu850,0.09307418738105659,kg kg-1 m s-1,not_classified,850 hPa zonal moisture flux proxy: q850 * u850.
Jul_2026,tej_core,qv850,0.015992991377147995,kg kg-1 m s-1,not_classified,850 hPa meridional moisture flux proxy: q850 * v850.
Jul_2026,tej_core,mfc850,6.637532018198627e-09,kg kg-1 s-1 approximately,moisture_convergence,"850 hPa moisture-flux convergence proxy: -div(q850*u850, q850*v850)."
Jul_2026,tej_core,omega500,-0.014155753798327946,Pa s**-1,rising_motion_tendency,500 hPa vertical velocity / omega
Jul_2026,tej_core,omega700,-0.029818567066457316,Pa s**-1,rising_motion_tendency,700 hPa vertical velocity / omega
Jul_2026,tej_core,vp200,926790.2377078183,m**2 s**-1,not_classified,200 hPa velocity potential
Jul_2026,tej_core,strf200,-15670862.243508048,m**2 s**-1,not_classified,200 hPa stream function
Jul_2026,tej_core,z200,12464.294221845308,gpm,not_classified,200 hPa geopotential height
Jul_2026,tej_core,z500,5874.741468255211,gpm,not_classified,500 hPa geopotential height
Jul_2026,tej_core,sst_proxy,301.14344608655733,K,not_classified,Sea surface temperature or near-surface ocean temperature proxy
Jul_2026,somali_jet_box,u200,-9.806160280880356,m s**-1,easterly_flow,200 hPa zonal wind
Jul_2026,somali_jet_box,v200,-0.7759624366324392,m s**-1,not_classified,200 hPa meridional wind
Jul_2026,somali_jet_box,tej_strength,9.806160280880356,m s**-1,weak_tej,TEJ strength proxy: -u200. Larger positive values indicate stronger easterly flow.
Jul_2026,somali_jet_box,div200,-1.8828149121686118e-07,s-1,convergence,200 hPa horizontal divergence computed from CFSv2 u200 and v200.
Jul_2026,somali_jet_box,u850,2.9366667346025417,m s**-1,not_classified,850 hPa zonal wind
Jul_2026,somali_jet_box,v850,8.038998719667017,m s**-1,not_classified,850 hPa meridional wind
Jul_2026,somali_jet_box,q850,0.009009369587655792,kg kg**-1,not_classified,850 hPa specific humidity
Jul_2026,somali_jet_box,wind_speed850,10.990557402294922,m s**-1,not_classified,850 hPa wind speed.
Jul_2026,somali_jet_box,qu850,0.02929160240255553,kg kg-1 m s-1,not_classified,850 hPa zonal moisture flux proxy: q850 * u850.
Jul_2026,somali_jet_box,qv850,0.07149859098815127,kg kg-1 m s-1,not_classified,850 hPa meridional moisture flux proxy: q850 * v850.
Jul_2026,somali_jet_box,mfc850,-2.3777078360108534e-08,kg kg-1 s-1 approximately,moisture_divergence,"850 hPa moisture-flux convergence proxy: -div(q850*u850, q850*v850)."
Jul_2026,somali_jet_box,omega500,0.022891186934676303,Pa s**-1,subsidence_tendency,500 hPa vertical velocity / omega
Jul_2026,somali_jet_box,omega700,0.03580475374072008,Pa s**-1,subsidence_tendency,700 hPa vertical velocity / omega
Jul_2026,somali_jet_box,vp200,9156578.46257104,m**2 s**-1,not_classified,200 hPa velocity potential
Jul_2026,somali_jet_box,strf200,-26753208.90760105,m**2 s**-1,not_classified,200 hPa stream function
Jul_2026,somali_jet_box,z200,12425.192735097373,gpm,not_classified,200 hPa geopotential height
Jul_2026,somali_jet_box,z500,5873.784224583538,gpm,not_classified,500 hPa geopotential height
Jul_2026,somali_jet_box,sst_proxy,299.75201917384584,K,not_classified,Sea surface temperature or near-surface ocean temperature proxy
Jul_2026,turkana_corridor,u200,-1.0849028330050128,m s**-1,easterly_flow,200 hPa zonal wind
Jul_2026,turkana_corridor,v200,-0.3818494370534324,m s**-1,not_classified,200 hPa meridional wind
Jul_2026,turkana_corridor,tej_strength,1.0849028330050128,m s**-1,weak_tej,TEJ strength proxy: -u200. Larger positive values indicate stronger easterly flow.
Jul_2026,turkana_corridor,div200,-2.5879409295731994e-06,s-1,convergence,200 hPa horizontal divergence computed from CFSv2 u200 and v200.
Jul_2026,turkana_corridor,u850,-2.817558020820397,m s**-1,not_classified,850 hPa zonal wind
Jul_2026,turkana_corridor,v850,4.908085878699463,m s**-1,not_classified,850 hPa meridional wind
Jul_2026,turkana_corridor,q850,0.009773638842890509,kg kg**-1,not_classified,850 hPa specific humidity
Jul_2026,turkana_corridor,wind_speed850,6.30009770949461,m s**-1,not_classified,850 hPa wind speed.
Jul_2026,turkana_corridor,qu850,-0.027360257573703552,kg kg-1 m s-1,not_classified,850 hPa zonal moisture flux proxy: q850 * u850.
Jul_2026,turkana_corridor,qv850,0.04673699652798259,kg kg-1 m s-1,not_classified,850 hPa meridional moisture flux proxy: q850 * v850.
Jul_2026,turkana_corridor,mfc850,-1.6294281302454594e-08,kg kg-1 s-1 approximately,moisture_divergence,"850 hPa moisture-flux convergence proxy: -div(q850*u850, q850*v850)."
Jul_2026,turkana_corridor,omega500,0.034474661582217445,Pa s**-1,subsidence_tendency,500 hPa vertical velocity / omega
Jul_2026,turkana_corridor,omega700,0.0304359283073985,Pa s**-1,subsidence_tendency,700 hPa vertical velocity / omega
Jul_2026,turkana_corridor,vp200,13314935.29458201,m**2 s**-1,not_classified,200 hPa velocity potential
Jul_2026,turkana_corridor,strf200,-31519325.471162677,m**2 s**-1,not_classified,200 hPa stream function
Jul_2026,turkana_corridor,z200,12415.54811569524,gpm,not_classified,200 hPa geopotential height
Jul_2026,turkana_corridor,z500,5872.588595902344,gpm,not_classified,500 hPa geopotential height
Jul_2026,turkana_corridor,sst_proxy,299.3204533997246,K,not_classified,Sea surface temperature or near-surface ocean temperature proxy
Jul_2026,nino34,sst_proxy,301.7931936179753,K,raw_sst_proxy_mean,CFSv2 raw SST proxy area mean; not an anomaly unless climatology is subtracted.
Jul_2026,iod_west,sst_proxy,301.1311314166462,K,raw_sst_proxy_mean,CFSv2 raw SST proxy area mean; not an anomaly unless climatology is subtracted.
Jul_2026,iod_east,sst_proxy,302.2684968787327,K,raw_sst_proxy_mean,CFSv2 raw SST proxy area mean; not an anomaly unless climatology is subtracted.
Jul_2026,iod_west_minus_iod_east,dmi_raw_sst_proxy,-1.1373654620865068,K,raw_gradient_not_anomaly,Raw west-minus-east Indian Ocean SST proxy. This is not an official DMI anomaly.
Aug_2026,ethiopia,u200,-18.258311017714625,m s**-1,easterly_flow,200 hPa zonal wind
Aug_2026,ethiopia,v200,1.2740186036634937,m s**-1,not_classified,200 hPa meridional wind
Aug_2026,ethiopia,tej_strength,18.258311017714625,m s**-1,moderate_tej,TEJ strength proxy: -u200. Larger positive values indicate stronger easterly flow.
Aug_2026,ethiopia,div200,-1.2821778413974516e-07,s-1,convergence,200 hPa horizontal divergence computed from CFSv2 u200 and v200.
Aug_2026,ethiopia,u850,2.4008183594299353,m s**-1,not_classified,850 hPa zonal wind
Aug_2026,ethiopia,v850,3.8155487839301756,m s**-1,not_classified,850 hPa meridional wind
Aug_2026,ethiopia,q850,0.010934496121500964,kg kg**-1,not_classified,850 hPa specific humidity
Aug_2026,ethiopia,wind_speed850,5.728391746439911,m s**-1,not_classified,850 hPa wind speed.
Aug_2026,ethiopia,qu850,0.025132612013366733,kg kg-1 m s-1,not_classified,850 hPa zonal moisture flux proxy: q850 * u850.
Aug_2026,ethiopia,qv850,0.03855200084281614,kg kg-1 m s-1,not_classified,850 hPa meridional moisture flux proxy: q850 * v850.
Aug_2026,ethiopia,mfc850,2.1943470141759776e-09,kg kg-1 s-1 approximately,moisture_convergence,"850 hPa moisture-flux convergence proxy: -div(q850*u850, q850*v850)."
Aug_2026,ethiopia,omega500,-0.00836479843585303,Pa s**-1,rising_motion_tendency,500 hPa vertical velocity / omega
Aug_2026,ethiopia,omega700,-0.01915110036242789,Pa s**-1,rising_motion_tendency,700 hPa vertical velocity / omega
Aug_2026,ethiopia,vp200,9355265.675577799,m**2 s**-1,not_classified,200 hPa velocity potential
Aug_2026,ethiopia,strf200,-20824235.645641632,m**2 s**-1,not_classified,200 hPa stream function
Aug_2026,ethiopia,z200,12416.008158544377,gpm,not_classified,200 hPa geopotential height
Aug_2026,ethiopia,z500,5876.195745622307,gpm,not_classified,500 hPa geopotential height
Aug_2026,ethiopia,sst_proxy,302.54123451528926,K,not_classified,Sea surface temperature or near-surface ocean temperature proxy
Aug_2026,ethiopia_highlands_broad,u200,-19.108203902919982,m s**-1,easterly_flow,200 hPa zonal wind
Aug_2026,ethiopia_highlands_broad,v200,1.228961825538348,m s**-1,not_classified,200 hPa meridional wind
Aug_2026,ethiopia_highlands_broad,tej_strength,19.108203902919982,m s**-1,moderate_tej,TEJ strength proxy: -u200. Larger positive values indicate stronger easterly flow.
Aug_2026,ethiopia_highlands_broad,div200,7.972338380075111e-07,s-1,divergence,200 hPa horizontal divergence computed from CFSv2 u200 and v200.
Aug_2026,ethiopia_highlands_broad,u850,0.7999968704617142,m s**-1,not_classified,850 hPa zonal wind
Aug_2026,ethiopia_highlands_broad,v850,1.4537461563317253,m s**-1,not_classified,850 hPa meridional wind
Aug_2026,ethiopia_highlands_broad,q850,0.012229952964837641,kg kg**-1,not_classified,850 hPa specific humidity
Aug_2026,ethiopia_highlands_broad,wind_speed850,2.439195101061397,m s**-1,not_classified,850 hPa wind speed.
Aug_2026,ethiopia_highlands_broad,qu850,0.009918812731304698,kg kg-1 m s-1,not_classified,850 hPa zonal moisture flux proxy: q850 * u850.
Aug_2026,ethiopia_highlands_broad,qv850,0.01644299270738252,kg kg-1 m s-1,not_classified,850 hPa meridional moisture flux proxy: q850 * v850.
Aug_2026,ethiopia_highlands_broad,mfc850,2.6232531903637906e-08,kg kg-1 s-1 approximately,moisture_convergence,"850 hPa moisture-flux convergence proxy: -div(q850*u850, q850*v850)."
Aug_2026,ethiopia_highlands_broad,omega500,-0.046121258388460366,Pa s**-1,rising_motion_tendency,500 hPa vertical velocity / omega
Aug_2026,ethiopia_highlands_broad,omega700,-0.053839319353041155,Pa s**-1,rising_motion_tendency,700 hPa vertical velocity / omega
Aug_2026,ethiopia_highlands_broad,vp200,9693112.736514527,m**2 s**-1,not_classified,200 hPa velocity potential
Aug_2026,ethiopia_highlands_broad,strf200,-19956278.9325045,m**2 s**-1,not_classified,200 hPa stream function
Aug_2026,ethiopia_highlands_broad,z200,12418.863576049891,gpm,not_classified,200 hPa geopotential height
Aug_2026,ethiopia_highlands_broad,z500,5879.609274283954,gpm,not_classified,500 hPa geopotential height
Aug_2026,ethiopia_highlands_broad,sst_proxy,,K,not_classified,Sea surface temperature or near-surface ocean temperature proxy
Aug_2026,north_ethiopia,u200,-19.48193661280134,m s**-1,easterly_flow,200 hPa zonal wind
Aug_2026,north_ethiopia,v200,2.1237989439716984,m s**-1,not_classified,200 hPa meridional wind
Aug_2026,north_ethiopia,tej_strength,19.48193661280134,m s**-1,moderate_tej,TEJ strength proxy: -u200. Larger positive values indicate stronger easterly flow.
Aug_2026,north_ethiopia,div200,1.1939015959090663e-06,s-1,divergence,200 hPa horizontal divergence computed from CFSv2 u200 and v200.
Aug_2026,north_ethiopia,u850,1.672961820285283,m s**-1,not_classified,850 hPa zonal wind
Aug_2026,north_ethiopia,v850,0.3381727732287887,m s**-1,not_classified,850 hPa meridional wind
Aug_2026,north_ethiopia,q850,0.012449043790141142,kg kg**-1,not_classified,850 hPa specific humidity
Aug_2026,north_ethiopia,wind_speed850,2.601498485372576,m s**-1,not_classified,850 hPa wind speed.
Aug_2026,north_ethiopia,qu850,0.019995825122726588,kg kg-1 m s-1,not_classified,850 hPa zonal moisture flux proxy: q850 * u850.
Aug_2026,north_ethiopia,qv850,0.005631701229720257,kg kg-1 m s-1,not_classified,850 hPa meridional moisture flux proxy: q850 * v850.
Aug_2026,north_ethiopia,mfc850,3.5613426804318286e-08,kg kg-1 s-1 approximately,moisture_convergence,"850 hPa moisture-flux convergence proxy: -div(q850*u850, q850*v850)."
Aug_2026,north_ethiopia,omega500,-0.06810740101576968,Pa s**-1,rising_motion_tendency,500 hPa vertical velocity / omega
Aug_2026,north_ethiopia,omega700,-0.06982852222305495,Pa s**-1,rising_motion_tendency,700 hPa vertical velocity / omega
Aug_2026,north_ethiopia,vp200,9017948.848798485,m**2 s**-1,not_classified,200 hPa velocity potential
Aug_2026,north_ethiopia,strf200,-14846622.8126772,m**2 s**-1,not_classified,200 hPa stream function
Aug_2026,north_ethiopia,z200,12433.242339094246,gpm,not_classified,200 hPa geopotential height
Aug_2026,north_ethiopia,z500,5885.6093276854235,gpm,not_classified,500 hPa geopotential height
Aug_2026,north_ethiopia,sst_proxy,306.57775115966797,K,not_classified,Sea surface temperature or near-surface ocean temperature proxy
Aug_2026,central_ethiopia,u200,-19.41721652424118,m s**-1,easterly_flow,200 hPa zonal wind
Aug_2026,central_ethiopia,v200,0.8214780225175775,m s**-1,not_classified,200 hPa meridional wind
Aug_2026,central_ethiopia,tej_strength,19.41721652424118,m s**-1,moderate_tej,TEJ strength proxy: -u200. Larger positive values indicate stronger easterly flow.
Aug_2026,central_ethiopia,div200,-3.5557209364672556e-07,s-1,convergence,200 hPa horizontal divergence computed from CFSv2 u200 and v200.
Aug_2026,central_ethiopia,u850,0.31786640678577993,m s**-1,not_classified,850 hPa zonal wind
Aug_2026,central_ethiopia,v850,0.9890376631100307,m s**-1,not_classified,850 hPa meridional wind
Aug_2026,central_ethiopia,q850,0.013019014284764444,kg kg**-1,not_classified,850 hPa specific humidity
Aug_2026,central_ethiopia,wind_speed850,1.399971525817278,m s**-1,not_classified,850 hPa wind speed.
Aug_2026,central_ethiopia,qu850,0.004710925865064542,kg kg-1 m s-1,not_classified,850 hPa zonal moisture flux proxy: q850 * u850.
Aug_2026,central_ethiopia,qv850,0.011227923409645872,kg kg-1 m s-1,not_classified,850 hPa meridional moisture flux proxy: q850 * v850.
Aug_2026,central_ethiopia,mfc850,4.745813793406783e-08,kg kg-1 s-1 approximately,moisture_convergence,"850 hPa moisture-flux convergence proxy: -div(q850*u850, q850*v850)."
Aug_2026,central_ethiopia,omega500,-0.047359557283598384,Pa s**-1,rising_motion_tendency,500 hPa vertical velocity / omega
Aug_2026,central_ethiopia,omega700,-0.06078159479217936,Pa s**-1,rising_motion_tendency,700 hPa vertical velocity / omega
Aug_2026,central_ethiopia,vp200,9835343.026517132,m**2 s**-1,not_classified,200 hPa velocity potential
Aug_2026,central_ethiopia,strf200,-21793442.345259834,m**2 s**-1,not_classified,200 hPa stream function
Aug_2026,central_ethiopia,z200,12413.163901538966,gpm,not_classified,200 hPa geopotential height
Aug_2026,central_ethiopia,z500,5876.973859077007,gpm,not_classified,500 hPa geopotential height
Aug_2026,central_ethiopia,sst_proxy,,K,not_classified,Sea surface temperature or near-surface ocean temperature proxy
Aug_2026,west_ethiopia,u200,-18.349840870054408,m s**-1,easterly_flow,200 hPa zonal wind
Aug_2026,west_ethiopia,v200,0.8774134727647885,m s**-1,not_classified,200 hPa meridional wind
Aug_2026,west_ethiopia,tej_strength,18.349840870054408,m s**-1,moderate_tej,TEJ strength proxy: -u200. Larger positive values indicate stronger easterly flow.
Aug_2026,west_ethiopia,div200,2.7523009980388618e-06,s-1,divergence,200 hPa horizontal divergence computed from CFSv2 u200 and v200.
Aug_2026,west_ethiopia,u850,0.5946306995049463,m s**-1,not_classified,850 hPa zonal wind
Aug_2026,west_ethiopia,v850,1.6334797079398613,m s**-1,not_classified,850 hPa meridional wind
Aug_2026,west_ethiopia,q850,0.01240895410252897,kg kg**-1,not_classified,850 hPa specific humidity
Aug_2026,west_ethiopia,wind_speed850,2.0965780408330037,m s**-1,not_classified,850 hPa wind speed.
Aug_2026,west_ethiopia,qu850,0.007827752006479421,kg kg-1 m s-1,not_classified,850 hPa zonal moisture flux proxy: q850 * u850.
Aug_2026,west_ethiopia,qv850,0.019644842465031766,kg kg-1 m s-1,not_classified,850 hPa meridional moisture flux proxy: q850 * v850.
Aug_2026,west_ethiopia,mfc850,-1.226397952728048e-08,kg kg-1 s-1 approximately,moisture_divergence,"850 hPa moisture-flux convergence proxy: -div(q850*u850, q850*v850)."
Aug_2026,west_ethiopia,omega500,-0.06959979524676103,Pa s**-1,rising_motion_tendency,500 hPa vertical velocity / omega
Aug_2026,west_ethiopia,omega700,-0.020428567182097426,Pa s**-1,rising_motion_tendency,700 hPa vertical velocity / omega
Aug_2026,west_ethiopia,vp200,10329487.6471685,m**2 s**-1,not_classified,200 hPa velocity potential
Aug_2026,west_ethiopia,strf200,-22003115.70117881,m**2 s**-1,not_classified,200 hPa stream function
Aug_2026,west_ethiopia,z200,12414.893672605036,gpm,not_classified,200 hPa geopotential height
Aug_2026,west_ethiopia,z500,5879.493647091067,gpm,not_classified,500 hPa geopotential height
Aug_2026,west_ethiopia,sst_proxy,,K,not_classified,Sea surface temperature or near-surface ocean temperature proxy
Aug_2026,east_ethiopia,u200,-20.372700579511456,m s**-1,easterly_flow,200 hPa zonal wind
Aug_2026,east_ethiopia,v200,1.6260096175327658,m s**-1,not_classified,200 hPa meridional wind
Aug_2026,east_ethiopia,tej_strength,20.372700579511456,m s**-1,strong_tej,TEJ strength proxy: -u200. Larger positive values indicate stronger easterly flow.
Aug_2026,east_ethiopia,div200,-6.99779440654953e-07,s-1,convergence,200 hPa horizontal divergence computed from CFSv2 u200 and v200.
Aug_2026,east_ethiopia,u850,4.54178402952134,m s**-1,not_classified,850 hPa zonal wind
Aug_2026,east_ethiopia,v850,6.318168788502504,m s**-1,not_classified,850 hPa meridional wind
Aug_2026,east_ethiopia,q850,0.009910506523317542,kg kg**-1,not_classified,850 hPa specific humidity
Aug_2026,east_ethiopia,wind_speed850,8.300986744588359,m s**-1,not_classified,850 hPa wind speed.
Aug_2026,east_ethiopia,qu850,0.044953342836583705,kg kg-1 m s-1,not_classified,850 hPa zonal moisture flux proxy: q850 * u850.
Aug_2026,east_ethiopia,qv850,0.0622657084355218,kg kg-1 m s-1,not_classified,850 hPa meridional moisture flux proxy: q850 * v850.
Aug_2026,east_ethiopia,mfc850,2.4814038249366813e-08,kg kg-1 s-1 approximately,moisture_convergence,"850 hPa moisture-flux convergence proxy: -div(q850*u850, q850*v850)."
Aug_2026,east_ethiopia,omega500,0.02750103699318838,Pa s**-1,subsidence_tendency,500 hPa vertical velocity / omega
Aug_2026,east_ethiopia,omega700,0.0006334425728707427,Pa s**-1,subsidence_tendency,700 hPa vertical velocity / omega
Aug_2026,east_ethiopia,vp200,8333312.4253117675,m**2 s**-1,not_classified,200 hPa velocity potential
Aug_2026,east_ethiopia,strf200,-20453122.74451865,m**2 s**-1,not_classified,200 hPa stream function
Aug_2026,east_ethiopia,z200,12411.925183777395,gpm,not_classified,200 hPa geopotential height
Aug_2026,east_ethiopia,z500,5870.515542442915,gpm,not_classified,500 hPa geopotential height
Aug_2026,east_ethiopia,sst_proxy,302.0827591855093,K,not_classified,Sea surface temperature or near-surface ocean temperature proxy
Aug_2026,greater_horn,u200,-6.546243070798936,m s**-1,easterly_flow,200 hPa zonal wind
Aug_2026,greater_horn,v200,-0.06815931346756622,m s**-1,not_classified,200 hPa meridional wind
Aug_2026,greater_horn,tej_strength,6.546243070798936,m s**-1,weak_tej,TEJ strength proxy: -u200. Larger positive values indicate stronger easterly flow.
Aug_2026,greater_horn,div200,-1.2391882755366257e-06,s-1,convergence,200 hPa horizontal divergence computed from CFSv2 u200 and v200.
Aug_2026,greater_horn,u850,-0.7647378706684983,m s**-1,not_classified,850 hPa zonal wind
Aug_2026,greater_horn,v850,2.126443895293066,m s**-1,not_classified,850 hPa meridional wind
Aug_2026,greater_horn,q850,0.00824348860074259,kg kg**-1,not_classified,850 hPa specific humidity
Aug_2026,greater_horn,wind_speed850,6.070560173810999,m s**-1,not_classified,850 hPa wind speed.
Aug_2026,greater_horn,qu850,-0.00013705969492705918,kg kg-1 m s-1,not_classified,850 hPa zonal moisture flux proxy: q850 * u850.
Aug_2026,greater_horn,qv850,0.02092415155797542,kg kg-1 m s-1,not_classified,850 hPa meridional moisture flux proxy: q850 * v850.
Aug_2026,greater_horn,mfc850,-9.420189493088473e-10,kg kg-1 s-1 approximately,moisture_divergence,"850 hPa moisture-flux convergence proxy: -div(q850*u850, q850*v850)."
Aug_2026,greater_horn,omega500,0.010539685916099448,Pa s**-1,subsidence_tendency,500 hPa vertical velocity / omega
Aug_2026,greater_horn,omega700,-0.001706492515503437,Pa s**-1,rising_motion_tendency,700 hPa vertical velocity / omega
Aug_2026,greater_horn,vp200,11088561.6837467,m**2 s**-1,not_classified,200 hPa velocity potential
Aug_2026,greater_horn,strf200,-21363955.23900869,m**2 s**-1,not_classified,200 hPa stream function
Aug_2026,greater_horn,z200,12419.1907117215,gpm,not_classified,200 hPa geopotential height
Aug_2026,greater_horn,z500,5880.289468687598,gpm,not_classified,500 hPa geopotential height
Aug_2026,greater_horn,sst_proxy,299.81177912400057,K,not_classified,Sea surface temperature or near-surface ocean temperature proxy
Aug_2026,east_africa,u200,-6.461804337032399,m s**-1,easterly_flow,200 hPa zonal wind
Aug_2026,east_africa,v200,-0.5275572735303619,m s**-1,not_classified,200 hPa meridional wind
Aug_2026,east_africa,tej_strength,6.461804337032399,m s**-1,weak_tej,TEJ strength proxy: -u200. Larger positive values indicate stronger easterly flow.
Aug_2026,east_africa,div200,-1.3451566968085028e-06,s-1,convergence,200 hPa horizontal divergence computed from CFSv2 u200 and v200.
Aug_2026,east_africa,u850,-0.6499498681114072,m s**-1,not_classified,850 hPa zonal wind
Aug_2026,east_africa,v850,2.9090261014230507,m s**-1,not_classified,850 hPa meridional wind
Aug_2026,east_africa,q850,0.008688083389587868,kg kg**-1,not_classified,850 hPa specific humidity
Aug_2026,east_africa,wind_speed850,6.1579550027619785,m s**-1,not_classified,850 hPa wind speed.
Aug_2026,east_africa,qu850,0.0009453545486894293,kg kg-1 m s-1,not_classified,850 hPa zonal moisture flux proxy: q850 * u850.
Aug_2026,east_africa,qv850,0.026121792009270242,kg kg-1 m s-1,not_classified,850 hPa meridional moisture flux proxy: q850 * v850.
Aug_2026,east_africa,mfc850,-5.15599513851738e-10,kg kg-1 s-1 approximately,moisture_divergence,"850 hPa moisture-flux convergence proxy: -div(q850*u850, q850*v850)."
Aug_2026,east_africa,omega500,0.009215376402164655,Pa s**-1,subsidence_tendency,500 hPa vertical velocity / omega
Aug_2026,east_africa,omega700,-0.0027145785792840153,Pa s**-1,rising_motion_tendency,700 hPa vertical velocity / omega
Aug_2026,east_africa,vp200,11534574.764792906,m**2 s**-1,not_classified,200 hPa velocity potential
Aug_2026,east_africa,strf200,-23968336.48091128,m**2 s**-1,not_classified,200 hPa stream function
Aug_2026,east_africa,z200,12408.723500259912,gpm,not_classified,200 hPa geopotential height
Aug_2026,east_africa,z500,5875.525551180494,gpm,not_classified,500 hPa geopotential height
Aug_2026,east_africa,sst_proxy,299.71034553924494,K,not_classified,Sea surface temperature or near-surface ocean temperature proxy
Aug_2026,atlantic_congo_ethiopia,u200,2.03127368961608,m s**-1,westerly_flow,200 hPa zonal wind
Aug_2026,atlantic_congo_ethiopia,v200,-0.6920330469392862,m s**-1,not_classified,200 hPa meridional wind
Aug_2026,atlantic_congo_ethiopia,tej_strength,-2.03127368961608,m s**-1,no_easterly_tej,TEJ strength proxy: -u200. Larger positive values indicate stronger easterly flow.
Aug_2026,atlantic_congo_ethiopia,div200,-1.0683609509340148e-06,s-1,convergence,200 hPa horizontal divergence computed from CFSv2 u200 and v200.
Aug_2026,atlantic_congo_ethiopia,u850,-1.0566165662276226,m s**-1,not_classified,850 hPa zonal wind
Aug_2026,atlantic_congo_ethiopia,v850,1.641176182413159,m s**-1,not_classified,850 hPa meridional wind
Aug_2026,atlantic_congo_ethiopia,q850,0.00807706740977408,kg kg**-1,not_classified,850 hPa specific humidity
Aug_2026,atlantic_congo_ethiopia,wind_speed850,4.130533124532489,m s**-1,not_classified,850 hPa wind speed.
Aug_2026,atlantic_congo_ethiopia,qu850,-0.0032596199620680655,kg kg-1 m s-1,not_classified,850 hPa zonal moisture flux proxy: q850 * u850.
Aug_2026,atlantic_congo_ethiopia,qv850,0.012280219644812103,kg kg-1 m s-1,not_classified,850 hPa meridional moisture flux proxy: q850 * v850.
Aug_2026,atlantic_congo_ethiopia,mfc850,-1.216504703646583e-09,kg kg-1 s-1 approximately,moisture_divergence,"850 hPa moisture-flux convergence proxy: -div(q850*u850, q850*v850)."
Aug_2026,atlantic_congo_ethiopia,omega500,0.00562168138680863,Pa s**-1,subsidence_tendency,500 hPa vertical velocity / omega
Aug_2026,atlantic_congo_ethiopia,omega700,-0.0009741191856052684,Pa s**-1,rising_motion_tendency,700 hPa vertical velocity / omega
Aug_2026,atlantic_congo_ethiopia,vp200,12839067.696406575,m**2 s**-1,not_classified,200 hPa velocity potential
Aug_2026,atlantic_congo_ethiopia,strf200,-25121995.452165503,m**2 s**-1,not_classified,200 hPa stream function
Aug_2026,atlantic_congo_ethiopia,z200,12391.561358456871,gpm,not_classified,200 hPa geopotential height
Aug_2026,atlantic_congo_ethiopia,z500,5874.020420767693,gpm,not_classified,500 hPa geopotential height
Aug_2026,atlantic_congo_ethiopia,sst_proxy,297.4848279927415,K,not_classified,Sea surface temperature or near-surface ocean temperature proxy
Aug_2026,congo_moisture_corridor,u200,-7.7091292184329685,m s**-1,easterly_flow,200 hPa zonal wind
Aug_2026,congo_moisture_corridor,v200,-1.1839603089671937,m s**-1,not_classified,200 hPa meridional wind
Aug_2026,congo_moisture_corridor,tej_strength,7.7091292184329685,m s**-1,weak_tej,TEJ strength proxy: -u200. Larger positive values indicate stronger easterly flow.
Aug_2026,congo_moisture_corridor,div200,4.359896500356905e-07,s-1,divergence,200 hPa horizontal divergence computed from CFSv2 u200 and v200.
Aug_2026,congo_moisture_corridor,u850,0.23390624749377378,m s**-1,not_classified,850 hPa zonal wind
Aug_2026,congo_moisture_corridor,v850,0.6202885303430551,m s**-1,not_classified,850 hPa meridional wind
Aug_2026,congo_moisture_corridor,q850,0.0107980785452839,kg kg**-1,not_classified,850 hPa specific humidity
Aug_2026,congo_moisture_corridor,wind_speed850,2.2733564532568686,m s**-1,not_classified,850 hPa wind speed.
Aug_2026,congo_moisture_corridor,qu850,0.004419211768145914,kg kg-1 m s-1,not_classified,850 hPa zonal moisture flux proxy: q850 * u850.
Aug_2026,congo_moisture_corridor,qv850,0.005840191472741484,kg kg-1 m s-1,not_classified,850 hPa meridional moisture flux proxy: q850 * v850.
Aug_2026,congo_moisture_corridor,mfc850,9.872029762769006e-09,kg kg-1 s-1 approximately,moisture_convergence,"850 hPa moisture-flux convergence proxy: -div(q850*u850, q850*v850)."
Aug_2026,congo_moisture_corridor,omega500,-0.012515063834405541,Pa s**-1,rising_motion_tendency,500 hPa vertical velocity / omega
Aug_2026,congo_moisture_corridor,omega700,-0.017378813680713447,Pa s**-1,rising_motion_tendency,700 hPa vertical velocity / omega
Aug_2026,congo_moisture_corridor,vp200,12561344.89473682,m**2 s**-1,not_classified,200 hPa velocity potential
Aug_2026,congo_moisture_corridor,strf200,-31003855.12136004,m**2 s**-1,not_classified,200 hPa stream function
Aug_2026,congo_moisture_corridor,z200,12402.36537493886,gpm,not_classified,200 hPa geopotential height
Aug_2026,congo_moisture_corridor,z500,5873.377880026494,gpm,not_classified,500 hPa geopotential height
Aug_2026,congo_moisture_corridor,sst_proxy,,K,not_classified,Sea surface temperature or near-surface ocean temperature proxy
Aug_2026,western_moisture_entry,u200,-13.983796304398341,m s**-1,easterly_flow,200 hPa zonal wind
Aug_2026,western_moisture_entry,v200,-0.16690406967574098,m s**-1,not_classified,200 hPa meridional wind
Aug_2026,western_moisture_entry,tej_strength,13.983796304398341,m s**-1,moderate_tej,TEJ strength proxy: -u200. Larger positive values indicate stronger easterly flow.
Aug_2026,western_moisture_entry,div200,6.718089089884269e-07,s-1,divergence,200 hPa horizontal divergence computed from CFSv2 u200 and v200.
Aug_2026,western_moisture_entry,u850,0.04180261364367426,m s**-1,not_classified,850 hPa zonal wind
Aug_2026,western_moisture_entry,v850,0.7062686072869219,m s**-1,not_classified,850 hPa meridional wind
Aug_2026,western_moisture_entry,q850,0.011530539996424522,kg kg**-1,not_classified,850 hPa specific humidity
Aug_2026,western_moisture_entry,wind_speed850,2.0374722569536874,m s**-1,not_classified,850 hPa wind speed.
Aug_2026,western_moisture_entry,qu850,0.0019113597294835422,kg kg-1 m s-1,not_classified,850 hPa zonal moisture flux proxy: q850 * u850.
Aug_2026,western_moisture_entry,qv850,0.008487878783301808,kg kg-1 m s-1,not_classified,850 hPa meridional moisture flux proxy: q850 * v850.
Aug_2026,western_moisture_entry,mfc850,-1.2924383742449774e-08,kg kg-1 s-1 approximately,moisture_divergence,"850 hPa moisture-flux convergence proxy: -div(q850*u850, q850*v850)."
Aug_2026,western_moisture_entry,omega500,-0.027135541310537366,Pa s**-1,rising_motion_tendency,500 hPa vertical velocity / omega
Aug_2026,western_moisture_entry,omega700,-0.007248591158716989,Pa s**-1,rising_motion_tendency,700 hPa vertical velocity / omega
Aug_2026,western_moisture_entry,vp200,11517277.198807303,m**2 s**-1,not_classified,200 hPa velocity potential
Aug_2026,western_moisture_entry,strf200,-27385901.634681843,m**2 s**-1,not_classified,200 hPa stream function
Aug_2026,western_moisture_entry,z200,12406.585491040845,gpm,not_classified,200 hPa geopotential height
Aug_2026,western_moisture_entry,z500,5876.161640102846,gpm,not_classified,500 hPa geopotential height
Aug_2026,western_moisture_entry,sst_proxy,,K,not_classified,Sea surface temperature or near-surface ocean temperature proxy
Aug_2026,western_indian_ocean,u200,-10.439413641574443,m s**-1,easterly_flow,200 hPa zonal wind
Aug_2026,western_indian_ocean,v200,-3.068702922440389,m s**-1,not_classified,200 hPa meridional wind
Aug_2026,western_indian_ocean,tej_strength,10.439413641574443,m s**-1,moderate_tej,TEJ strength proxy: -u200. Larger positive values indicate stronger easterly flow.
Aug_2026,western_indian_ocean,div200,1.0623036777523053e-06,s-1,divergence,200 hPa horizontal divergence computed from CFSv2 u200 and v200.
Aug_2026,western_indian_ocean,u850,1.468192494859094,m s**-1,not_classified,850 hPa zonal wind
Aug_2026,western_indian_ocean,v850,4.649054677268486,m s**-1,not_classified,850 hPa meridional wind
Aug_2026,western_indian_ocean,q850,0.008983896992550606,kg kg**-1,not_classified,850 hPa specific humidity
Aug_2026,western_indian_ocean,wind_speed850,9.163032699882704,m s**-1,not_classified,850 hPa wind speed.
Aug_2026,western_indian_ocean,qu850,0.018075160974542592,kg kg-1 m s-1,not_classified,850 hPa zonal moisture flux proxy: q850 * u850.
Aug_2026,western_indian_ocean,qv850,0.04046880837143975,kg kg-1 m s-1,not_classified,850 hPa meridional moisture flux proxy: q850 * v850.
Aug_2026,western_indian_ocean,mfc850,-1.2012093990415353e-08,kg kg-1 s-1 approximately,moisture_divergence,"850 hPa moisture-flux convergence proxy: -div(q850*u850, q850*v850)."
Aug_2026,western_indian_ocean,omega500,0.009687612804962175,Pa s**-1,subsidence_tendency,500 hPa vertical velocity / omega
Aug_2026,western_indian_ocean,omega700,0.013920193314224996,Pa s**-1,subsidence_tendency,700 hPa vertical velocity / omega
Aug_2026,western_indian_ocean,vp200,5679322.270433426,m**2 s**-1,not_classified,200 hPa velocity potential
Aug_2026,western_indian_ocean,strf200,-24718841.328372154,m**2 s**-1,not_classified,200 hPa stream function
Aug_2026,western_indian_ocean,z200,12403.685752035633,gpm,not_classified,200 hPa geopotential height
Aug_2026,western_indian_ocean,z500,5865.389518459339,gpm,not_classified,500 hPa geopotential height
Aug_2026,western_indian_ocean,sst_proxy,300.0426328003916,K,not_classified,Sea surface temperature or near-surface ocean temperature proxy
Aug_2026,arabia_red_sea,u200,-12.202591880584936,m s**-1,easterly_flow,200 hPa zonal wind
Aug_2026,arabia_red_sea,v200,1.9096981323291073,m s**-1,not_classified,200 hPa meridional wind
Aug_2026,arabia_red_sea,tej_strength,12.202591880584936,m s**-1,moderate_tej,TEJ strength proxy: -u200. Larger positive values indicate stronger easterly flow.
Aug_2026,arabia_red_sea,div200,-3.156901258442171e-07,s-1,convergence,200 hPa horizontal divergence computed from CFSv2 u200 and v200.
Aug_2026,arabia_red_sea,u850,2.393125622602293,m s**-1,not_classified,850 hPa zonal wind
Aug_2026,arabia_red_sea,v850,0.17954755568333686,m s**-1,not_classified,850 hPa meridional wind
Aug_2026,arabia_red_sea,q850,0.007096098329684361,kg kg**-1,not_classified,850 hPa specific humidity
Aug_2026,arabia_red_sea,wind_speed850,5.365560162761546,m s**-1,not_classified,850 hPa wind speed.
Aug_2026,arabia_red_sea,qu850,0.02385217815147626,kg kg-1 m s-1,not_classified,850 hPa zonal moisture flux proxy: q850 * u850.
Aug_2026,arabia_red_sea,qv850,0.008386845304704788,kg kg-1 m s-1,not_classified,850 hPa meridional moisture flux proxy: q850 * v850.
Aug_2026,arabia_red_sea,mfc850,1.5190291202797842e-08,kg kg-1 s-1 approximately,moisture_convergence,"850 hPa moisture-flux convergence proxy: -div(q850*u850, q850*v850)."
Aug_2026,arabia_red_sea,omega500,0.0010861227554960532,Pa s**-1,subsidence_tendency,500 hPa vertical velocity / omega
Aug_2026,arabia_red_sea,omega700,-0.032716011026284325,Pa s**-1,rising_motion_tendency,700 hPa vertical velocity / omega
Aug_2026,arabia_red_sea,vp200,5477104.140292457,m**2 s**-1,not_classified,200 hPa velocity potential
Aug_2026,arabia_red_sea,strf200,-2667430.049033686,m**2 s**-1,not_classified,200 hPa stream function
Aug_2026,arabia_red_sea,z200,12485.020850916466,gpm,not_classified,200 hPa geopotential height
Aug_2026,arabia_red_sea,z500,5897.452145229314,gpm,not_classified,500 hPa geopotential height
Aug_2026,arabia_red_sea,sst_proxy,300.4890341952456,K,not_classified,Sea surface temperature or near-surface ocean temperature proxy
Aug_2026,north_africa_arabia,u200,-5.018065948399029,m s**-1,easterly_flow,200 hPa zonal wind
Aug_2026,north_africa_arabia,v200,3.550784697446788,m s**-1,not_classified,200 hPa meridional wind
Aug_2026,north_africa_arabia,tej_strength,5.018065948399029,m s**-1,weak_tej,TEJ strength proxy: -u200. Larger positive values indicate stronger easterly flow.
Aug_2026,north_africa_arabia,div200,-6.894460992383262e-07,s-1,convergence,200 hPa horizontal divergence computed from CFSv2 u200 and v200.
Aug_2026,north_africa_arabia,u850,0.36851701801903153,m s**-1,not_classified,850 hPa zonal wind
Aug_2026,north_africa_arabia,v850,-1.2982606626983058,m s**-1,not_classified,850 hPa meridional wind
Aug_2026,north_africa_arabia,q850,0.00692295180516482,kg kg**-1,not_classified,850 hPa specific humidity
Aug_2026,north_africa_arabia,wind_speed850,4.936720169501786,m s**-1,not_classified,850 hPa wind speed.
Aug_2026,north_africa_arabia,qu850,0.007705679176886578,kg kg-1 m s-1,not_classified,850 hPa zonal moisture flux proxy: q850 * u850.
Aug_2026,north_africa_arabia,qv850,-0.002930255453413623,kg kg-1 m s-1,not_classified,850 hPa meridional moisture flux proxy: q850 * v850.
Aug_2026,north_africa_arabia,mfc850,8.116303714481925e-09,kg kg-1 s-1 approximately,moisture_convergence,"850 hPa moisture-flux convergence proxy: -div(q850*u850, q850*v850)."
Aug_2026,north_africa_arabia,omega500,0.01487586959757943,Pa s**-1,subsidence_tendency,500 hPa vertical velocity / omega
Aug_2026,north_africa_arabia,omega700,-0.0075851660775810405,Pa s**-1,rising_motion_tendency,700 hPa vertical velocity / omega
Aug_2026,north_africa_arabia,vp200,7636682.424544597,m**2 s**-1,not_classified,200 hPa velocity potential
Aug_2026,north_africa_arabia,strf200,-8325409.743865726,m**2 s**-1,not_classified,200 hPa stream function
Aug_2026,north_africa_arabia,z200,12467.969685101265,gpm,not_classified,200 hPa geopotential height
Aug_2026,north_africa_arabia,z500,5900.607131707388,gpm,not_classified,500 hPa geopotential height
Aug_2026,north_africa_arabia,sst_proxy,300.15249315889935,K,not_classified,Sea surface temperature or near-surface ocean temperature proxy
Aug_2026,tej_core,u200,-17.84009639485072,m s**-1,easterly_flow,200 hPa zonal wind
Aug_2026,tej_core,v200,0.5707427708130081,m s**-1,not_classified,200 hPa meridional wind
Aug_2026,tej_core,tej_strength,17.84009639485072,m s**-1,moderate_tej,TEJ strength proxy: -u200. Larger positive values indicate stronger easterly flow.
Aug_2026,tej_core,div200,1.0625843629169509e-06,s-1,divergence,200 hPa horizontal divergence computed from CFSv2 u200 and v200.
Aug_2026,tej_core,u850,6.395689618629711,m s**-1,not_classified,850 hPa zonal wind
Aug_2026,tej_core,v850,1.0156772789669768,m s**-1,not_classified,850 hPa meridional wind
Aug_2026,tej_core,q850,0.010390315642935766,kg kg**-1,not_classified,850 hPa specific humidity
Aug_2026,tej_core,wind_speed850,8.197724631992767,m s**-1,not_classified,850 hPa wind speed.
Aug_2026,tej_core,qu850,0.06919413593405792,kg kg-1 m s-1,not_classified,850 hPa zonal moisture flux proxy: q850 * u850.
Aug_2026,tej_core,qv850,0.010929705491190376,kg kg-1 m s-1,not_classified,850 hPa meridional moisture flux proxy: q850 * v850.
Aug_2026,tej_core,mfc850,4.918509234513884e-09,kg kg-1 s-1 approximately,moisture_convergence,"850 hPa moisture-flux convergence proxy: -div(q850*u850, q850*v850)."
Aug_2026,tej_core,omega500,-0.009990477705185609,Pa s**-1,rising_motion_tendency,500 hPa vertical velocity / omega
Aug_2026,tej_core,omega700,-0.02161154596038646,Pa s**-1,rising_motion_tendency,700 hPa vertical velocity / omega
Aug_2026,tej_core,vp200,180372.52136059565,m**2 s**-1,not_classified,200 hPa velocity potential
Aug_2026,tej_core,strf200,-11642807.932248637,m**2 s**-1,not_classified,200 hPa stream function
Aug_2026,tej_core,z200,12443.787889039702,gpm,not_classified,200 hPa geopotential height
Aug_2026,tej_core,z500,5870.8236059610135,gpm,not_classified,500 hPa geopotential height
Aug_2026,tej_core,sst_proxy,301.1230022107462,K,not_classified,Sea surface temperature or near-surface ocean temperature proxy
Aug_2026,somali_jet_box,u200,-12.368231911927861,m s**-1,easterly_flow,200 hPa zonal wind
Aug_2026,somali_jet_box,v200,-0.8873348126215923,m s**-1,not_classified,200 hPa meridional wind
Aug_2026,somali_jet_box,tej_strength,12.368231911927861,m s**-1,moderate_tej,TEJ strength proxy: -u200. Larger positive values indicate stronger easterly flow.
Aug_2026,somali_jet_box,div200,-7.556791852212887e-07,s-1,convergence,200 hPa horizontal divergence computed from CFSv2 u200 and v200.
Aug_2026,somali_jet_box,u850,2.2078994366635927,m s**-1,not_classified,850 hPa zonal wind
Aug_2026,somali_jet_box,v850,7.3911892681182785,m s**-1,not_classified,850 hPa meridional wind
Aug_2026,somali_jet_box,q850,0.008935636751214279,kg kg**-1,not_classified,850 hPa specific humidity
Aug_2026,somali_jet_box,wind_speed850,10.199192655502241,m s**-1,not_classified,850 hPa wind speed.
Aug_2026,somali_jet_box,qu850,0.02429887518944532,kg kg-1 m s-1,not_classified,850 hPa zonal moisture flux proxy: q850 * u850.
Aug_2026,somali_jet_box,qv850,0.06501107943810364,kg kg-1 m s-1,not_classified,850 hPa meridional moisture flux proxy: q850 * v850.
Aug_2026,somali_jet_box,mfc850,-2.2413260061102357e-08,kg kg-1 s-1 approximately,moisture_divergence,"850 hPa moisture-flux convergence proxy: -div(q850*u850, q850*v850)."
Aug_2026,somali_jet_box,omega500,0.02262295483656648,Pa s**-1,subsidence_tendency,500 hPa vertical velocity / omega
Aug_2026,somali_jet_box,omega700,0.023875466857331384,Pa s**-1,subsidence_tendency,700 hPa vertical velocity / omega
Aug_2026,somali_jet_box,vp200,8797665.26632547,m**2 s**-1,not_classified,200 hPa velocity potential
Aug_2026,somali_jet_box,strf200,-24230246.54083567,m**2 s**-1,not_classified,200 hPa stream function
Aug_2026,somali_jet_box,z200,12404.880291589352,gpm,not_classified,200 hPa geopotential height
Aug_2026,somali_jet_box,z500,5867.5507260227205,gpm,not_classified,500 hPa geopotential height
Aug_2026,somali_jet_box,sst_proxy,299.67962150952667,K,not_classified,Sea surface temperature or near-surface ocean temperature proxy
Aug_2026,turkana_corridor,u200,-5.3965580557327515,m s**-1,easterly_flow,200 hPa zonal wind
Aug_2026,turkana_corridor,v200,-0.7873692011808128,m s**-1,not_classified,200 hPa meridional wind
Aug_2026,turkana_corridor,tej_strength,5.3965580557327515,m s**-1,weak_tej,TEJ strength proxy: -u200. Larger positive values indicate stronger easterly flow.
Aug_2026,turkana_corridor,div200,-2.3931686731025668e-06,s-1,convergence,200 hPa horizontal divergence computed from CFSv2 u200 and v200.
Aug_2026,turkana_corridor,u850,-3.0479782385242356,m s**-1,not_classified,850 hPa zonal wind
Aug_2026,turkana_corridor,v850,4.954038279700461,m s**-1,not_classified,850 hPa meridional wind
Aug_2026,turkana_corridor,q850,0.009258606549308554,kg kg**-1,not_classified,850 hPa specific humidity
Aug_2026,turkana_corridor,wind_speed850,6.464755210835656,m s**-1,not_classified,850 hPa wind speed.
Aug_2026,turkana_corridor,qu850,-0.02808330327886381,kg kg-1 m s-1,not_classified,850 hPa zonal moisture flux proxy: q850 * u850.
Aug_2026,turkana_corridor,qv850,0.044925563167788896,kg kg-1 m s-1,not_classified,850 hPa meridional moisture flux proxy: q850 * v850.
Aug_2026,turkana_corridor,mfc850,-1.8892093825275984e-08,kg kg-1 s-1 approximately,moisture_divergence,"850 hPa moisture-flux convergence proxy: -div(q850*u850, q850*v850)."
Aug_2026,turkana_corridor,omega500,0.03752937874683442,Pa s**-1,subsidence_tendency,500 hPa vertical velocity / omega
Aug_2026,turkana_corridor,omega700,0.030985786925817542,Pa s**-1,subsidence_tendency,700 hPa vertical velocity / omega
Aug_2026,turkana_corridor,vp200,13222015.172754582,m**2 s**-1,not_classified,200 hPa velocity potential
Aug_2026,turkana_corridor,strf200,-32972092.743751228,m**2 s**-1,not_classified,200 hPa stream function
Aug_2026,turkana_corridor,z200,12392.374960139976,gpm,not_classified,200 hPa geopotential height
Aug_2026,turkana_corridor,z500,5869.651036746649,gpm,not_classified,500 hPa geopotential height
Aug_2026,turkana_corridor,sst_proxy,298.459687389629,K,not_classified,Sea surface temperature or near-surface ocean temperature proxy
Aug_2026,nino34,sst_proxy,301.1247858638625,K,raw_sst_proxy_mean,CFSv2 raw SST proxy area mean; not an anomaly unless climatology is subtracted.
Aug_2026,iod_west,sst_proxy,300.938696930589,K,raw_sst_proxy_mean,CFSv2 raw SST proxy area mean; not an anomaly unless climatology is subtracted.
Aug_2026,iod_east,sst_proxy,301.6005061888979,K,raw_sst_proxy_mean,CFSv2 raw SST proxy area mean; not an anomaly unless climatology is subtracted.
Aug_2026,iod_west_minus_iod_east,dmi_raw_sst_proxy,-0.6618092583088924,K,raw_gradient_not_anomaly,Raw west-minus-east Indian Ocean SST proxy. This is not an official DMI anomaly.
Sep_2026,ethiopia,u200,-7.36684629984207,m s**-1,easterly_flow,200 hPa zonal wind
Sep_2026,ethiopia,v200,3.137833083023387,m s**-1,not_classified,200 hPa meridional wind
Sep_2026,ethiopia,tej_strength,7.36684629984207,m s**-1,weak_tej,TEJ strength proxy: -u200. Larger positive values indicate stronger easterly flow.
Sep_2026,ethiopia,div200,-1.6615227309793517e-06,s-1,convergence,200 hPa horizontal divergence computed from CFSv2 u200 and v200.
Sep_2026,ethiopia,u850,-0.05047223314844818,m s**-1,not_classified,850 hPa zonal wind
Sep_2026,ethiopia,v850,3.1884782073857676,m s**-1,not_classified,850 hPa meridional wind
Sep_2026,ethiopia,q850,0.01001710789690478,kg kg**-1,not_classified,850 hPa specific humidity
Sep_2026,ethiopia,wind_speed850,4.326793311152105,m s**-1,not_classified,850 hPa wind speed.
Sep_2026,ethiopia,qu850,0.0001438726227284096,kg kg-1 m s-1,not_classified,850 hPa zonal moisture flux proxy: q850 * u850.
Sep_2026,ethiopia,qv850,0.031732159956944284,kg kg-1 m s-1,not_classified,850 hPa meridional moisture flux proxy: q850 * v850.
Sep_2026,ethiopia,mfc850,2.7579004620495643e-09,kg kg-1 s-1 approximately,moisture_convergence,"850 hPa moisture-flux convergence proxy: -div(q850*u850, q850*v850)."
Sep_2026,ethiopia,omega500,0.015645171576362863,Pa s**-1,subsidence_tendency,500 hPa vertical velocity / omega
Sep_2026,ethiopia,omega700,-0.009223644103359635,Pa s**-1,rising_motion_tendency,700 hPa vertical velocity / omega
Sep_2026,ethiopia,vp200,9407675.321924975,m**2 s**-1,not_classified,200 hPa velocity potential
Sep_2026,ethiopia,strf200,-20196830.37823268,m**2 s**-1,not_classified,200 hPa stream function
Sep_2026,ethiopia,z200,12395.623014418143,gpm,not_classified,200 hPa geopotential height
Sep_2026,ethiopia,z500,5869.266487616594,gpm,not_classified,500 hPa geopotential height
Sep_2026,ethiopia,sst_proxy,302.95240701717853,K,not_classified,Sea surface temperature or near-surface ocean temperature proxy
Sep_2026,ethiopia_highlands_broad,u200,-7.591056159221253,m s**-1,easterly_flow,200 hPa zonal wind
Sep_2026,ethiopia_highlands_broad,v200,3.490401693213257,m s**-1,not_classified,200 hPa meridional wind
Sep_2026,ethiopia_highlands_broad,tej_strength,7.591056159221253,m s**-1,weak_tej,TEJ strength proxy: -u200. Larger positive values indicate stronger easterly flow.
Sep_2026,ethiopia_highlands_broad,div200,-9.180568053459356e-07,s-1,convergence,200 hPa horizontal divergence computed from CFSv2 u200 and v200.
Sep_2026,ethiopia_highlands_broad,u850,-0.8139296735741983,m s**-1,not_classified,850 hPa zonal wind
Sep_2026,ethiopia_highlands_broad,v850,1.3043192570776854,m s**-1,not_classified,850 hPa meridional wind
Sep_2026,ethiopia_highlands_broad,q850,0.010921669873982116,kg kg**-1,not_classified,850 hPa specific humidity
Sep_2026,ethiopia_highlands_broad,wind_speed850,1.9833649767917103,m s**-1,not_classified,850 hPa wind speed.
Sep_2026,ethiopia_highlands_broad,qu850,-0.00799211712863402,kg kg-1 m s-1,not_classified,850 hPa zonal moisture flux proxy: q850 * u850.
Sep_2026,ethiopia_highlands_broad,qv850,0.013533272381464151,kg kg-1 m s-1,not_classified,850 hPa meridional moisture flux proxy: q850 * v850.
Sep_2026,ethiopia_highlands_broad,mfc850,2.502959765383303e-08,kg kg-1 s-1 approximately,moisture_convergence,"850 hPa moisture-flux convergence proxy: -div(q850*u850, q850*v850)."
Sep_2026,ethiopia_highlands_broad,omega500,-0.0026489286682586997,Pa s**-1,rising_motion_tendency,500 hPa vertical velocity / omega
Sep_2026,ethiopia_highlands_broad,omega700,-0.03685581263870723,Pa s**-1,rising_motion_tendency,700 hPa vertical velocity / omega
Sep_2026,ethiopia_highlands_broad,vp200,9407914.54139814,m**2 s**-1,not_classified,200 hPa velocity potential
Sep_2026,ethiopia_highlands_broad,strf200,-20942867.21761006,m**2 s**-1,not_classified,200 hPa stream function
Sep_2026,ethiopia_highlands_broad,z200,12394.754359221199,gpm,not_classified,200 hPa geopotential height
Sep_2026,ethiopia_highlands_broad,z500,5871.780205022788,gpm,not_classified,500 hPa geopotential height
Sep_2026,ethiopia_highlands_broad,sst_proxy,,K,not_classified,Sea surface temperature or near-surface ocean temperature proxy
Sep_2026,north_ethiopia,u200,-9.517892755916483,m s**-1,easterly_flow,200 hPa zonal wind
Sep_2026,north_ethiopia,v200,4.485147281177108,m s**-1,not_classified,200 hPa meridional wind
Sep_2026,north_ethiopia,tej_strength,9.517892755916483,m s**-1,weak_tej,TEJ strength proxy: -u200. Larger positive values indicate stronger easterly flow.
Sep_2026,north_ethiopia,div200,-2.785117341244694e-07,s-1,convergence,200 hPa horizontal divergence computed from CFSv2 u200 and v200.
Sep_2026,north_ethiopia,u850,-0.6014357934941524,m s**-1,not_classified,850 hPa zonal wind
Sep_2026,north_ethiopia,v850,0.5081945012076851,m s**-1,not_classified,850 hPa meridional wind
Sep_2026,north_ethiopia,q850,0.010317436957553784,kg kg**-1,not_classified,850 hPa specific humidity
Sep_2026,north_ethiopia,wind_speed850,1.3695612059730404,m s**-1,not_classified,850 hPa wind speed.
Sep_2026,north_ethiopia,qu850,-0.005200213617570037,kg kg-1 m s-1,not_classified,850 hPa zonal moisture flux proxy: q850 * u850.
Sep_2026,north_ethiopia,qv850,0.005201681526958919,kg kg-1 m s-1,not_classified,850 hPa meridional moisture flux proxy: q850 * v850.
Sep_2026,north_ethiopia,mfc850,2.960892699811879e-08,kg kg-1 s-1 approximately,moisture_convergence,"850 hPa moisture-flux convergence proxy: -div(q850*u850, q850*v850)."
Sep_2026,north_ethiopia,omega500,-0.002852146189486401,Pa s**-1,rising_motion_tendency,500 hPa vertical velocity / omega
Sep_2026,north_ethiopia,omega700,-0.03173485279640139,Pa s**-1,rising_motion_tendency,700 hPa vertical velocity / omega
Sep_2026,north_ethiopia,vp200,8998066.055847527,m**2 s**-1,not_classified,200 hPa velocity potential
Sep_2026,north_ethiopia,strf200,-18305865.286911033,m**2 s**-1,not_classified,200 hPa stream function
Sep_2026,north_ethiopia,z200,12401.237495387291,gpm,not_classified,200 hPa geopotential height
Sep_2026,north_ethiopia,z500,5875.308189257756,gpm,not_classified,500 hPa geopotential height
Sep_2026,north_ethiopia,sst_proxy,307.11177062988287,K,not_classified,Sea surface temperature or near-surface ocean temperature proxy
Sep_2026,central_ethiopia,u200,-7.16993249478549,m s**-1,easterly_flow,200 hPa zonal wind
Sep_2026,central_ethiopia,v200,3.4250775990269675,m s**-1,not_classified,200 hPa meridional wind
Sep_2026,central_ethiopia,tej_strength,7.16993249478549,m s**-1,weak_tej,TEJ strength proxy: -u200. Larger positive values indicate stronger easterly flow.
Sep_2026,central_ethiopia,div200,-1.2133154568436527e-06,s-1,convergence,200 hPa horizontal divergence computed from CFSv2 u200 and v200.
Sep_2026,central_ethiopia,u850,-0.8200147072247491,m s**-1,not_classified,850 hPa zonal wind
Sep_2026,central_ethiopia,v850,0.8725553144671161,m s**-1,not_classified,850 hPa meridional wind
Sep_2026,central_ethiopia,q850,0.011848801267090448,kg kg**-1,not_classified,850 hPa specific humidity
Sep_2026,central_ethiopia,wind_speed850,1.382406167382923,m s**-1,not_classified,850 hPa wind speed.
Sep_2026,central_ethiopia,qu850,-0.008782184412657221,kg kg-1 m s-1,not_classified,850 hPa zonal moisture flux proxy: q850 * u850.
Sep_2026,central_ethiopia,qv850,0.009611638901152703,kg kg-1 m s-1,not_classified,850 hPa meridional moisture flux proxy: q850 * v850.
Sep_2026,central_ethiopia,mfc850,3.437874591345767e-08,kg kg-1 s-1 approximately,moisture_convergence,"850 hPa moisture-flux convergence proxy: -div(q850*u850, q850*v850)."
Sep_2026,central_ethiopia,omega500,-0.005626228716203128,Pa s**-1,rising_motion_tendency,500 hPa vertical velocity / omega
Sep_2026,central_ethiopia,omega700,-0.06827591198744778,Pa s**-1,rising_motion_tendency,700 hPa vertical velocity / omega
Sep_2026,central_ethiopia,vp200,9631315.153862445,m**2 s**-1,not_classified,200 hPa velocity potential
Sep_2026,central_ethiopia,strf200,-21786796.6729111,m**2 s**-1,not_classified,200 hPa stream function
Sep_2026,central_ethiopia,z200,12392.283819381299,gpm,not_classified,200 hPa geopotential height
Sep_2026,central_ethiopia,z500,5870.76286975933,gpm,not_classified,500 hPa geopotential height
Sep_2026,central_ethiopia,sst_proxy,,K,not_classified,Sea surface temperature or near-surface ocean temperature proxy
Sep_2026,west_ethiopia,u200,-6.280300731138619,m s**-1,easterly_flow,200 hPa zonal wind
Sep_2026,west_ethiopia,v200,2.351631592467925,m s**-1,not_classified,200 hPa meridional wind
Sep_2026,west_ethiopia,tej_strength,6.280300731138619,m s**-1,weak_tej,TEJ strength proxy: -u200. Larger positive values indicate stronger easterly flow.
Sep_2026,west_ethiopia,div200,-5.940308095702212e-07,s-1,convergence,200 hPa horizontal divergence computed from CFSv2 u200 and v200.
Sep_2026,west_ethiopia,u850,-1.0005626245758752,m s**-1,not_classified,850 hPa zonal wind
Sep_2026,west_ethiopia,v850,1.1954891811901307,m s**-1,not_classified,850 hPa meridional wind
Sep_2026,west_ethiopia,q850,0.011591703704141207,kg kg**-1,not_classified,850 hPa specific humidity
Sep_2026,west_ethiopia,wind_speed850,1.851954259900879,m s**-1,not_classified,850 hPa wind speed.
Sep_2026,west_ethiopia,qu850,-0.010456366224288992,kg kg-1 m s-1,not_classified,850 hPa zonal moisture flux proxy: q850 * u850.
Sep_2026,west_ethiopia,qv850,0.0130376880473263,kg kg-1 m s-1,not_classified,850 hPa meridional moisture flux proxy: q850 * v850.
Sep_2026,west_ethiopia,mfc850,-4.621672967689225e-09,kg kg-1 s-1 approximately,moisture_divergence,"850 hPa moisture-flux convergence proxy: -div(q850*u850, q850*v850)."
Sep_2026,west_ethiopia,omega500,-0.03255413129291467,Pa s**-1,rising_motion_tendency,500 hPa vertical velocity / omega
Sep_2026,west_ethiopia,omega700,0.011937253460846679,Pa s**-1,subsidence_tendency,700 hPa vertical velocity / omega
Sep_2026,west_ethiopia,vp200,9315416.685860729,m**2 s**-1,not_classified,200 hPa velocity potential
Sep_2026,west_ethiopia,strf200,-23035027.082603406,m**2 s**-1,not_classified,200 hPa stream function
Sep_2026,west_ethiopia,z200,12391.389998316341,gpm,not_classified,200 hPa geopotential height
Sep_2026,west_ethiopia,z500,5871.194772022702,gpm,not_classified,500 hPa geopotential height
Sep_2026,west_ethiopia,sst_proxy,,K,not_classified,Sea surface temperature or near-surface ocean temperature proxy
Sep_2026,east_ethiopia,u200,-9.231086806019311,m s**-1,easterly_flow,200 hPa zonal wind
Sep_2026,east_ethiopia,v200,3.356946927337519,m s**-1,not_classified,200 hPa meridional wind
Sep_2026,east_ethiopia,tej_strength,9.231086806019311,m s**-1,weak_tej,TEJ strength proxy: -u200. Larger positive values indicate stronger easterly flow.
Sep_2026,east_ethiopia,div200,-2.0101977834765343e-06,s-1,convergence,200 hPa horizontal divergence computed from CFSv2 u200 and v200.
Sep_2026,east_ethiopia,u850,1.7636607107076852,m s**-1,not_classified,850 hPa zonal wind
Sep_2026,east_ethiopia,v850,5.092937993917962,m s**-1,not_classified,850 hPa meridional wind
Sep_2026,east_ethiopia,q850,0.009535378712306215,kg kg**-1,not_classified,850 hPa specific humidity
Sep_2026,east_ethiopia,wind_speed850,5.96064552700436,m s**-1,not_classified,850 hPa wind speed.
Sep_2026,east_ethiopia,qu850,0.01881481290689767,kg kg-1 m s-1,not_classified,850 hPa zonal moisture flux proxy: q850 * u850.
Sep_2026,east_ethiopia,qv850,0.05125704890723434,kg kg-1 m s-1,not_classified,850 hPa meridional moisture flux proxy: q850 * v850.
Sep_2026,east_ethiopia,mfc850,1.7944604358628117e-08,kg kg-1 s-1 approximately,moisture_convergence,"850 hPa moisture-flux convergence proxy: -div(q850*u850, q850*v850)."
Sep_2026,east_ethiopia,omega500,0.034429038140702015,Pa s**-1,subsidence_tendency,500 hPa vertical velocity / omega
Sep_2026,east_ethiopia,omega700,-0.001019744062217672,Pa s**-1,rising_motion_tendency,700 hPa vertical velocity / omega
Sep_2026,east_ethiopia,vp200,9411228.440639995,m**2 s**-1,not_classified,200 hPa velocity potential
Sep_2026,east_ethiopia,strf200,-18864193.919312842,m**2 s**-1,not_classified,200 hPa stream function
Sep_2026,east_ethiopia,z200,12395.420150190557,gpm,not_classified,200 hPa geopotential height
Sep_2026,east_ethiopia,z500,5866.978078734649,gpm,not_classified,500 hPa geopotential height
Sep_2026,east_ethiopia,sst_proxy,302.72871752989585,K,not_classified,Sea surface temperature or near-surface ocean temperature proxy
Sep_2026,greater_horn,u200,1.2100588651733442,m s**-1,westerly_flow,200 hPa zonal wind
Sep_2026,greater_horn,v200,1.6850640163024444,m s**-1,not_classified,200 hPa meridional wind
Sep_2026,greater_horn,tej_strength,-1.2100588651733442,m s**-1,no_easterly_tej,TEJ strength proxy: -u200. Larger positive values indicate stronger easterly flow.
Sep_2026,greater_horn,div200,-1.2968134706998199e-06,s-1,convergence,200 hPa horizontal divergence computed from CFSv2 u200 and v200.
Sep_2026,greater_horn,u850,-1.8455439440761605,m s**-1,not_classified,850 hPa zonal wind
Sep_2026,greater_horn,v850,1.5057712925596687,m s**-1,not_classified,850 hPa meridional wind
Sep_2026,greater_horn,q850,0.008280626059451493,kg kg**-1,not_classified,850 hPa specific humidity
Sep_2026,greater_horn,wind_speed850,4.889681936961085,m s**-1,not_classified,850 hPa wind speed.
Sep_2026,greater_horn,qu850,-0.01187410059304331,kg kg-1 m s-1,not_classified,850 hPa zonal moisture flux proxy: q850 * u850.
Sep_2026,greater_horn,qv850,0.015046630289639902,kg kg-1 m s-1,not_classified,850 hPa meridional moisture flux proxy: q850 * v850.
Sep_2026,greater_horn,mfc850,1.0655581928950579e-09,kg kg-1 s-1 approximately,moisture_convergence,"850 hPa moisture-flux convergence proxy: -div(q850*u850, q850*v850)."
Sep_2026,greater_horn,omega500,0.013931767969945346,Pa s**-1,subsidence_tendency,500 hPa vertical velocity / omega
Sep_2026,greater_horn,omega700,-0.0009318827408245369,Pa s**-1,rising_motion_tendency,700 hPa vertical velocity / omega
Sep_2026,greater_horn,vp200,9502578.550612688,m**2 s**-1,not_classified,200 hPa velocity potential
Sep_2026,greater_horn,strf200,-18654902.487479623,m**2 s**-1,not_classified,200 hPa stream function
Sep_2026,greater_horn,z200,12392.435856581184,gpm,not_classified,200 hPa geopotential height
Sep_2026,greater_horn,z500,5870.031763486753,gpm,not_classified,500 hPa geopotential height
Sep_2026,greater_horn,sst_proxy,300.01395229593373,K,not_classified,Sea surface temperature or near-surface ocean temperature proxy
Sep_2026,east_africa,u200,0.8151721928824603,m s**-1,westerly_flow,200 hPa zonal wind
Sep_2026,east_africa,v200,0.9816020143872801,m s**-1,not_classified,200 hPa meridional wind
Sep_2026,east_africa,tej_strength,-0.8151721928824603,m s**-1,no_easterly_tej,TEJ strength proxy: -u200. Larger positive values indicate stronger easterly flow.
Sep_2026,east_africa,div200,-1.4063982249833349e-06,s-1,convergence,200 hPa horizontal divergence computed from CFSv2 u200 and v200.
Sep_2026,east_africa,u850,-1.898988787676264,m s**-1,not_classified,850 hPa zonal wind
Sep_2026,east_africa,v850,1.9890613549858278,m s**-1,not_classified,850 hPa meridional wind
Sep_2026,east_africa,q850,0.008777451321083748,kg kg**-1,not_classified,850 hPa specific humidity
Sep_2026,east_africa,wind_speed850,5.040130836029064,m s**-1,not_classified,850 hPa wind speed.
Sep_2026,east_africa,qu850,-0.01255873338783109,kg kg-1 m s-1,not_classified,850 hPa zonal moisture flux proxy: q850 * u850.
Sep_2026,east_africa,qv850,0.018422981109877962,kg kg-1 m s-1,not_classified,850 hPa meridional moisture flux proxy: q850 * v850.
Sep_2026,east_africa,mfc850,1.7215521899081653e-09,kg kg-1 s-1 approximately,moisture_convergence,"850 hPa moisture-flux convergence proxy: -div(q850*u850, q850*v850)."
Sep_2026,east_africa,omega500,0.012610376562830618,Pa s**-1,subsidence_tendency,500 hPa vertical velocity / omega
Sep_2026,east_africa,omega700,-0.0020675878152257303,Pa s**-1,rising_motion_tendency,700 hPa vertical velocity / omega
Sep_2026,east_africa,vp200,9791782.880976843,m**2 s**-1,not_classified,200 hPa velocity potential
Sep_2026,east_africa,strf200,-19324449.078221887,m**2 s**-1,not_classified,200 hPa stream function
Sep_2026,east_africa,z200,12389.443380331566,gpm,not_classified,200 hPa geopotential height
Sep_2026,east_africa,z500,5867.274249959499,gpm,not_classified,500 hPa geopotential height
Sep_2026,east_africa,sst_proxy,299.9273647751071,K,not_classified,Sea surface temperature or near-surface ocean temperature proxy
Sep_2026,atlantic_congo_ethiopia,u200,6.500474778483364,m s**-1,westerly_flow,200 hPa zonal wind
Sep_2026,atlantic_congo_ethiopia,v200,-0.2654110334241,m s**-1,not_classified,200 hPa meridional wind
Sep_2026,atlantic_congo_ethiopia,tej_strength,-6.500474778483364,m s**-1,no_easterly_tej,TEJ strength proxy: -u200. Larger positive values indicate stronger easterly flow.
Sep_2026,atlantic_congo_ethiopia,div200,-5.251036497414458e-07,s-1,convergence,200 hPa horizontal divergence computed from CFSv2 u200 and v200.
Sep_2026,atlantic_congo_ethiopia,u850,-1.9326213495143696,m s**-1,not_classified,850 hPa zonal wind
Sep_2026,atlantic_congo_ethiopia,v850,1.0113305896287965,m s**-1,not_classified,850 hPa meridional wind
Sep_2026,atlantic_congo_ethiopia,q850,0.008135165437521739,kg kg**-1,not_classified,850 hPa specific humidity
Sep_2026,atlantic_congo_ethiopia,wind_speed850,3.9064858035125156,m s**-1,not_classified,850 hPa wind speed.
Sep_2026,atlantic_congo_ethiopia,qu850,-0.009594288989537366,kg kg-1 m s-1,not_classified,850 hPa zonal moisture flux proxy: q850 * u850.
Sep_2026,atlantic_congo_ethiopia,qv850,0.006164857351747942,kg kg-1 m s-1,not_classified,850 hPa meridional moisture flux proxy: q850 * v850.
Sep_2026,atlantic_congo_ethiopia,mfc850,-4.681456574321649e-10,kg kg-1 s-1 approximately,moisture_divergence,"850 hPa moisture-flux convergence proxy: -div(q850*u850, q850*v850)."
Sep_2026,atlantic_congo_ethiopia,omega500,0.006054222495555003,Pa s**-1,subsidence_tendency,500 hPa vertical velocity / omega
Sep_2026,atlantic_congo_ethiopia,omega700,-0.0038076906538876453,Pa s**-1,rising_motion_tendency,700 hPa vertical velocity / omega
Sep_2026,atlantic_congo_ethiopia,vp200,8636066.658220235,m**2 s**-1,not_classified,200 hPa velocity potential
Sep_2026,atlantic_congo_ethiopia,strf200,-18455897.510428753,m**2 s**-1,not_classified,200 hPa stream function
Sep_2026,atlantic_congo_ethiopia,z200,12373.709268854122,gpm,not_classified,200 hPa geopotential height
Sep_2026,atlantic_congo_ethiopia,z500,5867.113660062394,gpm,not_classified,500 hPa geopotential height
Sep_2026,atlantic_congo_ethiopia,sst_proxy,297.90015549270015,K,not_classified,Sea surface temperature or near-surface ocean temperature proxy
Sep_2026,congo_moisture_corridor,u200,0.03532260057842706,m s**-1,westerly_flow,200 hPa zonal wind
Sep_2026,congo_moisture_corridor,v200,-0.9567548277543976,m s**-1,not_classified,200 hPa meridional wind
Sep_2026,congo_moisture_corridor,tej_strength,-0.03532260057842706,m s**-1,no_easterly_tej,TEJ strength proxy: -u200. Larger positive values indicate stronger easterly flow.
Sep_2026,congo_moisture_corridor,div200,1.4329309406762858e-06,s-1,divergence,200 hPa horizontal divergence computed from CFSv2 u200 and v200.
Sep_2026,congo_moisture_corridor,u850,-0.7339583438892886,m s**-1,not_classified,850 hPa zonal wind
Sep_2026,congo_moisture_corridor,v850,0.2607634780624197,m s**-1,not_classified,850 hPa meridional wind
Sep_2026,congo_moisture_corridor,q850,0.011211085576782279,kg kg**-1,not_classified,850 hPa specific humidity
Sep_2026,congo_moisture_corridor,wind_speed850,2.436160818067043,m s**-1,not_classified,850 hPa wind speed.
Sep_2026,congo_moisture_corridor,qu850,-0.0055472458165369,kg kg-1 m s-1,not_classified,850 hPa zonal moisture flux proxy: q850 * u850.
Sep_2026,congo_moisture_corridor,qv850,0.0015381305024747135,kg kg-1 m s-1,not_classified,850 hPa meridional moisture flux proxy: q850 * v850.
Sep_2026,congo_moisture_corridor,mfc850,1.7324541334333563e-08,kg kg-1 s-1 approximately,moisture_convergence,"850 hPa moisture-flux convergence proxy: -div(q850*u850, q850*v850)."
Sep_2026,congo_moisture_corridor,omega500,-0.023034407120139225,Pa s**-1,rising_motion_tendency,500 hPa vertical velocity / omega
Sep_2026,congo_moisture_corridor,omega700,-0.02404250364275072,Pa s**-1,rising_motion_tendency,700 hPa vertical velocity / omega
Sep_2026,congo_moisture_corridor,vp200,8605778.206947831,m**2 s**-1,not_classified,200 hPa velocity potential
Sep_2026,congo_moisture_corridor,strf200,-25566398.82383327,m**2 s**-1,not_classified,200 hPa stream function
Sep_2026,congo_moisture_corridor,z200,12389.7929185832,gpm,not_classified,200 hPa geopotential height
Sep_2026,congo_moisture_corridor,z500,5865.537456508952,gpm,not_classified,500 hPa geopotential height
Sep_2026,congo_moisture_corridor,sst_proxy,,K,not_classified,Sea surface temperature or near-surface ocean temperature proxy
Sep_2026,western_moisture_entry,u200,-2.7861879345194747,m s**-1,easterly_flow,200 hPa zonal wind
Sep_2026,western_moisture_entry,v200,0.13874372874517626,m s**-1,not_classified,200 hPa meridional wind
Sep_2026,western_moisture_entry,tej_strength,2.7861879345194747,m s**-1,weak_tej,TEJ strength proxy: -u200. Larger positive values indicate stronger easterly flow.
Sep_2026,western_moisture_entry,div200,6.05081415690386e-08,s-1,divergence,200 hPa horizontal divergence computed from CFSv2 u200 and v200.
Sep_2026,western_moisture_entry,u850,-1.7800924419010182,m s**-1,not_classified,850 hPa zonal wind
Sep_2026,western_moisture_entry,v850,0.23771216495102893,m s**-1,not_classified,850 hPa meridional wind
Sep_2026,western_moisture_entry,q850,0.010964340991489071,kg kg**-1,not_classified,850 hPa specific humidity
Sep_2026,western_moisture_entry,wind_speed850,2.3544617111192645,m s**-1,not_classified,850 hPa wind speed.
Sep_2026,western_moisture_entry,qu850,-0.017647800743463275,kg kg-1 m s-1,not_classified,850 hPa zonal moisture flux proxy: q850 * u850.
Sep_2026,western_moisture_entry,qv850,0.002144835416378071,kg kg-1 m s-1,not_classified,850 hPa meridional moisture flux proxy: q850 * v850.
Sep_2026,western_moisture_entry,mfc850,-2.7662818241763455e-09,kg kg-1 s-1 approximately,moisture_divergence,"850 hPa moisture-flux convergence proxy: -div(q850*u850, q850*v850)."
Sep_2026,western_moisture_entry,omega500,-0.014017658721987373,Pa s**-1,rising_motion_tendency,500 hPa vertical velocity / omega
Sep_2026,western_moisture_entry,omega700,-0.004624538626078728,Pa s**-1,rising_motion_tendency,700 hPa vertical velocity / omega
Sep_2026,western_moisture_entry,vp200,8867450.893747576,m**2 s**-1,not_classified,200 hPa velocity potential
Sep_2026,western_moisture_entry,strf200,-25341463.9551447,m**2 s**-1,not_classified,200 hPa stream function
Sep_2026,western_moisture_entry,z200,12389.09891343752,gpm,not_classified,200 hPa geopotential height
Sep_2026,western_moisture_entry,z500,5867.6506233636355,gpm,not_classified,500 hPa geopotential height
Sep_2026,western_moisture_entry,sst_proxy,,K,not_classified,Sea surface temperature or near-surface ocean temperature proxy
Sep_2026,western_indian_ocean,u200,-5.048206532234235,m s**-1,easterly_flow,200 hPa zonal wind
Sep_2026,western_indian_ocean,v200,-1.019138119795707,m s**-1,not_classified,200 hPa meridional wind
Sep_2026,western_indian_ocean,tej_strength,5.048206532234235,m s**-1,weak_tej,TEJ strength proxy: -u200. Larger positive values indicate stronger easterly flow.
Sep_2026,western_indian_ocean,div200,-1.8128267472918221e-07,s-1,convergence,200 hPa horizontal divergence computed from CFSv2 u200 and v200.
Sep_2026,western_indian_ocean,u850,0.12402591829534525,m s**-1,not_classified,850 hPa zonal wind
Sep_2026,western_indian_ocean,v850,3.098315265681443,m s**-1,not_classified,850 hPa meridional wind
Sep_2026,western_indian_ocean,q850,0.009226792044483694,kg kg**-1,not_classified,850 hPa specific humidity
Sep_2026,western_indian_ocean,wind_speed850,7.350981946857064,m s**-1,not_classified,850 hPa wind speed.
Sep_2026,western_indian_ocean,qu850,0.004580485121344181,kg kg-1 m s-1,not_classified,850 hPa zonal moisture flux proxy: q850 * u850.
Sep_2026,western_indian_ocean,qv850,0.02771583383926885,kg kg-1 m s-1,not_classified,850 hPa meridional moisture flux proxy: q850 * v850.
Sep_2026,western_indian_ocean,mfc850,-1.1643607819617573e-08,kg kg-1 s-1 approximately,moisture_divergence,"850 hPa moisture-flux convergence proxy: -div(q850*u850, q850*v850)."
Sep_2026,western_indian_ocean,omega500,0.012021010177360313,Pa s**-1,subsidence_tendency,500 hPa vertical velocity / omega
Sep_2026,western_indian_ocean,omega700,0.013747941684992479,Pa s**-1,subsidence_tendency,700 hPa vertical velocity / omega
Sep_2026,western_indian_ocean,vp200,6978808.966367731,m**2 s**-1,not_classified,200 hPa velocity potential
Sep_2026,western_indian_ocean,strf200,-16875726.29887257,m**2 s**-1,not_classified,200 hPa stream function
Sep_2026,western_indian_ocean,z200,12392.241760314062,gpm,not_classified,200 hPa geopotential height
Sep_2026,western_indian_ocean,z500,5864.531440156188,gpm,not_classified,500 hPa geopotential height
Sep_2026,western_indian_ocean,sst_proxy,300.1752770651009,K,not_classified,Sea surface temperature or near-surface ocean temperature proxy
Sep_2026,arabia_red_sea,u200,-2.9180251703344564,m s**-1,easterly_flow,200 hPa zonal wind
Sep_2026,arabia_red_sea,v200,3.56312542086217,m s**-1,not_classified,200 hPa meridional wind
Sep_2026,arabia_red_sea,tej_strength,2.9180251703344564,m s**-1,weak_tej,TEJ strength proxy: -u200. Larger positive values indicate stronger easterly flow.
Sep_2026,arabia_red_sea,div200,-9.849177801658471e-07,s-1,convergence,200 hPa horizontal divergence computed from CFSv2 u200 and v200.
Sep_2026,arabia_red_sea,u850,0.46387539506467973,m s**-1,not_classified,850 hPa zonal wind
Sep_2026,arabia_red_sea,v850,0.17255534083146357,m s**-1,not_classified,850 hPa meridional wind
Sep_2026,arabia_red_sea,q850,0.006024808741259096,kg kg**-1,not_classified,850 hPa specific humidity
Sep_2026,arabia_red_sea,wind_speed850,3.1739344206537377,m s**-1,not_classified,850 hPa wind speed.
Sep_2026,arabia_red_sea,qu850,0.006307143386211956,kg kg-1 m s-1,not_classified,850 hPa zonal moisture flux proxy: q850 * u850.
Sep_2026,arabia_red_sea,qv850,0.003924859792570811,kg kg-1 m s-1,not_classified,850 hPa meridional moisture flux proxy: q850 * v850.
Sep_2026,arabia_red_sea,mfc850,9.016076230423199e-09,kg kg-1 s-1 approximately,moisture_convergence,"850 hPa moisture-flux convergence proxy: -div(q850*u850, q850*v850)."
Sep_2026,arabia_red_sea,omega500,0.020925856462844356,Pa s**-1,subsidence_tendency,500 hPa vertical velocity / omega
Sep_2026,arabia_red_sea,omega700,-0.012713206393278787,Pa s**-1,rising_motion_tendency,700 hPa vertical velocity / omega
Sep_2026,arabia_red_sea,vp200,6961841.285702358,m**2 s**-1,not_classified,200 hPa velocity potential
Sep_2026,arabia_red_sea,strf200,-9245442.541778581,m**2 s**-1,not_classified,200 hPa stream function
Sep_2026,arabia_red_sea,z200,12426.891067414334,gpm,not_classified,200 hPa geopotential height
Sep_2026,arabia_red_sea,z500,5881.9541579520055,gpm,not_classified,500 hPa geopotential height
Sep_2026,arabia_red_sea,sst_proxy,301.11571294901864,K,not_classified,Sea surface temperature or near-surface ocean temperature proxy
Sep_2026,north_africa_arabia,u200,4.630289223474227,m s**-1,westerly_flow,200 hPa zonal wind
Sep_2026,north_africa_arabia,v200,3.796479397445788,m s**-1,not_classified,200 hPa meridional wind
Sep_2026,north_africa_arabia,tej_strength,-4.630289223474227,m s**-1,no_easterly_tej,TEJ strength proxy: -u200. Larger positive values indicate stronger easterly flow.
Sep_2026,north_africa_arabia,div200,-9.802161890226947e-07,s-1,convergence,200 hPa horizontal divergence computed from CFSv2 u200 and v200.
Sep_2026,north_africa_arabia,u850,-0.6133981878320613,m s**-1,not_classified,850 hPa zonal wind
Sep_2026,north_africa_arabia,v850,-0.970045528315627,m s**-1,not_classified,850 hPa meridional wind
Sep_2026,north_africa_arabia,q850,0.006252381526756368,kg kg**-1,not_classified,850 hPa specific humidity
Sep_2026,north_africa_arabia,wind_speed850,3.3631398007000697,m s**-1,not_classified,850 hPa wind speed.
Sep_2026,north_africa_arabia,qu850,-0.001848956102036392,kg kg-1 m s-1,not_classified,850 hPa zonal moisture flux proxy: q850 * u850.
Sep_2026,north_africa_arabia,qv850,-0.0034246684698223608,kg kg-1 m s-1,not_classified,850 hPa meridional moisture flux proxy: q850 * v850.
Sep_2026,north_africa_arabia,mfc850,3.9826186976072e-09,kg kg-1 s-1 approximately,moisture_convergence,"850 hPa moisture-flux convergence proxy: -div(q850*u850, q850*v850)."
Sep_2026,north_africa_arabia,omega500,0.022457635950514927,Pa s**-1,subsidence_tendency,500 hPa vertical velocity / omega
Sep_2026,north_africa_arabia,omega700,0.0008358649512687702,Pa s**-1,subsidence_tendency,700 hPa vertical velocity / omega
Sep_2026,north_africa_arabia,vp200,6859896.828502852,m**2 s**-1,not_classified,200 hPa velocity potential
Sep_2026,north_africa_arabia,strf200,-19811543.353329327,m**2 s**-1,not_classified,200 hPa stream function
Sep_2026,north_africa_arabia,z200,12380.56230856372,gpm,not_classified,200 hPa geopotential height
Sep_2026,north_africa_arabia,z500,5878.091878145451,gpm,not_classified,500 hPa geopotential height
Sep_2026,north_africa_arabia,sst_proxy,300.45058021562164,K,not_classified,Sea surface temperature or near-surface ocean temperature proxy
Sep_2026,tej_core,u200,-9.823982547767582,m s**-1,easterly_flow,200 hPa zonal wind
Sep_2026,tej_core,v200,1.9828567474268235,m s**-1,not_classified,200 hPa meridional wind
Sep_2026,tej_core,tej_strength,9.823982547767582,m s**-1,weak_tej,TEJ strength proxy: -u200. Larger positive values indicate stronger easterly flow.
Sep_2026,tej_core,div200,5.715372816215021e-07,s-1,divergence,200 hPa horizontal divergence computed from CFSv2 u200 and v200.
Sep_2026,tej_core,u850,3.0815701507467073,m s**-1,not_classified,850 hPa zonal wind
Sep_2026,tej_core,v850,0.254044211795921,m s**-1,not_classified,850 hPa meridional wind
Sep_2026,tej_core,q850,0.009854810427133232,kg kg**-1,not_classified,850 hPa specific humidity
Sep_2026,tej_core,wind_speed850,5.247399654603339,m s**-1,not_classified,850 hPa wind speed.
Sep_2026,tej_core,qu850,0.03499700446888813,kg kg-1 m s-1,not_classified,850 hPa zonal moisture flux proxy: q850 * u850.
Sep_2026,tej_core,qv850,0.003167934008042671,kg kg-1 m s-1,not_classified,850 hPa meridional moisture flux proxy: q850 * v850.
Sep_2026,tej_core,mfc850,4.965403518454226e-09,kg kg-1 s-1 approximately,moisture_convergence,"850 hPa moisture-flux convergence proxy: -div(q850*u850, q850*v850)."
Sep_2026,tej_core,omega500,-0.003593738588913352,Pa s**-1,rising_motion_tendency,500 hPa vertical velocity / omega
Sep_2026,tej_core,omega700,-0.014229150665912474,Pa s**-1,rising_motion_tendency,700 hPa vertical velocity / omega
Sep_2026,tej_core,vp200,1848727.8261916463,m**2 s**-1,not_classified,200 hPa velocity potential
Sep_2026,tej_core,strf200,-10763320.292773945,m**2 s**-1,not_classified,200 hPa stream function
Sep_2026,tej_core,z200,12418.719938771108,gpm,not_classified,200 hPa geopotential height
Sep_2026,tej_core,z500,5867.097545032173,gpm,not_classified,500 hPa geopotential height
Sep_2026,tej_core,sst_proxy,301.310666998435,K,not_classified,Sea surface temperature or near-surface ocean temperature proxy
Sep_2026,somali_jet_box,u200,-4.668995729276399,m s**-1,easterly_flow,200 hPa zonal wind
Sep_2026,somali_jet_box,v200,0.9821885730788076,m s**-1,not_classified,200 hPa meridional wind
Sep_2026,somali_jet_box,tej_strength,4.668995729276399,m s**-1,weak_tej,TEJ strength proxy: -u200. Larger positive values indicate stronger easterly flow.
Sep_2026,somali_jet_box,div200,-2.3102222913326315e-06,s-1,convergence,200 hPa horizontal divergence computed from CFSv2 u200 and v200.
Sep_2026,somali_jet_box,u850,0.12531678046896444,m s**-1,not_classified,850 hPa zonal wind
Sep_2026,somali_jet_box,v850,5.418586360650196,m s**-1,not_classified,850 hPa meridional wind
Sep_2026,somali_jet_box,q850,0.008999510283883948,kg kg**-1,not_classified,850 hPa specific humidity
Sep_2026,somali_jet_box,wind_speed850,7.319128490034894,m s**-1,not_classified,850 hPa wind speed.
Sep_2026,somali_jet_box,qu850,0.0029655117946305576,kg kg-1 m s-1,not_classified,850 hPa zonal moisture flux proxy: q850 * u850.
Sep_2026,somali_jet_box,qv850,0.049921885155816664,kg kg-1 m s-1,not_classified,850 hPa meridional moisture flux proxy: q850 * v850.
Sep_2026,somali_jet_box,mfc850,-1.9744880136505997e-08,kg kg-1 s-1 approximately,moisture_divergence,"850 hPa moisture-flux convergence proxy: -div(q850*u850, q850*v850)."
Sep_2026,somali_jet_box,omega500,0.02537585311793544,Pa s**-1,subsidence_tendency,500 hPa vertical velocity / omega
Sep_2026,somali_jet_box,omega700,0.027440405721583128,Pa s**-1,subsidence_tendency,700 hPa vertical velocity / omega
Sep_2026,somali_jet_box,vp200,9647327.558291744,m**2 s**-1,not_classified,200 hPa velocity potential
Sep_2026,somali_jet_box,strf200,-18020443.47373942,m**2 s**-1,not_classified,200 hPa stream function
Sep_2026,somali_jet_box,z200,12392.150273161233,gpm,not_classified,200 hPa geopotential height
Sep_2026,somali_jet_box,z500,5864.406798202405,gpm,not_classified,500 hPa geopotential height
Sep_2026,somali_jet_box,sst_proxy,299.9112287693276,K,not_classified,Sea surface temperature or near-surface ocean temperature proxy
Sep_2026,turkana_corridor,u200,2.988492105796623,m s**-1,westerly_flow,200 hPa zonal wind
Sep_2026,turkana_corridor,v200,3.007513531291809,m s**-1,not_classified,200 hPa meridional wind
Sep_2026,turkana_corridor,tej_strength,-2.988492105796623,m s**-1,no_easterly_tej,TEJ strength proxy: -u200. Larger positive values indicate stronger easterly flow.
Sep_2026,turkana_corridor,div200,-3.4561707737708214e-06,s-1,convergence,200 hPa horizontal divergence computed from CFSv2 u200 and v200.
Sep_2026,turkana_corridor,u850,-4.035688646673411,m s**-1,not_classified,850 hPa zonal wind
Sep_2026,turkana_corridor,v850,4.519530620385999,m s**-1,not_classified,850 hPa meridional wind
Sep_2026,turkana_corridor,q850,0.00936684641515041,kg kg**-1,not_classified,850 hPa specific humidity
Sep_2026,turkana_corridor,wind_speed850,6.7017234086641,m s**-1,not_classified,850 hPa wind speed.
Sep_2026,turkana_corridor,qu850,-0.03740070389715996,kg kg-1 m s-1,not_classified,850 hPa zonal moisture flux proxy: q850 * u850.
Sep_2026,turkana_corridor,qv850,0.04330886978332255,kg kg-1 m s-1,not_classified,850 hPa meridional moisture flux proxy: q850 * v850.
Sep_2026,turkana_corridor,mfc850,-2.7759842703164366e-08,kg kg-1 s-1 approximately,moisture_divergence,"850 hPa moisture-flux convergence proxy: -div(q850*u850, q850*v850)."
Sep_2026,turkana_corridor,omega500,0.02541796025331021,Pa s**-1,subsidence_tendency,500 hPa vertical velocity / omega
Sep_2026,turkana_corridor,omega700,0.04264297880900248,Pa s**-1,subsidence_tendency,700 hPa vertical velocity / omega
Sep_2026,turkana_corridor,vp200,11463440.674282113,m**2 s**-1,not_classified,200 hPa velocity potential
Sep_2026,turkana_corridor,strf200,-24346069.846349623,m**2 s**-1,not_classified,200 hPa stream function
Sep_2026,turkana_corridor,z200,12385.79035619357,gpm,not_classified,200 hPa geopotential height
Sep_2026,turkana_corridor,z500,5862.911642750519,gpm,not_classified,500 hPa geopotential height
Sep_2026,turkana_corridor,sst_proxy,298.79642365710646,K,not_classified,Sea surface temperature or near-surface ocean temperature proxy
Sep_2026,nino34,sst_proxy,300.92968554302934,K,raw_sst_proxy_mean,CFSv2 raw SST proxy area mean; not an anomaly unless climatology is subtracted.
Sep_2026,iod_west,sst_proxy,300.9371523178812,K,raw_sst_proxy_mean,CFSv2 raw SST proxy area mean; not an anomaly unless climatology is subtracted.
Sep_2026,iod_east,sst_proxy,301.2141484584619,K,raw_sst_proxy_mean,CFSv2 raw SST proxy area mean; not an anomaly unless climatology is subtracted.
Sep_2026,iod_west_minus_iod_east,dmi_raw_sst_proxy,-0.27699614058070665,K,raw_gradient_not_anomaly,Raw west-minus-east Indian Ocean SST proxy. This is not an official DMI anomaly.
JJA_2026,ethiopia,u200,-16.64599536669678,m s**-1,easterly_flow,200 hPa zonal wind
JJA_2026,ethiopia,v200,1.0187592024882344,m s**-1,not_classified,200 hPa meridional wind
JJA_2026,ethiopia,tej_strength,16.64599536669678,m s**-1,moderate_tej,TEJ strength proxy: -u200. Larger positive values indicate stronger easterly flow.
JJA_2026,ethiopia,div200,-3.957460146727723e-07,s-1,convergence,200 hPa horizontal divergence computed from CFSv2 u200 and v200.
JJA_2026,ethiopia,u850,2.652431856800109,m s**-1,not_classified,850 hPa zonal wind
JJA_2026,ethiopia,v850,3.9752643055899766,m s**-1,not_classified,850 hPa meridional wind
JJA_2026,ethiopia,q850,0.010841037980561968,kg kg**-1,not_classified,850 hPa specific humidity
JJA_2026,ethiopia,wind_speed850,6.037850361089097,m s**-1,not_classified,850 hPa wind speed.
JJA_2026,ethiopia,qu850,0.02753114856625293,kg kg-1 m s-1,not_classified,850 hPa zonal moisture flux proxy: q850 * u850.
JJA_2026,ethiopia,qv850,0.04127431268245036,kg kg-1 m s-1,not_classified,850 hPa meridional moisture flux proxy: q850 * v850.
JJA_2026,ethiopia,mfc850,5.461874644570974e-09,kg kg-1 s-1 approximately,moisture_convergence,"850 hPa moisture-flux convergence proxy: -div(q850*u850, q850*v850)."
JJA_2026,ethiopia,omega500,-0.008711184194525596,Pa s**-1,rising_motion_tendency,500 hPa vertical velocity / omega
JJA_2026,ethiopia,omega700,-0.02359199323157019,Pa s**-1,rising_motion_tendency,700 hPa vertical velocity / omega
JJA_2026,ethiopia,vp200,8892135.549547302,m**2 s**-1,not_classified,200 hPa velocity potential
JJA_2026,ethiopia,strf200,-21093289.067700747,m**2 s**-1,not_classified,200 hPa stream function
JJA_2026,ethiopia,z200,12429.643913173775,gpm,not_classified,200 hPa geopotential height
JJA_2026,ethiopia,z500,5879.535764370248,gpm,not_classified,500 hPa geopotential height
JJA_2026,ethiopia,sst_proxy,302.70393673165637,K,not_classified,Sea surface temperature or near-surface ocean temperature proxy
JJA_2026,ethiopia_highlands_broad,u200,-18.05070428743494,m s**-1,easterly_flow,200 hPa zonal wind
JJA_2026,ethiopia_highlands_broad,v200,0.8422218739481308,m s**-1,not_classified,200 hPa meridional wind
JJA_2026,ethiopia_highlands_broad,tej_strength,18.05070428743494,m s**-1,moderate_tej,TEJ strength proxy: -u200. Larger positive values indicate stronger easterly flow.
JJA_2026,ethiopia_highlands_broad,div200,7.70944157354604e-07,s-1,divergence,200 hPa horizontal divergence computed from CFSv2 u200 and v200.
JJA_2026,ethiopia_highlands_broad,u850,0.9517711088333677,m s**-1,not_classified,850 hPa zonal wind
JJA_2026,ethiopia_highlands_broad,v850,1.590237662005497,m s**-1,not_classified,850 hPa meridional wind
JJA_2026,ethiopia_highlands_broad,q850,0.011990996320942837,kg kg**-1,not_classified,850 hPa specific humidity
JJA_2026,ethiopia_highlands_broad,wind_speed850,2.7231195069386063,m s**-1,not_classified,850 hPa wind speed.
JJA_2026,ethiopia_highlands_broad,qu850,0.011657668763831978,kg kg-1 m s-1,not_classified,850 hPa zonal moisture flux proxy: q850 * u850.
JJA_2026,ethiopia_highlands_broad,qv850,0.01873550946832994,kg kg-1 m s-1,not_classified,850 hPa meridional moisture flux proxy: q850 * v850.
JJA_2026,ethiopia_highlands_broad,mfc850,3.304717030759101e-08,kg kg-1 s-1 approximately,moisture_convergence,"850 hPa moisture-flux convergence proxy: -div(q850*u850, q850*v850)."
JJA_2026,ethiopia_highlands_broad,omega500,-0.045369454735582015,Pa s**-1,rising_motion_tendency,500 hPa vertical velocity / omega
JJA_2026,ethiopia_highlands_broad,omega700,-0.059485909615423195,Pa s**-1,rising_motion_tendency,700 hPa vertical velocity / omega
JJA_2026,ethiopia_highlands_broad,vp200,9189476.532475626,m**2 s**-1,not_classified,200 hPa velocity potential
JJA_2026,ethiopia_highlands_broad,strf200,-20403267.298459396,m**2 s**-1,not_classified,200 hPa stream function
JJA_2026,ethiopia_highlands_broad,z200,12432.676242931473,gpm,not_classified,200 hPa geopotential height
JJA_2026,ethiopia_highlands_broad,z500,5882.2758145783,gpm,not_classified,500 hPa geopotential height
JJA_2026,ethiopia_highlands_broad,sst_proxy,,K,not_classified,Sea surface temperature or near-surface ocean temperature proxy
JJA_2026,north_ethiopia,u200,-19.455189341597254,m s**-1,easterly_flow,200 hPa zonal wind
JJA_2026,north_ethiopia,v200,1.700336865920674,m s**-1,not_classified,200 hPa meridional wind
JJA_2026,north_ethiopia,tej_strength,19.455189341597254,m s**-1,moderate_tej,TEJ strength proxy: -u200. Larger positive values indicate stronger easterly flow.
JJA_2026,north_ethiopia,div200,1.1480399011926115e-06,s-1,divergence,200 hPa horizontal divergence computed from CFSv2 u200 and v200.
JJA_2026,north_ethiopia,u850,1.8072803319612105,m s**-1,not_classified,850 hPa zonal wind
JJA_2026,north_ethiopia,v850,0.3255461200940887,m s**-1,not_classified,850 hPa meridional wind
JJA_2026,north_ethiopia,q850,0.011819557588896733,kg kg**-1,not_classified,850 hPa specific humidity
JJA_2026,north_ethiopia,wind_speed850,2.8910390309053846,m s**-1,not_classified,850 hPa wind speed.
JJA_2026,north_ethiopia,qu850,0.021160425676882335,kg kg-1 m s-1,not_classified,850 hPa zonal moisture flux proxy: q850 * u850.
JJA_2026,north_ethiopia,qv850,0.006440169659307197,kg kg-1 m s-1,not_classified,850 hPa meridional moisture flux proxy: q850 * v850.
JJA_2026,north_ethiopia,mfc850,5.2522746563519656e-08,kg kg-1 s-1 approximately,moisture_convergence,"850 hPa moisture-flux convergence proxy: -div(q850*u850, q850*v850)."
JJA_2026,north_ethiopia,omega500,-0.06833530578891206,Pa s**-1,rising_motion_tendency,500 hPa vertical velocity / omega
JJA_2026,north_ethiopia,omega700,-0.08740523172620296,Pa s**-1,rising_motion_tendency,700 hPa vertical velocity / omega
JJA_2026,north_ethiopia,vp200,8585460.473755378,m**2 s**-1,not_classified,200 hPa velocity potential
JJA_2026,north_ethiopia,strf200,-15521916.1044988,m**2 s**-1,not_classified,200 hPa stream function
JJA_2026,north_ethiopia,z200,12446.948329781215,gpm,not_classified,200 hPa geopotential height
JJA_2026,north_ethiopia,z500,5888.107606099461,gpm,not_classified,500 hPa geopotential height
JJA_2026,north_ethiopia,sst_proxy,305.8668403625488,K,not_classified,Sea surface temperature or near-surface ocean temperature proxy
JJA_2026,central_ethiopia,u200,-17.900446171272506,m s**-1,easterly_flow,200 hPa zonal wind
JJA_2026,central_ethiopia,v200,0.3489223639818091,m s**-1,not_classified,200 hPa meridional wind
JJA_2026,central_ethiopia,tej_strength,17.900446171272506,m s**-1,moderate_tej,TEJ strength proxy: -u200. Larger positive values indicate stronger easterly flow.
JJA_2026,central_ethiopia,div200,3.076750187414404e-07,s-1,divergence,200 hPa horizontal divergence computed from CFSv2 u200 and v200.
JJA_2026,central_ethiopia,u850,0.34765268974368957,m s**-1,not_classified,850 hPa zonal wind
JJA_2026,central_ethiopia,v850,1.183636401054028,m s**-1,not_classified,850 hPa meridional wind
JJA_2026,central_ethiopia,q850,0.012791182414313016,kg kg**-1,not_classified,850 hPa specific humidity
JJA_2026,central_ethiopia,wind_speed850,1.5604871360181103,m s**-1,not_classified,850 hPa wind speed.
JJA_2026,central_ethiopia,qu850,0.005168226229161579,kg kg-1 m s-1,not_classified,850 hPa zonal moisture flux proxy: q850 * u850.
JJA_2026,central_ethiopia,qv850,0.01372136897712007,kg kg-1 m s-1,not_classified,850 hPa meridional moisture flux proxy: q850 * v850.
JJA_2026,central_ethiopia,mfc850,5.1444705897422736e-08,kg kg-1 s-1 approximately,moisture_convergence,"850 hPa moisture-flux convergence proxy: -div(q850*u850, q850*v850)."
JJA_2026,central_ethiopia,omega500,-0.042863151046100015,Pa s**-1,rising_motion_tendency,500 hPa vertical velocity / omega
JJA_2026,central_ethiopia,omega700,-0.06616142906507054,Pa s**-1,rising_motion_tendency,700 hPa vertical velocity / omega
JJA_2026,central_ethiopia,vp200,9291382.67293152,m**2 s**-1,not_classified,200 hPa velocity potential
JJA_2026,central_ethiopia,strf200,-22289072.586159382,m**2 s**-1,not_classified,200 hPa stream function
JJA_2026,central_ethiopia,z200,12426.854258468482,gpm,not_classified,200 hPa geopotential height
JJA_2026,central_ethiopia,z500,5879.7391056910155,gpm,not_classified,500 hPa geopotential height
JJA_2026,central_ethiopia,sst_proxy,,K,not_classified,Sea surface temperature or near-surface ocean temperature proxy
JJA_2026,west_ethiopia,u200,-17.387742213988304,m s**-1,easterly_flow,200 hPa zonal wind
JJA_2026,west_ethiopia,v200,0.4743897764856533,m s**-1,not_classified,200 hPa meridional wind
JJA_2026,west_ethiopia,tej_strength,17.387742213988304,m s**-1,moderate_tej,TEJ strength proxy: -u200. Larger positive values indicate stronger easterly flow.
JJA_2026,west_ethiopia,div200,2.6929809263082628e-06,s-1,divergence,200 hPa horizontal divergence computed from CFSv2 u200 and v200.
JJA_2026,west_ethiopia,u850,0.9176273636724555,m s**-1,not_classified,850 hPa zonal wind
JJA_2026,west_ethiopia,v850,1.9704574806791002,m s**-1,not_classified,850 hPa meridional wind
JJA_2026,west_ethiopia,q850,0.012432360122932331,kg kg**-1,not_classified,850 hPa specific humidity
JJA_2026,west_ethiopia,wind_speed850,2.541811307220772,m s**-1,not_classified,850 hPa wind speed.
JJA_2026,west_ethiopia,qu850,0.011787929678896584,kg kg-1 m s-1,not_classified,850 hPa zonal moisture flux proxy: q850 * u850.
JJA_2026,west_ethiopia,qv850,0.023738436089645692,kg kg-1 m s-1,not_classified,850 hPa meridional moisture flux proxy: q850 * v850.
JJA_2026,west_ethiopia,mfc850,-1.0436755756622483e-08,kg kg-1 s-1 approximately,moisture_divergence,"850 hPa moisture-flux convergence proxy: -div(q850*u850, q850*v850)."
JJA_2026,west_ethiopia,omega500,-0.07574551904609572,Pa s**-1,rising_motion_tendency,500 hPa vertical velocity / omega
JJA_2026,west_ethiopia,omega700,-0.014923943613753703,Pa s**-1,rising_motion_tendency,700 hPa vertical velocity / omega
JJA_2026,west_ethiopia,vp200,9811659.459379623,m**2 s**-1,not_classified,200 hPa velocity potential
JJA_2026,west_ethiopia,strf200,-22188108.36503954,m**2 s**-1,not_classified,200 hPa stream function
JJA_2026,west_ethiopia,z200,12429.2074323738,gpm,not_classified,200 hPa geopotential height
JJA_2026,west_ethiopia,z500,5881.727162424545,gpm,not_classified,500 hPa geopotential height
JJA_2026,west_ethiopia,sst_proxy,,K,not_classified,Sea surface temperature or near-surface ocean temperature proxy
JJA_2026,east_ethiopia,u200,-18.41002714796055,m s**-1,easterly_flow,200 hPa zonal wind
JJA_2026,east_ethiopia,v200,1.3073024825941235,m s**-1,not_classified,200 hPa meridional wind
JJA_2026,east_ethiopia,tej_strength,18.41002714796055,m s**-1,moderate_tej,TEJ strength proxy: -u200. Larger positive values indicate stronger easterly flow.
JJA_2026,east_ethiopia,div200,-1.5154543546581566e-06,s-1,convergence,200 hPa horizontal divergence computed from CFSv2 u200 and v200.
JJA_2026,east_ethiopia,u850,4.866330664384502,m s**-1,not_classified,850 hPa zonal wind
JJA_2026,east_ethiopia,v850,6.467190772952788,m s**-1,not_classified,850 hPa meridional wind
JJA_2026,east_ethiopia,q850,0.009943050885676265,kg kg**-1,not_classified,850 hPa specific humidity
JJA_2026,east_ethiopia,wind_speed850,8.680676524206781,m s**-1,not_classified,850 hPa wind speed.
JJA_2026,east_ethiopia,qu850,0.04842965722980808,kg kg-1 m s-1,not_classified,850 hPa zonal moisture flux proxy: q850 * u850.
JJA_2026,east_ethiopia,qv850,0.06522601010631669,kg kg-1 m s-1,not_classified,850 hPa meridional moisture flux proxy: q850 * v850.
JJA_2026,east_ethiopia,mfc850,2.3966073097969238e-08,kg kg-1 s-1 approximately,moisture_convergence,"850 hPa moisture-flux convergence proxy: -div(q850*u850, q850*v850)."
JJA_2026,east_ethiopia,omega500,0.030380630989717276,Pa s**-1,subsidence_tendency,500 hPa vertical velocity / omega
JJA_2026,east_ethiopia,omega700,-0.0022997035047005003,Pa s**-1,rising_motion_tendency,700 hPa vertical velocity / omega
JJA_2026,east_ethiopia,vp200,8018666.726521173,m**2 s**-1,not_classified,200 hPa velocity potential
JJA_2026,east_ethiopia,strf200,-21203567.338162012,m**2 s**-1,not_classified,200 hPa stream function
JJA_2026,east_ethiopia,z200,12424.349395523828,gpm,not_classified,200 hPa geopotential height
JJA_2026,east_ethiopia,z500,5875.13548750558,gpm,not_classified,500 hPa geopotential height
JJA_2026,east_ethiopia,sst_proxy,302.539404616571,K,not_classified,Sea surface temperature or near-surface ocean temperature proxy
JJA_2026,greater_horn,u200,-6.235692905555498,m s**-1,easterly_flow,200 hPa zonal wind
JJA_2026,greater_horn,v200,0.14758939287546002,m s**-1,not_classified,200 hPa meridional wind
JJA_2026,greater_horn,tej_strength,6.235692905555498,m s**-1,weak_tej,TEJ strength proxy: -u200. Larger positive values indicate stronger easterly flow.
JJA_2026,greater_horn,div200,-8.899571525244351e-07,s-1,convergence,200 hPa horizontal divergence computed from CFSv2 u200 and v200.
JJA_2026,greater_horn,u850,-0.17711461067164389,m s**-1,not_classified,850 hPa zonal wind
JJA_2026,greater_horn,v850,2.497512490417253,m s**-1,not_classified,850 hPa meridional wind
JJA_2026,greater_horn,q850,0.008326449392565084,kg kg**-1,not_classified,850 hPa specific humidity
JJA_2026,greater_horn,wind_speed850,5.978907762567238,m s**-1,not_classified,850 hPa wind speed.
JJA_2026,greater_horn,qu850,0.0029268062124787842,kg kg-1 m s-1,not_classified,850 hPa zonal moisture flux proxy: q850 * u850.
JJA_2026,greater_horn,qv850,0.025252120227356796,kg kg-1 m s-1,not_classified,850 hPa meridional moisture flux proxy: q850 * v850.
JJA_2026,greater_horn,mfc850,-1.9015624034391938e-09,kg kg-1 s-1 approximately,moisture_divergence,"850 hPa moisture-flux convergence proxy: -div(q850*u850, q850*v850)."
JJA_2026,greater_horn,omega500,0.012439591886580646,Pa s**-1,subsidence_tendency,500 hPa vertical velocity / omega
JJA_2026,greater_horn,omega700,0.0017551805172533834,Pa s**-1,subsidence_tendency,700 hPa vertical velocity / omega
JJA_2026,greater_horn,vp200,10181047.866345026,m**2 s**-1,not_classified,200 hPa velocity potential
JJA_2026,greater_horn,strf200,-20656860.515877936,m**2 s**-1,not_classified,200 hPa stream function
JJA_2026,greater_horn,z200,12434.418700270071,gpm,not_classified,200 hPa geopotential height
JJA_2026,greater_horn,z500,5880.542789445283,gpm,not_classified,500 hPa geopotential height
JJA_2026,greater_horn,sst_proxy,300.0984117095658,K,not_classified,Sea surface temperature or near-surface ocean temperature proxy
JJA_2026,east_africa,u200,-6.199107808730566,m s**-1,easterly_flow,200 hPa zonal wind
JJA_2026,east_africa,v200,-0.3356490071224092,m s**-1,not_classified,200 hPa meridional wind
JJA_2026,east_africa,tej_strength,6.199107808730566,m s**-1,weak_tej,TEJ strength proxy: -u200. Larger positive values indicate stronger easterly flow.
JJA_2026,east_africa,div200,-9.500208750788965e-07,s-1,convergence,200 hPa horizontal divergence computed from CFSv2 u200 and v200.
JJA_2026,east_africa,u850,-0.1556875332336766,m s**-1,not_classified,850 hPa zonal wind
JJA_2026,east_africa,v850,3.352795149248275,m s**-1,not_classified,850 hPa meridional wind
JJA_2026,east_africa,q850,0.008822396292019119,kg kg**-1,not_classified,850 hPa specific humidity
JJA_2026,east_africa,wind_speed850,6.113573192080551,m s**-1,not_classified,850 hPa wind speed.
JJA_2026,east_africa,qu850,0.003590876022169544,kg kg-1 m s-1,not_classified,850 hPa zonal moisture flux proxy: q850 * u850.
JJA_2026,east_africa,qv850,0.030999461321717457,kg kg-1 m s-1,not_classified,850 hPa meridional moisture flux proxy: q850 * v850.
JJA_2026,east_africa,mfc850,-1.4721977378558097e-09,kg kg-1 s-1 approximately,moisture_divergence,"850 hPa moisture-flux convergence proxy: -div(q850*u850, q850*v850)."
JJA_2026,east_africa,omega500,0.010829526785041333,Pa s**-1,subsidence_tendency,500 hPa vertical velocity / omega
JJA_2026,east_africa,omega700,0.0005055756370742501,Pa s**-1,subsidence_tendency,700 hPa vertical velocity / omega
JJA_2026,east_africa,vp200,10555166.116710002,m**2 s**-1,not_classified,200 hPa velocity potential
JJA_2026,east_africa,strf200,-23081735.809790093,m**2 s**-1,not_classified,200 hPa stream function
JJA_2026,east_africa,z200,12424.312969880886,gpm,not_classified,200 hPa geopotential height
JJA_2026,east_africa,z500,5877.083087561266,gpm,not_classified,500 hPa geopotential height
JJA_2026,east_africa,sst_proxy,300.03400412085153,K,not_classified,Sea surface temperature or near-surface ocean temperature proxy
JJA_2026,atlantic_congo_ethiopia,u200,2.226184238323998,m s**-1,westerly_flow,200 hPa zonal wind
JJA_2026,atlantic_congo_ethiopia,v200,-0.6663027036093597,m s**-1,not_classified,200 hPa meridional wind
JJA_2026,atlantic_congo_ethiopia,tej_strength,-2.226184238323998,m s**-1,no_easterly_tej,TEJ strength proxy: -u200. Larger positive values indicate stronger easterly flow.
JJA_2026,atlantic_congo_ethiopia,div200,-6.927472440920888e-07,s-1,convergence,200 hPa horizontal divergence computed from CFSv2 u200 and v200.
JJA_2026,atlantic_congo_ethiopia,u850,-0.9693236474288399,m s**-1,not_classified,850 hPa zonal wind
JJA_2026,atlantic_congo_ethiopia,v850,1.836956308307764,m s**-1,not_classified,850 hPa meridional wind
JJA_2026,atlantic_congo_ethiopia,q850,0.008264056034759286,kg kg**-1,not_classified,850 hPa specific humidity
JJA_2026,atlantic_congo_ethiopia,wind_speed850,3.8556589639658263,m s**-1,not_classified,850 hPa wind speed.
JJA_2026,atlantic_congo_ethiopia,qu850,-0.002999842453012492,kg kg-1 m s-1,not_classified,850 hPa zonal moisture flux proxy: q850 * u850.
JJA_2026,atlantic_congo_ethiopia,qv850,0.015641638271585705,kg kg-1 m s-1,not_classified,850 hPa meridional moisture flux proxy: q850 * v850.
JJA_2026,atlantic_congo_ethiopia,mfc850,-1.6920171584293723e-09,kg kg-1 s-1 approximately,moisture_divergence,"850 hPa moisture-flux convergence proxy: -div(q850*u850, q850*v850)."
JJA_2026,atlantic_congo_ethiopia,omega500,0.007362441806537472,Pa s**-1,subsidence_tendency,500 hPa vertical velocity / omega
JJA_2026,atlantic_congo_ethiopia,omega700,0.00038359927853220553,Pa s**-1,subsidence_tendency,700 hPa vertical velocity / omega
JJA_2026,atlantic_congo_ethiopia,vp200,12094203.14044686,m**2 s**-1,not_classified,200 hPa velocity potential
JJA_2026,atlantic_congo_ethiopia,strf200,-23984119.451615088,m**2 s**-1,not_classified,200 hPa stream function
JJA_2026,atlantic_congo_ethiopia,z200,12409.082125891537,gpm,not_classified,200 hPa geopotential height
JJA_2026,atlantic_congo_ethiopia,z500,5877.279560026872,gpm,not_classified,500 hPa geopotential height
JJA_2026,atlantic_congo_ethiopia,sst_proxy,298.156907540427,K,not_classified,Sea surface temperature or near-surface ocean temperature proxy
JJA_2026,congo_moisture_corridor,u200,-6.450070965895574,m s**-1,easterly_flow,200 hPa zonal wind
JJA_2026,congo_moisture_corridor,v200,-0.6429994204925655,m s**-1,not_classified,200 hPa meridional wind
JJA_2026,congo_moisture_corridor,tej_strength,6.450070965895574,m s**-1,weak_tej,TEJ strength proxy: -u200. Larger positive values indicate stronger easterly flow.
JJA_2026,congo_moisture_corridor,div200,-1.3738060039597076e-07,s-1,convergence,200 hPa horizontal divergence computed from CFSv2 u200 and v200.
JJA_2026,congo_moisture_corridor,u850,0.15323527137159892,m s**-1,not_classified,850 hPa zonal wind
JJA_2026,congo_moisture_corridor,v850,1.4957221948121846,m s**-1,not_classified,850 hPa meridional wind
JJA_2026,congo_moisture_corridor,q850,0.011051847846007299,kg kg**-1,not_classified,850 hPa specific humidity
JJA_2026,congo_moisture_corridor,wind_speed850,2.3384530217726867,m s**-1,not_classified,850 hPa wind speed.
JJA_2026,congo_moisture_corridor,qu850,0.0037682135518278693,kg kg-1 m s-1,not_classified,850 hPa zonal moisture flux proxy: q850 * u850.
JJA_2026,congo_moisture_corridor,qv850,0.015864728292141184,kg kg-1 m s-1,not_classified,850 hPa meridional moisture flux proxy: q850 * v850.
JJA_2026,congo_moisture_corridor,mfc850,7.130567719873008e-09,kg kg-1 s-1 approximately,moisture_convergence,"850 hPa moisture-flux convergence proxy: -div(q850*u850, q850*v850)."
JJA_2026,congo_moisture_corridor,omega500,-0.008858903488377578,Pa s**-1,rising_motion_tendency,500 hPa vertical velocity / omega
JJA_2026,congo_moisture_corridor,omega700,-0.01524472011049006,Pa s**-1,rising_motion_tendency,700 hPa vertical velocity / omega
JJA_2026,congo_moisture_corridor,vp200,12131512.406047607,m**2 s**-1,not_classified,200 hPa velocity potential
JJA_2026,congo_moisture_corridor,strf200,-29455332.35727109,m**2 s**-1,not_classified,200 hPa stream function
JJA_2026,congo_moisture_corridor,z200,12418.248027468218,gpm,not_classified,200 hPa geopotential height
JJA_2026,congo_moisture_corridor,z500,5876.703386326674,gpm,not_classified,500 hPa geopotential height
JJA_2026,congo_moisture_corridor,sst_proxy,,K,not_classified,Sea surface temperature or near-surface ocean temperature proxy
JJA_2026,western_moisture_entry,u200,-12.436917270927188,m s**-1,easterly_flow,200 hPa zonal wind
JJA_2026,western_moisture_entry,v200,-0.1003791295328044,m s**-1,not_classified,200 hPa meridional wind
JJA_2026,western_moisture_entry,tej_strength,12.436917270927188,m s**-1,moderate_tej,TEJ strength proxy: -u200. Larger positive values indicate stronger easterly flow.
JJA_2026,western_moisture_entry,div200,4.0388188386630934e-07,s-1,divergence,200 hPa horizontal divergence computed from CFSv2 u200 and v200.
JJA_2026,western_moisture_entry,u850,0.4651377452271306,m s**-1,not_classified,850 hPa zonal wind
JJA_2026,western_moisture_entry,v850,1.4631548347841918,m s**-1,not_classified,850 hPa meridional wind
JJA_2026,western_moisture_entry,q850,0.011696197960718798,kg kg**-1,not_classified,850 hPa specific humidity
JJA_2026,western_moisture_entry,wind_speed850,2.2842266332195456,m s**-1,not_classified,850 hPa wind speed.
JJA_2026,western_moisture_entry,qu850,0.0068464042226852664,kg kg-1 m s-1,not_classified,850 hPa zonal moisture flux proxy: q850 * u850.
JJA_2026,western_moisture_entry,qv850,0.017368914020616827,kg kg-1 m s-1,not_classified,850 hPa meridional moisture flux proxy: q850 * v850.
JJA_2026,western_moisture_entry,mfc850,-5.4940658327231994e-09,kg kg-1 s-1 approximately,moisture_divergence,"850 hPa moisture-flux convergence proxy: -div(q850*u850, q850*v850)."
JJA_2026,western_moisture_entry,omega500,-0.024320857755281592,Pa s**-1,rising_motion_tendency,500 hPa vertical velocity / omega
JJA_2026,western_moisture_entry,omega700,-0.012570401215767885,Pa s**-1,rising_motion_tendency,700 hPa vertical velocity / omega
JJA_2026,western_moisture_entry,vp200,11083843.034135127,m**2 s**-1,not_classified,200 hPa velocity potential
JJA_2026,western_moisture_entry,strf200,-26806707.650902,m**2 s**-1,not_classified,200 hPa stream function
JJA_2026,western_moisture_entry,z200,12421.825783848155,gpm,not_classified,200 hPa geopotential height
JJA_2026,western_moisture_entry,z500,5879.080616729841,gpm,not_classified,500 hPa geopotential height
JJA_2026,western_moisture_entry,sst_proxy,,K,not_classified,Sea surface temperature or near-surface ocean temperature proxy
JJA_2026,western_indian_ocean,u200,-10.44530459508906,m s**-1,easterly_flow,200 hPa zonal wind
JJA_2026,western_indian_ocean,v200,-2.834957327783689,m s**-1,not_classified,200 hPa meridional wind
JJA_2026,western_indian_ocean,tej_strength,10.44530459508906,m s**-1,moderate_tej,TEJ strength proxy: -u200. Larger positive values indicate stronger easterly flow.
JJA_2026,western_indian_ocean,div200,3.054823293619147e-07,s-1,divergence,200 hPa horizontal divergence computed from CFSv2 u200 and v200.
JJA_2026,western_indian_ocean,u850,2.2918753068961535,m s**-1,not_classified,850 hPa zonal wind
JJA_2026,western_indian_ocean,v850,5.3422206583169105,m s**-1,not_classified,850 hPa meridional wind
JJA_2026,western_indian_ocean,q850,0.009178283184171271,kg kg**-1,not_classified,850 hPa specific humidity
JJA_2026,western_indian_ocean,wind_speed850,9.684700429325703,m s**-1,not_classified,850 hPa wind speed.
JJA_2026,western_indian_ocean,qu850,0.026014197832527466,kg kg-1 m s-1,not_classified,850 hPa zonal moisture flux proxy: q850 * u850.
JJA_2026,western_indian_ocean,qv850,0.04822656970741992,kg kg-1 m s-1,not_classified,850 hPa meridional moisture flux proxy: q850 * v850.
JJA_2026,western_indian_ocean,mfc850,-1.4194194827627036e-08,kg kg-1 s-1 approximately,moisture_divergence,"850 hPa moisture-flux convergence proxy: -div(q850*u850, q850*v850)."
JJA_2026,western_indian_ocean,omega500,0.013882310266095736,Pa s**-1,subsidence_tendency,500 hPa vertical velocity / omega
JJA_2026,western_indian_ocean,omega700,0.016722493946728697,Pa s**-1,subsidence_tendency,700 hPa vertical velocity / omega
JJA_2026,western_indian_ocean,vp200,5413369.785512559,m**2 s**-1,not_classified,200 hPa velocity potential
JJA_2026,western_indian_ocean,strf200,-24569435.596859332,m**2 s**-1,not_classified,200 hPa stream function
JJA_2026,western_indian_ocean,z200,12419.032856598229,gpm,not_classified,200 hPa geopotential height
JJA_2026,western_indian_ocean,z500,5869.100061800597,gpm,not_classified,500 hPa geopotential height
JJA_2026,western_indian_ocean,sst_proxy,300.42562189564063,K,not_classified,Sea surface temperature or near-surface ocean temperature proxy
JJA_2026,arabia_red_sea,u200,-12.204293927575174,m s**-1,easterly_flow,200 hPa zonal wind
JJA_2026,arabia_red_sea,v200,1.8763592467662142,m s**-1,not_classified,200 hPa meridional wind
JJA_2026,arabia_red_sea,tej_strength,12.204293927575174,m s**-1,moderate_tej,TEJ strength proxy: -u200. Larger positive values indicate stronger easterly flow.
JJA_2026,arabia_red_sea,div200,-2.3706566473265455e-07,s-1,convergence,200 hPa horizontal divergence computed from CFSv2 u200 and v200.
JJA_2026,arabia_red_sea,u850,3.412921696572013,m s**-1,not_classified,850 hPa zonal wind
JJA_2026,arabia_red_sea,v850,-0.3363178029701517,m s**-1,not_classified,850 hPa meridional wind
JJA_2026,arabia_red_sea,q850,0.006675417516888769,kg kg**-1,not_classified,850 hPa specific humidity
JJA_2026,arabia_red_sea,wind_speed850,5.6522053938491865,m s**-1,not_classified,850 hPa wind speed.
JJA_2026,arabia_red_sea,qu850,0.02931218837260146,kg kg-1 m s-1,not_classified,850 hPa zonal moisture flux proxy: q850 * u850.
JJA_2026,arabia_red_sea,qv850,0.005279039322614299,kg kg-1 m s-1,not_classified,850 hPa meridional moisture flux proxy: q850 * v850.
JJA_2026,arabia_red_sea,mfc850,1.519117867266379e-08,kg kg-1 s-1 approximately,moisture_convergence,"850 hPa moisture-flux convergence proxy: -div(q850*u850, q850*v850)."
JJA_2026,arabia_red_sea,omega500,0.003152352457987104,Pa s**-1,subsidence_tendency,500 hPa vertical velocity / omega
JJA_2026,arabia_red_sea,omega700,-0.02968729967902531,Pa s**-1,rising_motion_tendency,700 hPa vertical velocity / omega
JJA_2026,arabia_red_sea,vp200,4929146.76304687,m**2 s**-1,not_classified,200 hPa velocity potential
JJA_2026,arabia_red_sea,strf200,-3195789.3024198026,m**2 s**-1,not_classified,200 hPa stream function
JJA_2026,arabia_red_sea,z200,12497.287713522806,gpm,not_classified,200 hPa geopotential height
JJA_2026,arabia_red_sea,z500,5894.747457306394,gpm,not_classified,500 hPa geopotential height
JJA_2026,arabia_red_sea,sst_proxy,300.757729407894,K,not_classified,Sea surface temperature or near-surface ocean temperature proxy
JJA_2026,north_africa_arabia,u200,-4.4842888067302304,m s**-1,easterly_flow,200 hPa zonal wind
JJA_2026,north_africa_arabia,v200,3.6727897012792976,m s**-1,not_classified,200 hPa meridional wind
JJA_2026,north_africa_arabia,tej_strength,4.4842888067302304,m s**-1,weak_tej,TEJ strength proxy: -u200. Larger positive values indicate stronger easterly flow.
JJA_2026,north_africa_arabia,div200,-6.706524182921055e-07,s-1,convergence,200 hPa horizontal divergence computed from CFSv2 u200 and v200.
JJA_2026,north_africa_arabia,u850,1.2221570581609442,m s**-1,not_classified,850 hPa zonal wind
JJA_2026,north_africa_arabia,v850,-1.3656577021790732,m s**-1,not_classified,850 hPa meridional wind
JJA_2026,north_africa_arabia,q850,0.006737092957911973,kg kg**-1,not_classified,850 hPa specific humidity
JJA_2026,north_africa_arabia,wind_speed850,4.8432090071880705,m s**-1,not_classified,850 hPa wind speed.
JJA_2026,north_africa_arabia,qu850,0.013069421498849695,kg kg-1 m s-1,not_classified,850 hPa zonal moisture flux proxy: q850 * u850.
JJA_2026,north_africa_arabia,qv850,-0.0028393238624700983,kg kg-1 m s-1,not_classified,850 hPa meridional moisture flux proxy: q850 * v850.
JJA_2026,north_africa_arabia,mfc850,1.0111841382897222e-08,kg kg-1 s-1 approximately,moisture_convergence,"850 hPa moisture-flux convergence proxy: -div(q850*u850, q850*v850)."
JJA_2026,north_africa_arabia,omega500,0.015293133773008805,Pa s**-1,subsidence_tendency,500 hPa vertical velocity / omega
JJA_2026,north_africa_arabia,omega700,-0.009447053087015982,Pa s**-1,rising_motion_tendency,700 hPa vertical velocity / omega
JJA_2026,north_africa_arabia,vp200,7435831.048981412,m**2 s**-1,not_classified,200 hPa velocity potential
JJA_2026,north_africa_arabia,strf200,-9455991.069744484,m**2 s**-1,not_classified,200 hPa stream function
JJA_2026,north_africa_arabia,z200,12477.57903678256,gpm,not_classified,200 hPa geopotential height
JJA_2026,north_africa_arabia,z500,5895.569517820377,gpm,not_classified,500 hPa geopotential height
JJA_2026,north_africa_arabia,sst_proxy,299.9383985407335,K,not_classified,Sea surface temperature or near-surface ocean temperature proxy
JJA_2026,tej_core,u200,-16.996229449928453,m s**-1,easterly_flow,200 hPa zonal wind
JJA_2026,tej_core,v200,-0.06576726533626397,m s**-1,not_classified,200 hPa meridional wind
JJA_2026,tej_core,tej_strength,16.996229449928453,m s**-1,moderate_tej,TEJ strength proxy: -u200. Larger positive values indicate stronger easterly flow.
JJA_2026,tej_core,div200,1.4907896909975982e-06,s-1,divergence,200 hPa horizontal divergence computed from CFSv2 u200 and v200.
JJA_2026,tej_core,u850,7.409559069514577,m s**-1,not_classified,850 hPa zonal wind
JJA_2026,tej_core,v850,1.580151394011275,m s**-1,not_classified,850 hPa meridional wind
JJA_2026,tej_core,q850,0.01059839730073103,kg kg**-1,not_classified,850 hPa specific humidity
JJA_2026,tej_core,wind_speed850,8.862874593692753,m s**-1,not_classified,850 hPa wind speed.
JJA_2026,tej_core,qu850,0.0822203894681077,kg kg-1 m s-1,not_classified,850 hPa zonal moisture flux proxy: q850 * u850.
JJA_2026,tej_core,qv850,0.017711022736911584,kg kg-1 m s-1,not_classified,850 hPa meridional moisture flux proxy: q850 * v850.
JJA_2026,tej_core,mfc850,8.133147785130436e-09,kg kg-1 s-1 approximately,moisture_convergence,"850 hPa moisture-flux convergence proxy: -div(q850*u850, q850*v850)."
JJA_2026,tej_core,omega500,-0.019474991234289734,Pa s**-1,rising_motion_tendency,500 hPa vertical velocity / omega
JJA_2026,tej_core,omega700,-0.033229346665236706,Pa s**-1,rising_motion_tendency,700 hPa vertical velocity / omega
JJA_2026,tej_core,vp200,-422795.0781834819,m**2 s**-1,not_classified,200 hPa velocity potential
JJA_2026,tej_core,strf200,-12495198.947231557,m**2 s**-1,not_classified,200 hPa stream function
JJA_2026,tej_core,z200,12458.01855998694,gpm,not_classified,200 hPa geopotential height
JJA_2026,tej_core,z500,5873.666563139164,gpm,not_classified,500 hPa geopotential height
JJA_2026,tej_core,sst_proxy,301.4265972339638,K,not_classified,Sea surface temperature or near-surface ocean temperature proxy
JJA_2026,somali_jet_box,u200,-11.052883378734562,m s**-1,easterly_flow,200 hPa zonal wind
JJA_2026,somali_jet_box,v200,-0.5878553697467618,m s**-1,not_classified,200 hPa meridional wind
JJA_2026,somali_jet_box,tej_strength,11.052883378734562,m s**-1,moderate_tej,TEJ strength proxy: -u200. Larger positive values indicate stronger easterly flow.
JJA_2026,somali_jet_box,div200,-8.077100751179332e-07,s-1,convergence,200 hPa horizontal divergence computed from CFSv2 u200 and v200.
JJA_2026,somali_jet_box,u850,2.6331607293324524,m s**-1,not_classified,850 hPa zonal wind
JJA_2026,somali_jet_box,v850,7.573186499238877,m s**-1,not_classified,850 hPa meridional wind
JJA_2026,somali_jet_box,q850,0.008996391507404994,kg kg**-1,not_classified,850 hPa specific humidity
JJA_2026,somali_jet_box,wind_speed850,10.441172335337585,m s**-1,not_classified,850 hPa wind speed.
JJA_2026,somali_jet_box,qu850,0.026831054296596286,kg kg-1 m s-1,not_classified,850 hPa zonal moisture flux proxy: q850 * u850.
JJA_2026,somali_jet_box,qv850,0.06804973362911909,kg kg-1 m s-1,not_classified,850 hPa meridional moisture flux proxy: q850 * v850.
JJA_2026,somali_jet_box,mfc850,-2.3201674415226734e-08,kg kg-1 s-1 approximately,moisture_divergence,"850 hPa moisture-flux convergence proxy: -div(q850*u850, q850*v850)."
JJA_2026,somali_jet_box,omega500,0.024061958784747213,Pa s**-1,subsidence_tendency,500 hPa vertical velocity / omega
JJA_2026,somali_jet_box,omega700,0.030596105664286444,Pa s**-1,subsidence_tendency,700 hPa vertical velocity / omega
JJA_2026,somali_jet_box,vp200,8080226.9081768375,m**2 s**-1,not_classified,200 hPa velocity potential
JJA_2026,somali_jet_box,strf200,-23859126.07420609,m**2 s**-1,not_classified,200 hPa stream function
JJA_2026,somali_jet_box,z200,12418.518144346544,gpm,not_classified,200 hPa geopotential height
JJA_2026,somali_jet_box,z500,5871.527073396663,gpm,not_classified,500 hPa geopotential height
JJA_2026,somali_jet_box,sst_proxy,299.97832370101526,K,not_classified,Sea surface temperature or near-surface ocean temperature proxy
JJA_2026,turkana_corridor,u200,-3.527870100170734,m s**-1,easterly_flow,200 hPa zonal wind
JJA_2026,turkana_corridor,v200,-0.2634635671254839,m s**-1,not_classified,200 hPa meridional wind
JJA_2026,turkana_corridor,tej_strength,3.527870100170734,m s**-1,weak_tej,TEJ strength proxy: -u200. Larger positive values indicate stronger easterly flow.
JJA_2026,turkana_corridor,div200,-1.8935750988309436e-06,s-1,convergence,200 hPa horizontal divergence computed from CFSv2 u200 and v200.
JJA_2026,turkana_corridor,u850,-2.876911173869978,m s**-1,not_classified,850 hPa zonal wind
JJA_2026,turkana_corridor,v850,4.895221024237434,m s**-1,not_classified,850 hPa meridional wind
JJA_2026,turkana_corridor,q850,0.009674424671647718,kg kg**-1,not_classified,850 hPa specific humidity
JJA_2026,turkana_corridor,wind_speed850,6.320602414614655,m s**-1,not_classified,850 hPa wind speed.
JJA_2026,turkana_corridor,qu850,-0.027668280783550193,kg kg-1 m s-1,not_classified,850 hPa zonal moisture flux proxy: q850 * u850.
JJA_2026,turkana_corridor,qv850,0.04638169450603989,kg kg-1 m s-1,not_classified,850 hPa meridional moisture flux proxy: q850 * v850.
JJA_2026,turkana_corridor,mfc850,-1.897235160290594e-08,kg kg-1 s-1 approximately,moisture_divergence,"850 hPa moisture-flux convergence proxy: -div(q850*u850, q850*v850)."
JJA_2026,turkana_corridor,omega500,0.03507697910032746,Pa s**-1,subsidence_tendency,500 hPa vertical velocity / omega
JJA_2026,turkana_corridor,omega700,0.02968979071356748,Pa s**-1,subsidence_tendency,700 hPa vertical velocity / omega
JJA_2026,turkana_corridor,vp200,11848657.628880033,m**2 s**-1,not_classified,200 hPa velocity potential
JJA_2026,turkana_corridor,strf200,-30618603.9245572,m**2 s**-1,not_classified,200 hPa stream function
JJA_2026,turkana_corridor,z200,12408.646145480487,gpm,not_classified,200 hPa geopotential height
JJA_2026,turkana_corridor,z500,5872.258432990832,gpm,not_classified,500 hPa geopotential height
JJA_2026,turkana_corridor,sst_proxy,299.3431136577509,K,not_classified,Sea surface temperature or near-surface ocean temperature proxy
JJA_2026,nino34,sst_proxy,301.6863042754959,K,raw_sst_proxy_mean,CFSv2 raw SST proxy area mean; not an anomaly unless climatology is subtracted.
JJA_2026,iod_west,sst_proxy,301.17173153233,K,raw_sst_proxy_mean,CFSv2 raw SST proxy area mean; not an anomaly unless climatology is subtracted.
JJA_2026,iod_east,sst_proxy,302.2471717159325,K,raw_sst_proxy_mean,CFSv2 raw SST proxy area mean; not an anomaly unless climatology is subtracted.
JJA_2026,iod_west_minus_iod_east,dmi_raw_sst_proxy,-1.0754401836024954,K,raw_gradient_not_anomaly,Raw west-minus-east Indian Ocean SST proxy. This is not an official DMI anomaly.
JJAS_2026,ethiopia,u200,-14.326208101868506,m s**-1,easterly_flow,200 hPa zonal wind
JJAS_2026,ethiopia,v200,1.5485276663674308,m s**-1,not_classified,200 hPa meridional wind
JJAS_2026,ethiopia,tej_strength,14.326208101868506,m s**-1,moderate_tej,TEJ strength proxy: -u200. Larger positive values indicate stronger easterly flow.
JJAS_2026,ethiopia,div200,-7.12190118630383e-07,s-1,convergence,200 hPa horizontal divergence computed from CFSv2 u200 and v200.
JJAS_2026,ethiopia,u850,1.9767058344849266,m s**-1,not_classified,850 hPa zonal wind
JJAS_2026,ethiopia,v850,3.778567773655234,m s**-1,not_classified,850 hPa meridional wind
JJAS_2026,ethiopia,q850,0.01063505544201031,kg kg**-1,not_classified,850 hPa specific humidity
JJAS_2026,ethiopia,wind_speed850,5.481310565726762,m s**-1,not_classified,850 hPa wind speed.
JJAS_2026,ethiopia,qu850,0.0202330782748651,kg kg-1 m s-1,not_classified,850 hPa zonal moisture flux proxy: q850 * u850.
JJAS_2026,ethiopia,qv850,0.038828443813569445,kg kg-1 m s-1,not_classified,850 hPa meridional moisture flux proxy: q850 * v850.
JJAS_2026,ethiopia,mfc850,4.721113681712557e-09,kg kg-1 s-1 approximately,moisture_convergence,"850 hPa moisture-flux convergence proxy: -div(q850*u850, q850*v850)."
JJAS_2026,ethiopia,omega500,-0.0026220952610013274,Pa s**-1,rising_motion_tendency,500 hPa vertical velocity / omega
JJAS_2026,ethiopia,omega700,-0.019999905583597204,Pa s**-1,rising_motion_tendency,700 hPa vertical velocity / omega
JJAS_2026,ethiopia,vp200,9021020.480895733,m**2 s**-1,not_classified,200 hPa velocity potential
JJAS_2026,ethiopia,strf200,-20869174.367890447,m**2 s**-1,not_classified,200 hPa stream function
JJAS_2026,ethiopia,z200,12421.138703117143,gpm,not_classified,200 hPa geopotential height
JJAS_2026,ethiopia,z500,5876.968445607171,gpm,not_classified,500 hPa geopotential height
JJAS_2026,ethiopia,sst_proxy,302.76605366438343,K,not_classified,Sea surface temperature or near-surface ocean temperature proxy
JJAS_2026,ethiopia_highlands_broad,u200,-15.435792315914775,m s**-1,easterly_flow,200 hPa zonal wind
JJAS_2026,ethiopia_highlands_broad,v200,1.5042668189588284,m s**-1,not_classified,200 hPa meridional wind
JJAS_2026,ethiopia_highlands_broad,tej_strength,15.435792315914775,m s**-1,moderate_tej,TEJ strength proxy: -u200. Larger positive values indicate stronger easterly flow.
JJAS_2026,ethiopia_highlands_broad,div200,3.4869390877358245e-07,s-1,divergence,200 hPa horizontal divergence computed from CFSv2 u200 and v200.
JJAS_2026,ethiopia_highlands_broad,u850,0.5103459106804016,m s**-1,not_classified,850 hPa zonal wind
JJAS_2026,ethiopia_highlands_broad,v850,1.5187580597055075,m s**-1,not_classified,850 hPa meridional wind
JJAS_2026,ethiopia_highlands_broad,q850,0.01172366476213438,kg kg**-1,not_classified,850 hPa specific humidity
JJAS_2026,ethiopia_highlands_broad,wind_speed850,2.3652628127519173,m s**-1,not_classified,850 hPa wind speed.
JJAS_2026,ethiopia_highlands_broad,qu850,0.006365876393242327,kg kg-1 m s-1,not_classified,850 hPa zonal moisture flux proxy: q850 * u850.
JJAS_2026,ethiopia_highlands_broad,qv850,0.017387216191806727,kg kg-1 m s-1,not_classified,850 hPa meridional moisture flux proxy: q850 * v850.
JJAS_2026,ethiopia_highlands_broad,mfc850,3.096994617284576e-08,kg kg-1 s-1 approximately,moisture_convergence,"850 hPa moisture-flux convergence proxy: -div(q850*u850, q850*v850)."
JJAS_2026,ethiopia_highlands_broad,omega500,-0.03468932314238037,Pa s**-1,rising_motion_tendency,500 hPa vertical velocity / omega
JJAS_2026,ethiopia_highlands_broad,omega700,-0.0538283846890062,Pa s**-1,rising_motion_tendency,700 hPa vertical velocity / omega
JJAS_2026,ethiopia_highlands_broad,vp200,9244086.037943803,m**2 s**-1,not_classified,200 hPa velocity potential
JJAS_2026,ethiopia_highlands_broad,strf200,-20538167.213213902,m**2 s**-1,not_classified,200 hPa stream function
JJAS_2026,ethiopia_highlands_broad,z200,12423.195805378562,gpm,not_classified,200 hPa geopotential height
JJAS_2026,ethiopia_highlands_broad,z500,5879.651887960143,gpm,not_classified,500 hPa geopotential height
JJAS_2026,ethiopia_highlands_broad,sst_proxy,,K,not_classified,Sea surface temperature or near-surface ocean temperature proxy
JJAS_2026,north_ethiopia,u200,-16.970865254765062,m s**-1,easterly_flow,200 hPa zonal wind
JJAS_2026,north_ethiopia,v200,2.396539452415804,m s**-1,not_classified,200 hPa meridional wind
JJAS_2026,north_ethiopia,tej_strength,16.970865254765062,m s**-1,moderate_tej,TEJ strength proxy: -u200. Larger positive values indicate stronger easterly flow.
JJAS_2026,north_ethiopia,div200,7.91401947494057e-07,s-1,divergence,200 hPa horizontal divergence computed from CFSv2 u200 and v200.
JJAS_2026,north_ethiopia,u850,1.2051012913113042,m s**-1,not_classified,850 hPa zonal wind
JJAS_2026,north_ethiopia,v850,0.3712082173928051,m s**-1,not_classified,850 hPa meridional wind
JJAS_2026,north_ethiopia,q850,0.01144402753034048,kg kg**-1,not_classified,850 hPa specific humidity
JJAS_2026,north_ethiopia,wind_speed850,2.2375102797051802,m s**-1,not_classified,850 hPa wind speed.
JJAS_2026,north_ethiopia,qu850,0.013878583748961157,kg kg-1 m s-1,not_classified,850 hPa zonal moisture flux proxy: q850 * u850.
JJAS_2026,north_ethiopia,qv850,0.006106392465079759,kg kg-1 m s-1,not_classified,850 hPa meridional moisture flux proxy: q850 * v850.
JJAS_2026,north_ethiopia,mfc850,4.6640235534999554e-08,kg kg-1 s-1 approximately,moisture_convergence,"850 hPa moisture-flux convergence proxy: -div(q850*u850, q850*v850)."
JJAS_2026,north_ethiopia,omega500,-0.05196451574114603,Pa s**-1,rising_motion_tendency,500 hPa vertical velocity / omega
JJAS_2026,north_ethiopia,omega700,-0.07348763615832724,Pa s**-1,rising_motion_tendency,700 hPa vertical velocity / omega
JJAS_2026,north_ethiopia,vp200,8688611.861631626,m**2 s**-1,not_classified,200 hPa velocity potential
JJAS_2026,north_ethiopia,strf200,-16217903.331880571,m**2 s**-1,not_classified,200 hPa stream function
JJAS_2026,north_ethiopia,z200,12435.520616208867,gpm,not_classified,200 hPa geopotential height
JJAS_2026,north_ethiopia,z500,5884.907746615519,gpm,not_classified,500 hPa geopotential height
JJAS_2026,north_ethiopia,sst_proxy,306.1780700683593,K,not_classified,Sea surface temperature or near-surface ocean temperature proxy
JJAS_2026,central_ethiopia,u200,-15.217817807786421,m s**-1,easterly_flow,200 hPa zonal wind
JJAS_2026,central_ethiopia,v200,1.1179611694742315,m s**-1,not_classified,200 hPa meridional wind
JJAS_2026,central_ethiopia,tej_strength,15.217817807786421,m s**-1,moderate_tej,TEJ strength proxy: -u200. Larger positive values indicate stronger easterly flow.
JJAS_2026,central_ethiopia,div200,-7.257245572767643e-08,s-1,convergence,200 hPa horizontal divergence computed from CFSv2 u200 and v200.
JJAS_2026,central_ethiopia,u850,0.05573583670660713,m s**-1,not_classified,850 hPa zonal wind
JJAS_2026,central_ethiopia,v850,1.1058661350411019,m s**-1,not_classified,850 hPa meridional wind
JJAS_2026,central_ethiopia,q850,0.01255558718949891,kg kg**-1,not_classified,850 hPa specific humidity
JJAS_2026,central_ethiopia,wind_speed850,1.3867046383605115,m s**-1,not_classified,850 hPa wind speed.
JJAS_2026,central_ethiopia,qu850,0.001456959364711318,kg kg-1 m s-1,not_classified,850 hPa zonal moisture flux proxy: q850 * u850.
JJAS_2026,central_ethiopia,qv850,0.012642849317064952,kg kg-1 m s-1,not_classified,850 hPa meridional moisture flux proxy: q850 * v850.
JJAS_2026,central_ethiopia,mfc850,4.714112022653491e-08,kg kg-1 s-1 approximately,moisture_convergence,"850 hPa moisture-flux convergence proxy: -div(q850*u850, q850*v850)."
JJAS_2026,central_ethiopia,omega500,-0.03355392029787606,Pa s**-1,rising_motion_tendency,500 hPa vertical velocity / omega
JJAS_2026,central_ethiopia,omega700,-0.06669004927087689,Pa s**-1,rising_motion_tendency,700 hPa vertical velocity / omega
JJAS_2026,central_ethiopia,vp200,9376365.79327311,m**2 s**-1,not_classified,200 hPa velocity potential
JJAS_2026,central_ethiopia,strf200,-22163503.541375127,m**2 s**-1,not_classified,200 hPa stream function
JJAS_2026,central_ethiopia,z200,12418.211616169765,gpm,not_classified,200 hPa geopotential height
JJAS_2026,central_ethiopia,z500,5877.494993741513,gpm,not_classified,500 hPa geopotential height
JJAS_2026,central_ethiopia,sst_proxy,,K,not_classified,Sea surface temperature or near-surface ocean temperature proxy
JJAS_2026,west_ethiopia,u200,-14.610881998439448,m s**-1,easterly_flow,200 hPa zonal wind
JJAS_2026,west_ethiopia,v200,0.9437002187635656,m s**-1,not_classified,200 hPa meridional wind
JJAS_2026,west_ethiopia,tej_strength,14.610881998439448,m s**-1,moderate_tej,TEJ strength proxy: -u200. Larger positive values indicate stronger easterly flow.
JJAS_2026,west_ethiopia,div200,1.8712275021898305e-06,s-1,divergence,200 hPa horizontal divergence computed from CFSv2 u200 and v200.
JJAS_2026,west_ethiopia,u850,0.438079877517845,m s**-1,not_classified,850 hPa zonal wind
JJAS_2026,west_ethiopia,v850,1.7767154097907938,m s**-1,not_classified,850 hPa meridional wind
JJAS_2026,west_ethiopia,q850,0.012222196030264622,kg kg**-1,not_classified,850 hPa specific humidity
JJAS_2026,west_ethiopia,wind_speed850,2.2794982206013796,m s**-1,not_classified,850 hPa wind speed.
JJAS_2026,west_ethiopia,qu850,0.005899750139854949,kg kg-1 m s-1,not_classified,850 hPa zonal moisture flux proxy: q850 * u850.
JJAS_2026,west_ethiopia,qv850,0.020925633744970275,kg kg-1 m s-1,not_classified,850 hPa meridional moisture flux proxy: q850 * v850.
JJAS_2026,west_ethiopia,mfc850,-8.885604580281896e-09,kg kg-1 s-1 approximately,moisture_divergence,"850 hPa moisture-flux convergence proxy: -div(q850*u850, q850*v850)."
JJAS_2026,west_ethiopia,omega500,-0.0649476722393498,Pa s**-1,rising_motion_tendency,500 hPa vertical velocity / omega
JJAS_2026,west_ethiopia,omega700,-0.008208644438183692,Pa s**-1,rising_motion_tendency,700 hPa vertical velocity / omega
JJAS_2026,west_ethiopia,vp200,9687598.741097689,m**2 s**-1,not_classified,200 hPa velocity potential
JJAS_2026,west_ethiopia,strf200,-22399837.956733845,m**2 s**-1,not_classified,200 hPa stream function
JJAS_2026,west_ethiopia,z200,12419.753141558058,gpm,not_classified,200 hPa geopotential height
JJAS_2026,west_ethiopia,z500,5879.094052395079,gpm,not_classified,500 hPa geopotential height
JJAS_2026,west_ethiopia,sst_proxy,,K,not_classified,Sea surface temperature or near-surface ocean temperature proxy
JJAS_2026,east_ethiopia,u200,-16.115292003693355,m s**-1,easterly_flow,200 hPa zonal wind
JJAS_2026,east_ethiopia,v200,1.8197135856886653,m s**-1,not_classified,200 hPa meridional wind
JJAS_2026,east_ethiopia,tej_strength,16.115292003693355,m s**-1,moderate_tej,TEJ strength proxy: -u200. Larger positive values indicate stronger easterly flow.
JJAS_2026,east_ethiopia,div200,-1.6391401434823602e-06,s-1,convergence,200 hPa horizontal divergence computed from CFSv2 u200 and v200.
JJAS_2026,east_ethiopia,u850,4.090663155885975,m s**-1,not_classified,850 hPa zonal wind
JJAS_2026,east_ethiopia,v850,6.12362757244795,m s**-1,not_classified,850 hPa meridional wind
JJAS_2026,east_ethiopia,q850,0.009841132785616451,kg kg**-1,not_classified,850 hPa specific humidity
JJAS_2026,east_ethiopia,wind_speed850,7.860210699936498,m s**-1,not_classified,850 hPa wind speed.
JJAS_2026,east_ethiopia,qu850,0.040788372363479465,kg kg-1 m s-1,not_classified,850 hPa zonal moisture flux proxy: q850 * u850.
JJAS_2026,east_ethiopia,qv850,0.0617542184549984,kg kg-1 m s-1,not_classified,850 hPa meridional moisture flux proxy: q850 * v850.
JJAS_2026,east_ethiopia,mfc850,2.179757810796126e-08,kg kg-1 s-1 approximately,moisture_convergence,"850 hPa moisture-flux convergence proxy: -div(q850*u850, q850*v850)."
JJAS_2026,east_ethiopia,omega500,0.03139273282154784,Pa s**-1,subsidence_tendency,500 hPa vertical velocity / omega
JJAS_2026,east_ethiopia,omega700,-0.001979713295792889,Pa s**-1,rising_motion_tendency,700 hPa vertical velocity / omega
JJAS_2026,east_ethiopia,vp200,8366807.16557973,m**2 s**-1,not_classified,200 hPa velocity potential
JJAS_2026,east_ethiopia,strf200,-20618723.972985443,m**2 s**-1,not_classified,200 hPa stream function
JJAS_2026,east_ethiopia,z200,12417.117114792089,gpm,not_classified,200 hPa geopotential height
JJAS_2026,east_ethiopia,z500,5873.096138693607,gpm,not_classified,500 hPa geopotential height
JJAS_2026,east_ethiopia,sst_proxy,302.586733798153,K,not_classified,Sea surface temperature or near-surface ocean temperature proxy
JJAS_2026,greater_horn,u200,-4.374254958339016,m s**-1,easterly_flow,200 hPa zonal wind
JJAS_2026,greater_horn,v200,0.5319580470326167,m s**-1,not_classified,200 hPa meridional wind
JJAS_2026,greater_horn,tej_strength,4.374254958339016,m s**-1,weak_tej,TEJ strength proxy: -u200. Larger positive values indicate stronger easterly flow.
JJAS_2026,greater_horn,div200,-9.916712485813774e-07,s-1,convergence,200 hPa horizontal divergence computed from CFSv2 u200 and v200.
JJAS_2026,greater_horn,u850,-0.5942219447531341,m s**-1,not_classified,850 hPa zonal wind
JJAS_2026,greater_horn,v850,2.2495771911804674,m s**-1,not_classified,850 hPa meridional wind
JJAS_2026,greater_horn,q850,0.00831499356871947,kg kg**-1,not_classified,850 hPa specific humidity
JJAS_2026,greater_horn,wind_speed850,5.543337948882073,m s**-1,not_classified,850 hPa wind speed.
JJAS_2026,greater_horn,qu850,-0.0010805564996176783,kg kg-1 m s-1,not_classified,850 hPa zonal moisture flux proxy: q850 * u850.
JJAS_2026,greater_horn,qv850,0.0227829637996878,kg kg-1 m s-1,not_classified,850 hPa meridional moisture flux proxy: q850 * v850.
JJAS_2026,greater_horn,mfc850,-1.2667903883563888e-09,kg kg-1 s-1 approximately,moisture_divergence,"850 hPa moisture-flux convergence proxy: -div(q850*u850, q850*v850)."
JJAS_2026,greater_horn,omega500,0.012812635893913467,Pa s**-1,subsidence_tendency,500 hPa vertical velocity / omega
JJAS_2026,greater_horn,omega700,0.001083414681650167,Pa s**-1,subsidence_tendency,700 hPa vertical velocity / omega
JJAS_2026,greater_horn,vp200,10011430.531249674,m**2 s**-1,not_classified,200 hPa velocity potential
JJAS_2026,greater_horn,strf200,-20156370.982589643,m**2 s**-1,not_classified,200 hPa stream function
JJAS_2026,greater_horn,z200,12423.922998875722,gpm,not_classified,200 hPa geopotential height
JJAS_2026,greater_horn,z500,5877.915039649752,gpm,not_classified,500 hPa geopotential height
JJAS_2026,greater_horn,sst_proxy,300.07729676011405,K,not_classified,Sea surface temperature or near-surface ocean temperature proxy
JJAS_2026,east_africa,u200,-4.445537802048853,m s**-1,easterly_flow,200 hPa zonal wind
JJAS_2026,east_africa,v200,-0.006336251451721506,m s**-1,not_classified,200 hPa meridional wind
JJAS_2026,east_africa,tej_strength,4.445537802048853,m s**-1,weak_tej,TEJ strength proxy: -u200. Larger positive values indicate stronger easterly flow.
JJAS_2026,east_africa,div200,-1.0641152341583836e-06,s-1,convergence,200 hPa horizontal divergence computed from CFSv2 u200 and v200.
JJAS_2026,east_africa,u850,-0.5915128476020503,m s**-1,not_classified,850 hPa zonal wind
JJAS_2026,east_africa,v850,3.011861700508031,m s**-1,not_classified,850 hPa meridional wind
JJAS_2026,east_africa,q850,0.00881116005874008,kg kg**-1,not_classified,850 hPa specific humidity
JJAS_2026,east_africa,wind_speed850,5.681107922973703,m s**-1,not_classified,850 hPa wind speed.
JJAS_2026,east_africa,qu850,-0.0007948921180392595,kg kg-1 m s-1,not_classified,850 hPa zonal moisture flux proxy: q850 * u850.
JJAS_2026,east_africa,qv850,0.027947058834928973,kg kg-1 m s-1,not_classified,850 hPa meridional moisture flux proxy: q850 * v850.
JJAS_2026,east_africa,mfc850,-7.77363832140299e-10,kg kg-1 s-1 approximately,moisture_divergence,"850 hPa moisture-flux convergence proxy: -div(q850*u850, q850*v850)."
JJAS_2026,east_africa,omega500,0.011274739201130155,Pa s**-1,subsidence_tendency,500 hPa vertical velocity / omega
JJAS_2026,east_africa,omega700,-0.00013771524821933867,Pa s**-1,rising_motion_tendency,700 hPa vertical velocity / omega
JJAS_2026,east_africa,vp200,10364320.301989011,m**2 s**-1,not_classified,200 hPa velocity potential
JJAS_2026,east_africa,strf200,-22142414.096813336,m**2 s**-1,not_classified,200 hPa stream function
JJAS_2026,east_africa,z200,12415.595585929408,gpm,not_classified,200 hPa geopotential height
JJAS_2026,east_africa,z500,5874.6308844676605,gpm,not_classified,500 hPa geopotential height
JJAS_2026,east_africa,sst_proxy,300.0073441842407,K,not_classified,Sea surface temperature or near-surface ocean temperature proxy
JJAS_2026,atlantic_congo_ethiopia,u200,3.2947568740599023,m s**-1,westerly_flow,200 hPa zonal wind
JJAS_2026,atlantic_congo_ethiopia,v200,-0.5660797842212146,m s**-1,not_classified,200 hPa meridional wind
JJAS_2026,atlantic_congo_ethiopia,tej_strength,-3.2947568740599023,m s**-1,no_easterly_tej,TEJ strength proxy: -u200. Larger positive values indicate stronger easterly flow.
JJAS_2026,atlantic_congo_ethiopia,div200,-6.508363503879492e-07,s-1,convergence,200 hPa horizontal divergence computed from CFSv2 u200 and v200.
JJAS_2026,atlantic_congo_ethiopia,u850,-1.2101480764378412,m s**-1,not_classified,850 hPa zonal wind
JJAS_2026,atlantic_congo_ethiopia,v850,1.6305498782360643,m s**-1,not_classified,850 hPa meridional wind
JJAS_2026,atlantic_congo_ethiopia,q850,0.008231833385222194,kg kg**-1,not_classified,850 hPa specific humidity
JJAS_2026,atlantic_congo_ethiopia,wind_speed850,3.6597824976604576,m s**-1,not_classified,850 hPa wind speed.
JJAS_2026,atlantic_congo_ethiopia,qu850,-0.004975935761344794,kg kg-1 m s-1,not_classified,850 hPa zonal moisture flux proxy: q850 * u850.
JJAS_2026,atlantic_congo_ethiopia,qv850,0.013360936491179828,kg kg-1 m s-1,not_classified,850 hPa meridional moisture flux proxy: q850 * v850.
JJAS_2026,atlantic_congo_ethiopia,mfc850,-1.3486859419437881e-09,kg kg-1 s-1 approximately,moisture_divergence,"850 hPa moisture-flux convergence proxy: -div(q850*u850, q850*v850)."
JJAS_2026,atlantic_congo_ethiopia,omega500,0.007035386989800466,Pa s**-1,subsidence_tendency,500 hPa vertical velocity / omega
JJAS_2026,atlantic_congo_ethiopia,omega700,-0.0006642232057954368,Pa s**-1,rising_motion_tendency,700 hPa vertical velocity / omega
JJAS_2026,atlantic_congo_ethiopia,vp200,11229669.015511341,m**2 s**-1,not_classified,200 hPa velocity potential
JJAS_2026,atlantic_congo_ethiopia,strf200,-22602064.006320372,m**2 s**-1,not_classified,200 hPa stream function
JJAS_2026,atlantic_congo_ethiopia,z200,12400.23891953383,gpm,not_classified,200 hPa geopotential height
JJAS_2026,atlantic_congo_ethiopia,z500,5874.738086339328,gpm,not_classified,500 hPa geopotential height
JJAS_2026,atlantic_congo_ethiopia,sst_proxy,298.0927196890537,K,not_classified,Sea surface temperature or near-surface ocean temperature proxy
JJAS_2026,congo_moisture_corridor,u200,-4.828722575531561,m s**-1,easterly_flow,200 hPa zonal wind
JJAS_2026,congo_moisture_corridor,v200,-0.7214382749016164,m s**-1,not_classified,200 hPa meridional wind
JJAS_2026,congo_moisture_corridor,tej_strength,4.828722575531561,m s**-1,weak_tej,TEJ strength proxy: -u200. Larger positive values indicate stronger easterly flow.
JJAS_2026,congo_moisture_corridor,div200,2.5519727856190576e-07,s-1,divergence,200 hPa horizontal divergence computed from CFSv2 u200 and v200.
JJAS_2026,congo_moisture_corridor,u850,-0.06856314029607681,m s**-1,not_classified,850 hPa zonal wind
JJAS_2026,congo_moisture_corridor,v850,1.1869825171623962,m s**-1,not_classified,850 hPa meridional wind
JJAS_2026,congo_moisture_corridor,q850,0.011091657275781744,kg kg**-1,not_classified,850 hPa specific humidity
JJAS_2026,congo_moisture_corridor,wind_speed850,2.1151609744877624,m s**-1,not_classified,850 hPa wind speed.
JJAS_2026,congo_moisture_corridor,qu850,0.0010913290880248205,kg kg-1 m s-1,not_classified,850 hPa zonal moisture flux proxy: q850 * u850.
JJAS_2026,congo_moisture_corridor,qv850,0.012382960048689867,kg kg-1 m s-1,not_classified,850 hPa meridional moisture flux proxy: q850 * v850.
JJAS_2026,congo_moisture_corridor,mfc850,1.0216981764697201e-08,kg kg-1 s-1 approximately,moisture_convergence,"850 hPa moisture-flux convergence proxy: -div(q850*u850, q850*v850)."
JJAS_2026,congo_moisture_corridor,omega500,-0.012402779415232438,Pa s**-1,rising_motion_tendency,500 hPa vertical velocity / omega
JJAS_2026,congo_moisture_corridor,omega700,-0.017444165946433103,Pa s**-1,rising_motion_tendency,700 hPa vertical velocity / omega
JJAS_2026,congo_moisture_corridor,vp200,11250078.857433375,m**2 s**-1,not_classified,200 hPa velocity potential
JJAS_2026,congo_moisture_corridor,strf200,-28483098.93635916,m**2 s**-1,not_classified,200 hPa stream function
JJAS_2026,congo_moisture_corridor,z200,12411.134272453215,gpm,not_classified,200 hPa geopotential height
JJAS_2026,congo_moisture_corridor,z500,5873.911898204677,gpm,not_classified,500 hPa geopotential height
JJAS_2026,congo_moisture_corridor,sst_proxy,,K,not_classified,Sea surface temperature or near-surface ocean temperature proxy
JJAS_2026,western_moisture_entry,u200,-10.024234920819293,m s**-1,easterly_flow,200 hPa zonal wind
JJAS_2026,western_moisture_entry,v200,-0.04059841464205634,m s**-1,not_classified,200 hPa meridional wind
JJAS_2026,western_moisture_entry,tej_strength,10.024234920819293,m s**-1,moderate_tej,TEJ strength proxy: -u200. Larger positive values indicate stronger easterly flow.
JJAS_2026,western_moisture_entry,div200,3.1803824772507487e-07,s-1,divergence,200 hPa horizontal divergence computed from CFSv2 u200 and v200.
JJAS_2026,western_moisture_entry,u850,-0.09616979908486266,m s**-1,not_classified,850 hPa zonal wind
JJAS_2026,western_moisture_entry,v850,1.1567941687833616,m s**-1,not_classified,850 hPa meridional wind
JJAS_2026,western_moisture_entry,q850,0.011513233728412203,kg kg**-1,not_classified,850 hPa specific humidity
JJAS_2026,western_moisture_entry,wind_speed850,2.0249626339098104,m s**-1,not_classified,850 hPa wind speed.
JJAS_2026,western_moisture_entry,qu850,0.000334742941500312,kg kg-1 m s-1,not_classified,850 hPa zonal moisture flux proxy: q850 * u850.
JJAS_2026,western_moisture_entry,qv850,0.013399527106494316,kg kg-1 m s-1,not_classified,850 hPa meridional moisture flux proxy: q850 * v850.
JJAS_2026,western_moisture_entry,mfc850,-4.380318072501524e-09,kg kg-1 s-1 approximately,moisture_divergence,"850 hPa moisture-flux convergence proxy: -div(q850*u850, q850*v850)."
JJAS_2026,western_moisture_entry,omega500,-0.021745058041591905,Pa s**-1,rising_motion_tendency,500 hPa vertical velocity / omega
JJAS_2026,western_moisture_entry,omega700,-0.01058393548799879,Pa s**-1,rising_motion_tendency,700 hPa vertical velocity / omega
JJAS_2026,western_moisture_entry,vp200,10529744.995231077,m**2 s**-1,not_classified,200 hPa velocity potential
JJAS_2026,western_moisture_entry,strf200,-26440396.696598954,m**2 s**-1,not_classified,200 hPa stream function
JJAS_2026,western_moisture_entry,z200,12413.644116298578,gpm,not_classified,200 hPa geopotential height
JJAS_2026,western_moisture_entry,z500,5876.2231100484905,gpm,not_classified,500 hPa geopotential height
JJAS_2026,western_moisture_entry,sst_proxy,,K,not_classified,Sea surface temperature or near-surface ocean temperature proxy
JJAS_2026,western_indian_ocean,u200,-9.096030078456923,m s**-1,easterly_flow,200 hPa zonal wind
JJAS_2026,western_indian_ocean,v200,-2.3810025230913223,m s**-1,not_classified,200 hPa meridional wind
JJAS_2026,western_indian_ocean,tej_strength,9.096030078456923,m s**-1,weak_tej,TEJ strength proxy: -u200. Larger positive values indicate stronger easterly flow.
JJAS_2026,western_indian_ocean,div200,1.8379107962722398e-07,s-1,divergence,200 hPa horizontal divergence computed from CFSv2 u200 and v200.
JJAS_2026,western_indian_ocean,u850,1.7499129613956612,m s**-1,not_classified,850 hPa zonal wind
JJAS_2026,western_indian_ocean,v850,4.781244308435111,m s**-1,not_classified,850 hPa meridional wind
JJAS_2026,western_indian_ocean,q850,0.009190410397802195,kg kg**-1,not_classified,850 hPa specific humidity
JJAS_2026,western_indian_ocean,wind_speed850,9.00846236140211,m s**-1,not_classified,850 hPa wind speed.
JJAS_2026,western_indian_ocean,qu850,0.020508794160505373,kg kg-1 m s-1,not_classified,850 hPa zonal moisture flux proxy: q850 * u850.
JJAS_2026,western_indian_ocean,qv850,0.0431222114689622,kg kg-1 m s-1,not_classified,850 hPa meridional moisture flux proxy: q850 * v850.
JJAS_2026,western_indian_ocean,mfc850,-1.3379275135408255e-08,kg kg-1 s-1 approximately,moisture_divergence,"850 hPa moisture-flux convergence proxy: -div(q850*u850, q850*v850)."
JJAS_2026,western_indian_ocean,omega500,0.013416985253143074,Pa s**-1,subsidence_tendency,500 hPa vertical velocity / omega
JJAS_2026,western_indian_ocean,omega700,0.015978855952261114,Pa s**-1,subsidence_tendency,700 hPa vertical velocity / omega
JJAS_2026,western_indian_ocean,vp200,5804729.579085318,m**2 s**-1,not_classified,200 hPa velocity potential
JJAS_2026,western_indian_ocean,strf200,-22646008.3116681,m**2 s**-1,not_classified,200 hPa stream function
JJAS_2026,western_indian_ocean,z200,12412.335077134423,gpm,not_classified,200 hPa geopotential height
JJAS_2026,western_indian_ocean,z500,5867.957908302027,gpm,not_classified,500 hPa geopotential height
JJAS_2026,western_indian_ocean,sst_proxy,300.3630355643257,K,not_classified,Sea surface temperature or near-surface ocean temperature proxy
JJAS_2026,arabia_red_sea,u200,-9.882726752066613,m s**-1,easterly_flow,200 hPa zonal wind
JJAS_2026,arabia_red_sea,v200,2.298050783223685,m s**-1,not_classified,200 hPa meridional wind
JJAS_2026,arabia_red_sea,tej_strength,9.882726752066613,m s**-1,weak_tej,TEJ strength proxy: -u200. Larger positive values indicate stronger easterly flow.
JJAS_2026,arabia_red_sea,div200,-4.240287434518441e-07,s-1,convergence,200 hPa horizontal divergence computed from CFSv2 u200 and v200.
JJAS_2026,arabia_red_sea,u850,2.675660120754202,m s**-1,not_classified,850 hPa zonal wind
JJAS_2026,arabia_red_sea,v850,-0.20909951967342089,m s**-1,not_classified,850 hPa meridional wind
JJAS_2026,arabia_red_sea,q850,0.0065127653343713485,kg kg**-1,not_classified,850 hPa specific humidity
JJAS_2026,arabia_red_sea,wind_speed850,4.840034355358212,m s**-1,not_classified,850 hPa wind speed.
JJAS_2026,arabia_red_sea,qu850,0.02305361030227567,kg kg-1 m s-1,not_classified,850 hPa zonal moisture flux proxy: q850 * u850.
JJAS_2026,arabia_red_sea,qv850,0.004900373604117743,kg kg-1 m s-1,not_classified,850 hPa meridional moisture flux proxy: q850 * v850.
JJAS_2026,arabia_red_sea,mfc850,1.410731202575018e-08,kg kg-1 s-1 approximately,moisture_convergence,"850 hPa moisture-flux convergence proxy: -div(q850*u850, q850*v850)."
JJAS_2026,arabia_red_sea,omega500,0.007595728390948239,Pa s**-1,subsidence_tendency,500 hPa vertical velocity / omega
JJAS_2026,arabia_red_sea,omega700,-0.025443776284155326,Pa s**-1,rising_motion_tendency,700 hPa vertical velocity / omega
JJAS_2026,arabia_red_sea,vp200,5437320.393050715,m**2 s**-1,not_classified,200 hPa velocity potential
JJAS_2026,arabia_red_sea,strf200,-4708202.610625083,m**2 s**-1,not_classified,200 hPa stream function
JJAS_2026,arabia_red_sea,z200,12479.688543199482,gpm,not_classified,200 hPa geopotential height
JJAS_2026,arabia_red_sea,z500,5891.549133063188,gpm,not_classified,500 hPa geopotential height
JJAS_2026,arabia_red_sea,sst_proxy,300.8472252935431,K,not_classified,Sea surface temperature or near-surface ocean temperature proxy
JJAS_2026,north_africa_arabia,u200,-2.205644289611997,m s**-1,easterly_flow,200 hPa zonal wind
JJAS_2026,north_africa_arabia,v200,3.7037121243436193,m s**-1,not_classified,200 hPa meridional wind
JJAS_2026,north_africa_arabia,tej_strength,2.205644289611997,m s**-1,weak_tej,TEJ strength proxy: -u200. Larger positive values indicate stronger easterly flow.
JJAS_2026,north_africa_arabia,div200,-7.480433630934023e-07,s-1,convergence,200 hPa horizontal divergence computed from CFSv2 u200 and v200.
JJAS_2026,north_africa_arabia,u850,0.7632682468480209,m s**-1,not_classified,850 hPa zonal wind
JJAS_2026,north_africa_arabia,v850,-1.2667546577807325,m s**-1,not_classified,850 hPa meridional wind
JJAS_2026,north_africa_arabia,q850,0.006615915094938023,kg kg**-1,not_classified,850 hPa specific humidity
JJAS_2026,north_africa_arabia,wind_speed850,4.343300551385591,m s**-1,not_classified,850 hPa wind speed.
JJAS_2026,north_africa_arabia,qu850,0.009023436919650398,kg kg-1 m s-1,not_classified,850 hPa zonal moisture flux proxy: q850 * u850.
JJAS_2026,north_africa_arabia,qv850,-0.0030444573848866824,kg kg-1 m s-1,not_classified,850 hPa meridional moisture flux proxy: q850 * v850.
JJAS_2026,north_africa_arabia,mfc850,8.636014833744746e-09,kg kg-1 s-1 approximately,moisture_convergence,"850 hPa moisture-flux convergence proxy: -div(q850*u850, q850*v850)."
JJAS_2026,north_africa_arabia,omega500,0.017084259273035526,Pa s**-1,subsidence_tendency,500 hPa vertical velocity / omega
JJAS_2026,north_africa_arabia,omega700,-0.006876323649058387,Pa s**-1,rising_motion_tendency,700 hPa vertical velocity / omega
JJAS_2026,north_africa_arabia,vp200,7291847.495457743,m**2 s**-1,not_classified,200 hPa velocity potential
JJAS_2026,north_africa_arabia,strf200,-12044879.16810573,m**2 s**-1,not_classified,200 hPa stream function
JJAS_2026,north_africa_arabia,z200,12453.324866973362,gpm,not_classified,200 hPa geopotential height
JJAS_2026,north_africa_arabia,z500,5891.200110793859,gpm,not_classified,500 hPa geopotential height
JJAS_2026,north_africa_arabia,sst_proxy,300.06644400873415,K,not_classified,Sea surface temperature or near-surface ocean temperature proxy
JJAS_2026,tej_core,u200,-15.203167717375923,m s**-1,easterly_flow,200 hPa zonal wind
JJAS_2026,tej_core,v200,0.44638873720386435,m s**-1,not_classified,200 hPa meridional wind
JJAS_2026,tej_core,tej_strength,15.203167717375923,m s**-1,moderate_tej,TEJ strength proxy: -u200. Larger positive values indicate stronger easterly flow.
JJAS_2026,tej_core,div200,1.2609765717558127e-06,s-1,divergence,200 hPa horizontal divergence computed from CFSv2 u200 and v200.
JJAS_2026,tej_core,u850,6.327561828593313,m s**-1,not_classified,850 hPa zonal wind
JJAS_2026,tej_core,v850,1.248624598404302,m s**-1,not_classified,850 hPa meridional wind
JJAS_2026,tej_core,q850,0.010412500585225758,kg kg**-1,not_classified,850 hPa specific humidity
JJAS_2026,tej_core,wind_speed850,7.819966418585719,m s**-1,not_classified,850 hPa wind speed.
JJAS_2026,tej_core,qu850,0.06970218393172,kg kg-1 m s-1,not_classified,850 hPa zonal moisture flux proxy: q850 * u850.
JJAS_2026,tej_core,qv850,0.013924986023449853,kg kg-1 m s-1,not_classified,850 hPa meridional moisture flux proxy: q850 * v850.
JJAS_2026,tej_core,mfc850,7.464178264597823e-09,kg kg-1 s-1 approximately,moisture_convergence,"850 hPa moisture-flux convergence proxy: -div(q850*u850, q850*v850)."
JJAS_2026,tej_core,omega500,-0.015504678083770877,Pa s**-1,rising_motion_tendency,500 hPa vertical velocity / omega
JJAS_2026,tej_core,omega700,-0.02847929769472494,Pa s**-1,rising_motion_tendency,700 hPa vertical velocity / omega
JJAS_2026,tej_core,vp200,145085.6483917895,m**2 s**-1,not_classified,200 hPa velocity potential
JJAS_2026,tej_core,strf200,-12062229.274399797,m**2 s**-1,not_classified,200 hPa stream function
JJAS_2026,tej_core,z200,12448.19391856136,gpm,not_classified,200 hPa geopotential height
JJAS_2026,tej_core,z500,5872.024305944253,gpm,not_classified,500 hPa geopotential height
JJAS_2026,tej_core,sst_proxy,301.39761487014226,K,not_classified,Sea surface temperature or near-surface ocean temperature proxy
JJAS_2026,somali_jet_box,u200,-9.456911461494897,m s**-1,easterly_flow,200 hPa zonal wind
JJAS_2026,somali_jet_box,v200,-0.1953443794310223,m s**-1,not_classified,200 hPa meridional wind
JJAS_2026,somali_jet_box,tej_strength,9.456911461494897,m s**-1,weak_tej,TEJ strength proxy: -u200. Larger positive values indicate stronger easterly flow.
JJAS_2026,somali_jet_box,div200,-1.1833381599731496e-06,s-1,convergence,200 hPa horizontal divergence computed from CFSv2 u200 and v200.
JJAS_2026,somali_jet_box,u850,2.0061997590356095,m s**-1,not_classified,850 hPa zonal wind
JJAS_2026,somali_jet_box,v850,7.034536453748918,m s**-1,not_classified,850 hPa meridional wind
JJAS_2026,somali_jet_box,q850,0.008997171217737429,kg kg**-1,not_classified,850 hPa specific humidity
JJAS_2026,somali_jet_box,wind_speed850,9.602520301956934,m s**-1,not_classified,850 hPa wind speed.
JJAS_2026,somali_jet_box,qu850,0.020699327570706118,kg kg-1 m s-1,not_classified,850 hPa zonal moisture flux proxy: q850 * u850.
JJAS_2026,somali_jet_box,qv850,0.06360852568258553,kg kg-1 m s-1,not_classified,850 hPa meridional moisture flux proxy: q850 * v850.
JJAS_2026,somali_jet_box,mfc850,-2.2338338859880988e-08,kg kg-1 s-1 approximately,moisture_divergence,"850 hPa moisture-flux convergence proxy: -div(q850*u850, q850*v850)."
JJAS_2026,somali_jet_box,omega500,0.02439043234609067,Pa s**-1,subsidence_tendency,500 hPa vertical velocity / omega
JJAS_2026,somali_jet_box,omega700,0.029807180793087338,Pa s**-1,subsidence_tendency,700 hPa vertical velocity / omega
JJAS_2026,somali_jet_box,vp200,8472002.065186666,m**2 s**-1,not_classified,200 hPa velocity potential
JJAS_2026,somali_jet_box,strf200,-22399455.41730053,m**2 s**-1,not_classified,200 hPa stream function
JJAS_2026,somali_jet_box,z200,12411.926183106725,gpm,not_classified,200 hPa geopotential height
JJAS_2026,somali_jet_box,z500,5869.747010784926,gpm,not_classified,500 hPa geopotential height
JJAS_2026,somali_jet_box,sst_proxy,299.961549721893,K,not_classified,Sea surface temperature or near-surface ocean temperature proxy
JJAS_2026,turkana_corridor,u200,-1.8987795658035491,m s**-1,easterly_flow,200 hPa zonal wind
JJAS_2026,turkana_corridor,v200,0.5542807090434316,m s**-1,not_classified,200 hPa meridional wind
JJAS_2026,turkana_corridor,tej_strength,1.8987795658035491,m s**-1,weak_tej,TEJ strength proxy: -u200. Larger positive values indicate stronger easterly flow.
JJAS_2026,turkana_corridor,div200,-2.2842241173181335e-06,s-1,convergence,200 hPa horizontal divergence computed from CFSv2 u200 and v200.
JJAS_2026,turkana_corridor,u850,-3.1666055603041405,m s**-1,not_classified,850 hPa zonal wind
JJAS_2026,turkana_corridor,v850,4.801298446765229,m s**-1,not_classified,850 hPa meridional wind
JJAS_2026,turkana_corridor,q850,0.009597530105830794,kg kg**-1,not_classified,850 hPa specific humidity
JJAS_2026,turkana_corridor,wind_speed850,6.403192022589697,m s**-1,not_classified,850 hPa wind speed.
JJAS_2026,turkana_corridor,qu850,-0.03017483944164086,kg kg-1 m s-1,not_classified,850 hPa zonal moisture flux proxy: q850 * u850.
JJAS_2026,turkana_corridor,qv850,0.04566274590076012,kg kg-1 m s-1,not_classified,850 hPa meridional moisture flux proxy: q850 * v850.
JJAS_2026,turkana_corridor,mfc850,-2.1816039221545495e-08,kg kg-1 s-1 approximately,moisture_divergence,"850 hPa moisture-flux convergence proxy: -div(q850*u850, q850*v850)."
JJAS_2026,turkana_corridor,omega500,0.03266222440607764,Pa s**-1,subsidence_tendency,500 hPa vertical velocity / omega
JJAS_2026,turkana_corridor,omega700,0.032928087437570766,Pa s**-1,subsidence_tendency,700 hPa vertical velocity / omega
JJAS_2026,turkana_corridor,vp200,11752353.420557836,m**2 s**-1,not_classified,200 hPa velocity potential
JJAS_2026,turkana_corridor,strf200,-29050470.344447765,m**2 s**-1,not_classified,200 hPa stream function
JJAS_2026,turkana_corridor,z200,12402.93219443146,gpm,not_classified,200 hPa geopotential height
JJAS_2026,turkana_corridor,z500,5869.921720645632,gpm,not_classified,500 hPa geopotential height
JJAS_2026,turkana_corridor,sst_proxy,299.2064421119191,K,not_classified,Sea surface temperature or near-surface ocean temperature proxy
JJAS_2026,nino34,sst_proxy,301.4971498556584,K,raw_sst_proxy_mean,CFSv2 raw SST proxy area mean; not an anomaly unless climatology is subtracted.
JJAS_2026,iod_west,sst_proxy,301.11308674563327,K,raw_sst_proxy_mean,CFSv2 raw SST proxy area mean; not an anomaly unless climatology is subtracted.
JJAS_2026,iod_east,sst_proxy,301.9889160215721,K,raw_sst_proxy_mean,CFSv2 raw SST proxy area mean; not an anomaly unless climatology is subtracted.
JJAS_2026,iod_west_minus_iod_east,dmi_raw_sst_proxy,-0.8758292759388269,K,raw_gradient_not_anomaly,Raw west-minus-east Indian Ocean SST proxy. This is not an official DMI anomaly.
