diagnostic,period,value,units,interpretation,source_table,domain,classification
TEJ_strength_climatology,June,14.382869242257376,m s**-1,Higher value means stronger climatological Tropical Easterly Jet.,era5_tej_index_climatology,,
TEJ_strength_climatology,July,19.84536803014227,m s**-1,Higher value means stronger climatological Tropical Easterly Jet.,era5_tej_index_climatology,,
TEJ_strength_climatology,August,18.94883529319876,m s**-1,Higher value means stronger climatological Tropical Easterly Jet.,era5_tej_index_climatology,,
TEJ_strength_climatology,September,13.853332433986019,m s**-1,Higher value means stronger climatological Tropical Easterly Jet.,era5_tej_index_climatology,,
TEJ_strength_climatology,JJA,17.725690855199467,m s**-1,Higher value means stronger climatological Tropical Easterly Jet.,era5_tej_index_climatology,,
TEJ_strength_climatology,JJAS,16.757601249896105,m s**-1,Higher value means stronger climatological Tropical Easterly Jet.,era5_tej_index_climatology,,
qu850,JJA,0.032991447018077456,kg kg-1 m s-1,Positive value indicates eastward moisture transport; negative value indicates westward moisture transport.,era5_850hpa_moisture_flux_diagnostics,ethiopia,
qv850,JJA,0.03978189347059901,kg kg-1 m s-1,Positive value indicates northward moisture transport; negative value indicates southward moisture transport.,era5_850hpa_moisture_flux_diagnostics,ethiopia,
wind_speed850,JJA,6.602357156315042,m s**-1,Higher value indicates stronger low-level wind speed.,era5_850hpa_moisture_flux_diagnostics,ethiopia,
mfc850,JJA,8.921479095763144e-09,kg kg-1 s-1 approximately,Positive value indicates moisture convergence; negative value indicates moisture divergence.,era5_850hpa_moisture_flux_diagnostics,ethiopia,
qu850,JJA,0.012283911648783744,kg kg-1 m s-1,Positive value indicates eastward moisture transport; negative value indicates westward moisture transport.,era5_850hpa_moisture_flux_diagnostics,ethiopia_highlands_broad,
qv850,JJA,0.012504476514668333,kg kg-1 m s-1,Positive value indicates northward moisture transport; negative value indicates southward moisture transport.,era5_850hpa_moisture_flux_diagnostics,ethiopia_highlands_broad,
wind_speed850,JJA,2.5514950040248756,m s**-1,Higher value indicates stronger low-level wind speed.,era5_850hpa_moisture_flux_diagnostics,ethiopia_highlands_broad,
mfc850,JJA,3.530827233187673e-08,kg kg-1 s-1 approximately,Positive value indicates moisture convergence; negative value indicates moisture divergence.,era5_850hpa_moisture_flux_diagnostics,ethiopia_highlands_broad,
qu850,JJA,0.018951283781393113,kg kg-1 m s-1,Positive value indicates eastward moisture transport; negative value indicates westward moisture transport.,era5_850hpa_moisture_flux_diagnostics,north_ethiopia,
qv850,JJA,-0.0010680323257131793,kg kg-1 m s-1,Positive value indicates northward moisture transport; negative value indicates southward moisture transport.,era5_850hpa_moisture_flux_diagnostics,north_ethiopia,
wind_speed850,JJA,3.050612532400055,m s**-1,Higher value indicates stronger low-level wind speed.,era5_850hpa_moisture_flux_diagnostics,north_ethiopia,
mfc850,JJA,4.717514926985514e-08,kg kg-1 s-1 approximately,Positive value indicates moisture convergence; negative value indicates moisture divergence.,era5_850hpa_moisture_flux_diagnostics,north_ethiopia,
qu850,JJA,0.004601825874398601,kg kg-1 m s-1,Positive value indicates eastward moisture transport; negative value indicates westward moisture transport.,era5_850hpa_moisture_flux_diagnostics,central_ethiopia,
qv850,JJA,0.006935020619692722,kg kg-1 m s-1,Positive value indicates northward moisture transport; negative value indicates southward moisture transport.,era5_850hpa_moisture_flux_diagnostics,central_ethiopia,
wind_speed850,JJA,1.1487994603613179,m s**-1,Higher value indicates stronger low-level wind speed.,era5_850hpa_moisture_flux_diagnostics,central_ethiopia,
mfc850,JJA,2.6171137788676722e-08,kg kg-1 s-1 approximately,Positive value indicates moisture convergence; negative value indicates moisture divergence.,era5_850hpa_moisture_flux_diagnostics,central_ethiopia,
qu850,JJA,0.013607082125577288,kg kg-1 m s-1,Positive value indicates eastward moisture transport; negative value indicates westward moisture transport.,era5_850hpa_moisture_flux_diagnostics,west_ethiopia,
qv850,JJA,0.021806163779517905,kg kg-1 m s-1,Positive value indicates northward moisture transport; negative value indicates southward moisture transport.,era5_850hpa_moisture_flux_diagnostics,west_ethiopia,
wind_speed850,JJA,2.3580980327682686,m s**-1,Higher value indicates stronger low-level wind speed.,era5_850hpa_moisture_flux_diagnostics,west_ethiopia,
mfc850,JJA,2.316220587675968e-08,kg kg-1 s-1 approximately,Positive value indicates moisture convergence; negative value indicates moisture divergence.,era5_850hpa_moisture_flux_diagnostics,west_ethiopia,
qu850,JJA,0.06945411827237573,kg kg-1 m s-1,Positive value indicates eastward moisture transport; negative value indicates westward moisture transport.,era5_850hpa_moisture_flux_diagnostics,east_ethiopia,
qv850,JJA,0.06872912033157776,kg kg-1 m s-1,Positive value indicates northward moisture transport; negative value indicates southward moisture transport.,era5_850hpa_moisture_flux_diagnostics,east_ethiopia,
wind_speed850,JJA,10.541623559021293,m s**-1,Higher value indicates stronger low-level wind speed.,era5_850hpa_moisture_flux_diagnostics,east_ethiopia,
mfc850,JJA,2.1514126084548563e-08,kg kg-1 s-1 approximately,Positive value indicates moisture convergence; negative value indicates moisture divergence.,era5_850hpa_moisture_flux_diagnostics,east_ethiopia,
qu850,JJA,0.004312207373414494,kg kg-1 m s-1,Positive value indicates eastward moisture transport; negative value indicates westward moisture transport.,era5_850hpa_moisture_flux_diagnostics,greater_horn,
qv850,JJA,0.027455783825070693,kg kg-1 m s-1,Positive value indicates northward moisture transport; negative value indicates southward moisture transport.,era5_850hpa_moisture_flux_diagnostics,greater_horn,
wind_speed850,JJA,6.404907835573809,m s**-1,Higher value indicates stronger low-level wind speed.,era5_850hpa_moisture_flux_diagnostics,greater_horn,
mfc850,JJA,2.0033413539559754e-09,kg kg-1 s-1 approximately,Positive value indicates moisture convergence; negative value indicates moisture divergence.,era5_850hpa_moisture_flux_diagnostics,greater_horn,
qu850,JJA,0.004768439631910147,kg kg-1 m s-1,Positive value indicates eastward moisture transport; negative value indicates westward moisture transport.,era5_850hpa_moisture_flux_diagnostics,east_africa,
qv850,JJA,0.03371111455815244,kg kg-1 m s-1,Positive value indicates northward moisture transport; negative value indicates southward moisture transport.,era5_850hpa_moisture_flux_diagnostics,east_africa,
wind_speed850,JJA,6.598979024804092,m s**-1,Higher value indicates stronger low-level wind speed.,era5_850hpa_moisture_flux_diagnostics,east_africa,
mfc850,JJA,2.7669345941401213e-09,kg kg-1 s-1 approximately,Positive value indicates moisture convergence; negative value indicates moisture divergence.,era5_850hpa_moisture_flux_diagnostics,east_africa,
qu850,JJA,-0.003969534342280065,kg kg-1 m s-1,Positive value indicates eastward moisture transport; negative value indicates westward moisture transport.,era5_850hpa_moisture_flux_diagnostics,atlantic_congo_ethiopia,
qv850,JJA,0.014102097564844969,kg kg-1 m s-1,Positive value indicates northward moisture transport; negative value indicates southward moisture transport.,era5_850hpa_moisture_flux_diagnostics,atlantic_congo_ethiopia,
wind_speed850,JJA,4.254638070881536,m s**-1,Higher value indicates stronger low-level wind speed.,era5_850hpa_moisture_flux_diagnostics,atlantic_congo_ethiopia,
mfc850,JJA,-1.7470337420877266e-09,kg kg-1 s-1 approximately,Positive value indicates moisture convergence; negative value indicates moisture divergence.,era5_850hpa_moisture_flux_diagnostics,atlantic_congo_ethiopia,
qu850,JJA,0.008655124673084201,kg kg-1 m s-1,Positive value indicates eastward moisture transport; negative value indicates westward moisture transport.,era5_850hpa_moisture_flux_diagnostics,congo_moisture_corridor,
qv850,JJA,0.01419310982302172,kg kg-1 m s-1,Positive value indicates northward moisture transport; negative value indicates southward moisture transport.,era5_850hpa_moisture_flux_diagnostics,congo_moisture_corridor,
wind_speed850,JJA,2.585945017361741,m s**-1,Higher value indicates stronger low-level wind speed.,era5_850hpa_moisture_flux_diagnostics,congo_moisture_corridor,
mfc850,JJA,1.3544360917615706e-08,kg kg-1 s-1 approximately,Positive value indicates moisture convergence; negative value indicates moisture divergence.,era5_850hpa_moisture_flux_diagnostics,congo_moisture_corridor,
qu850,JJA,0.015766734485051566,kg kg-1 m s-1,Positive value indicates eastward moisture transport; negative value indicates westward moisture transport.,era5_850hpa_moisture_flux_diagnostics,western_moisture_entry,
qv850,JJA,0.020929891976223632,kg kg-1 m s-1,Positive value indicates northward moisture transport; negative value indicates southward moisture transport.,era5_850hpa_moisture_flux_diagnostics,western_moisture_entry,
wind_speed850,JJA,2.866822164982296,m s**-1,Higher value indicates stronger low-level wind speed.,era5_850hpa_moisture_flux_diagnostics,western_moisture_entry,
mfc850,JJA,1.038076733674837e-08,kg kg-1 s-1 approximately,Positive value indicates moisture convergence; negative value indicates moisture divergence.,era5_850hpa_moisture_flux_diagnostics,western_moisture_entry,
qu850,JJA,0.020712415643490818,kg kg-1 m s-1,Positive value indicates eastward moisture transport; negative value indicates westward moisture transport.,era5_850hpa_moisture_flux_diagnostics,western_indian_ocean,
qv850,JJA,0.05176528999894594,kg kg-1 m s-1,Positive value indicates northward moisture transport; negative value indicates southward moisture transport.,era5_850hpa_moisture_flux_diagnostics,western_indian_ocean,
wind_speed850,JJA,10.284600064365383,m s**-1,Higher value indicates stronger low-level wind speed.,era5_850hpa_moisture_flux_diagnostics,western_indian_ocean,
mfc850,JJA,-5.485438225452951e-09,kg kg-1 s-1 approximately,Positive value indicates moisture convergence; negative value indicates moisture divergence.,era5_850hpa_moisture_flux_diagnostics,western_indian_ocean,
qu850,JJA,0.033792894525958996,kg kg-1 m s-1,Positive value indicates eastward moisture transport; negative value indicates westward moisture transport.,era5_850hpa_moisture_flux_diagnostics,arabia_red_sea,
qv850,JJA,-0.0011852333973908246,kg kg-1 m s-1,Positive value indicates northward moisture transport; negative value indicates southward moisture transport.,era5_850hpa_moisture_flux_diagnostics,arabia_red_sea,
wind_speed850,JJA,6.241327278066861,m s**-1,Higher value indicates stronger low-level wind speed.,era5_850hpa_moisture_flux_diagnostics,arabia_red_sea,
mfc850,JJA,1.7711215034199797e-08,kg kg-1 s-1 approximately,Positive value indicates moisture convergence; negative value indicates moisture divergence.,era5_850hpa_moisture_flux_diagnostics,arabia_red_sea,
qu850,JJA,0.01612485331034843,kg kg-1 m s-1,Positive value indicates eastward moisture transport; negative value indicates westward moisture transport.,era5_850hpa_moisture_flux_diagnostics,north_africa_arabia,
qv850,JJA,-0.006052021345437842,kg kg-1 m s-1,Positive value indicates northward moisture transport; negative value indicates southward moisture transport.,era5_850hpa_moisture_flux_diagnostics,north_africa_arabia,
wind_speed850,JJA,4.961743313996088,m s**-1,Higher value indicates stronger low-level wind speed.,era5_850hpa_moisture_flux_diagnostics,north_africa_arabia,
mfc850,JJA,7.757874954745697e-09,kg kg-1 s-1 approximately,Positive value indicates moisture convergence; negative value indicates moisture divergence.,era5_850hpa_moisture_flux_diagnostics,north_africa_arabia,
qu850,JJA,0.0864218729431374,kg kg-1 m s-1,Positive value indicates eastward moisture transport; negative value indicates westward moisture transport.,era5_850hpa_moisture_flux_diagnostics,tej_core,
qv850,JJA,0.020504543817000218,kg kg-1 m s-1,Positive value indicates northward moisture transport; negative value indicates southward moisture transport.,era5_850hpa_moisture_flux_diagnostics,tej_core,
wind_speed850,JJA,9.094000070644219,m s**-1,Higher value indicates stronger low-level wind speed.,era5_850hpa_moisture_flux_diagnostics,tej_core,
mfc850,JJA,1.172567862485358e-08,kg kg-1 s-1 approximately,Positive value indicates moisture convergence; negative value indicates moisture divergence.,era5_850hpa_moisture_flux_diagnostics,tej_core,
qu850,JJA,0.029169979767465194,kg kg-1 m s-1,Positive value indicates eastward moisture transport; negative value indicates westward moisture transport.,era5_850hpa_moisture_flux_diagnostics,somali_jet_box,
qv850,JJA,0.07308096191734854,kg kg-1 m s-1,Positive value indicates northward moisture transport; negative value indicates southward moisture transport.,era5_850hpa_moisture_flux_diagnostics,somali_jet_box,
wind_speed850,JJA,11.31441033515964,m s**-1,Higher value indicates stronger low-level wind speed.,era5_850hpa_moisture_flux_diagnostics,somali_jet_box,
mfc850,JJA,-1.062293157515537e-08,kg kg-1 s-1 approximately,Positive value indicates moisture convergence; negative value indicates moisture divergence.,era5_850hpa_moisture_flux_diagnostics,somali_jet_box,
qu850,JJA,-0.027444591987533642,kg kg-1 m s-1,Positive value indicates eastward moisture transport; negative value indicates westward moisture transport.,era5_850hpa_moisture_flux_diagnostics,turkana_corridor,
qv850,JJA,0.056583691082244,kg kg-1 m s-1,Positive value indicates northward moisture transport; negative value indicates southward moisture transport.,era5_850hpa_moisture_flux_diagnostics,turkana_corridor,
wind_speed850,JJA,7.257122032638336,m s**-1,Higher value indicates stronger low-level wind speed.,era5_850hpa_moisture_flux_diagnostics,turkana_corridor,
mfc850,JJA,-2.5990649420885922e-08,kg kg-1 s-1 approximately,Positive value indicates moisture convergence; negative value indicates moisture divergence.,era5_850hpa_moisture_flux_diagnostics,turkana_corridor,
qu850,JJAS,0.028203336005932063,kg kg-1 m s-1,Positive value indicates eastward moisture transport; negative value indicates westward moisture transport.,era5_850hpa_moisture_flux_diagnostics,ethiopia,
qv850,JJAS,0.037122450318186034,kg kg-1 m s-1,Positive value indicates northward moisture transport; negative value indicates southward moisture transport.,era5_850hpa_moisture_flux_diagnostics,ethiopia,
wind_speed850,JJAS,6.078277217582907,m s**-1,Higher value indicates stronger low-level wind speed.,era5_850hpa_moisture_flux_diagnostics,ethiopia,
mfc850,JJAS,8.990433528885353e-09,kg kg-1 s-1 approximately,Positive value indicates moisture convergence; negative value indicates moisture divergence.,era5_850hpa_moisture_flux_diagnostics,ethiopia,
qu850,JJAS,0.009697355245322201,kg kg-1 m s-1,Positive value indicates eastward moisture transport; negative value indicates westward moisture transport.,era5_850hpa_moisture_flux_diagnostics,ethiopia_highlands_broad,
qv850,JJAS,0.011063223133150243,kg kg-1 m s-1,Positive value indicates northward moisture transport; negative value indicates southward moisture transport.,era5_850hpa_moisture_flux_diagnostics,ethiopia_highlands_broad,
wind_speed850,JJAS,2.2978430572330604,m s**-1,Higher value indicates stronger low-level wind speed.,era5_850hpa_moisture_flux_diagnostics,ethiopia_highlands_broad,
mfc850,JJAS,3.396073760401671e-08,kg kg-1 s-1 approximately,Positive value indicates moisture convergence; negative value indicates moisture divergence.,era5_850hpa_moisture_flux_diagnostics,ethiopia_highlands_broad,
qu850,JJAS,0.015391530325116552,kg kg-1 m s-1,Positive value indicates eastward moisture transport; negative value indicates westward moisture transport.,era5_850hpa_moisture_flux_diagnostics,north_ethiopia,
qv850,JJAS,-0.0018384562040892826,kg kg-1 m s-1,Positive value indicates northward moisture transport; negative value indicates southward moisture transport.,era5_850hpa_moisture_flux_diagnostics,north_ethiopia,
wind_speed850,JJAS,2.686289623097193,m s**-1,Higher value indicates stronger low-level wind speed.,era5_850hpa_moisture_flux_diagnostics,north_ethiopia,
mfc850,JJAS,4.4613792823920977e-08,kg kg-1 s-1 approximately,Positive value indicates moisture convergence; negative value indicates moisture divergence.,era5_850hpa_moisture_flux_diagnostics,north_ethiopia,
qu850,JJAS,0.0031263796371881606,kg kg-1 m s-1,Positive value indicates eastward moisture transport; negative value indicates westward moisture transport.,era5_850hpa_moisture_flux_diagnostics,central_ethiopia,
qv850,JJAS,0.006122785593913729,kg kg-1 m s-1,Positive value indicates northward moisture transport; negative value indicates southward moisture transport.,era5_850hpa_moisture_flux_diagnostics,central_ethiopia,
wind_speed850,JJAS,1.0297633938939208,m s**-1,Higher value indicates stronger low-level wind speed.,era5_850hpa_moisture_flux_diagnostics,central_ethiopia,
mfc850,JJAS,2.628651447427039e-08,kg kg-1 s-1 approximately,Positive value indicates moisture convergence; negative value indicates moisture divergence.,era5_850hpa_moisture_flux_diagnostics,central_ethiopia,
qu850,JJAS,0.010726631285727319,kg kg-1 m s-1,Positive value indicates eastward moisture transport; negative value indicates westward moisture transport.,era5_850hpa_moisture_flux_diagnostics,west_ethiopia,
qv850,JJAS,0.019246063859526926,kg kg-1 m s-1,Positive value indicates northward moisture transport; negative value indicates southward moisture transport.,era5_850hpa_moisture_flux_diagnostics,west_ethiopia,
wind_speed850,JJAS,2.0814654966810835,m s**-1,Higher value indicates stronger low-level wind speed.,era5_850hpa_moisture_flux_diagnostics,west_ethiopia,
mfc850,JJAS,2.0944121872722528e-08,kg kg-1 s-1 approximately,Positive value indicates moisture convergence; negative value indicates moisture divergence.,era5_850hpa_moisture_flux_diagnostics,west_ethiopia,
qu850,JJAS,0.06248791436084679,kg kg-1 m s-1,Positive value indicates eastward moisture transport; negative value indicates westward moisture transport.,era5_850hpa_moisture_flux_diagnostics,east_ethiopia,
qv850,JJAS,0.06446667158490482,kg kg-1 m s-1,Positive value indicates northward moisture transport; negative value indicates southward moisture transport.,era5_850hpa_moisture_flux_diagnostics,east_ethiopia,
wind_speed850,JJAS,9.692322699567997,m s**-1,Higher value indicates stronger low-level wind speed.,era5_850hpa_moisture_flux_diagnostics,east_ethiopia,
mfc850,JJAS,1.9748045157514333e-08,kg kg-1 s-1 approximately,Positive value indicates moisture convergence; negative value indicates moisture divergence.,era5_850hpa_moisture_flux_diagnostics,east_ethiopia,
qu850,JJAS,0.0009735581645029951,kg kg-1 m s-1,Positive value indicates eastward moisture transport; negative value indicates westward moisture transport.,era5_850hpa_moisture_flux_diagnostics,greater_horn,
qv850,JJAS,0.024135042994820742,kg kg-1 m s-1,Positive value indicates northward moisture transport; negative value indicates southward moisture transport.,era5_850hpa_moisture_flux_diagnostics,greater_horn,
wind_speed850,JJAS,6.061539925810691,m s**-1,Higher value indicates stronger low-level wind speed.,era5_850hpa_moisture_flux_diagnostics,greater_horn,
mfc850,JJAS,2.3486826189825396e-09,kg kg-1 s-1 approximately,Positive value indicates moisture convergence; negative value indicates moisture divergence.,era5_850hpa_moisture_flux_diagnostics,greater_horn,
qu850,JJAS,0.0013092274799690938,kg kg-1 m s-1,Positive value indicates eastward moisture transport; negative value indicates westward moisture transport.,era5_850hpa_moisture_flux_diagnostics,east_africa,
qv850,JJAS,0.02980010320278954,kg kg-1 m s-1,Positive value indicates northward moisture transport; negative value indicates southward moisture transport.,era5_850hpa_moisture_flux_diagnostics,east_africa,
wind_speed850,JJAS,6.231757984272948,m s**-1,Higher value indicates stronger low-level wind speed.,era5_850hpa_moisture_flux_diagnostics,east_africa,
mfc850,JJAS,3.3140228211146985e-09,kg kg-1 s-1 approximately,Positive value indicates moisture convergence; negative value indicates moisture divergence.,era5_850hpa_moisture_flux_diagnostics,east_africa,
qu850,JJAS,-0.005805503811493853,kg kg-1 m s-1,Positive value indicates eastward moisture transport; negative value indicates westward moisture transport.,era5_850hpa_moisture_flux_diagnostics,atlantic_congo_ethiopia,
qv850,JJAS,0.011889668043276838,kg kg-1 m s-1,Positive value indicates northward moisture transport; negative value indicates southward moisture transport.,era5_850hpa_moisture_flux_diagnostics,atlantic_congo_ethiopia,
wind_speed850,JJAS,4.145563510856401,m s**-1,Higher value indicates stronger low-level wind speed.,era5_850hpa_moisture_flux_diagnostics,atlantic_congo_ethiopia,
mfc850,JJAS,-1.3131855904279453e-09,kg kg-1 s-1 approximately,Positive value indicates moisture convergence; negative value indicates moisture divergence.,era5_850hpa_moisture_flux_diagnostics,atlantic_congo_ethiopia,
qu850,JJAS,0.006955205123932487,kg kg-1 m s-1,Positive value indicates eastward moisture transport; negative value indicates westward moisture transport.,era5_850hpa_moisture_flux_diagnostics,congo_moisture_corridor,
qv850,JJAS,0.010846103461735415,kg kg-1 m s-1,Positive value indicates northward moisture transport; negative value indicates southward moisture transport.,era5_850hpa_moisture_flux_diagnostics,congo_moisture_corridor,
wind_speed850,JJAS,2.436669669312466,m s**-1,Higher value indicates stronger low-level wind speed.,era5_850hpa_moisture_flux_diagnostics,congo_moisture_corridor,
mfc850,JJAS,1.428162660177116e-08,kg kg-1 s-1 approximately,Positive value indicates moisture convergence; negative value indicates moisture divergence.,era5_850hpa_moisture_flux_diagnostics,congo_moisture_corridor,
qu850,JJAS,0.011510445615556236,kg kg-1 m s-1,Positive value indicates eastward moisture transport; negative value indicates westward moisture transport.,era5_850hpa_moisture_flux_diagnostics,western_moisture_entry,
qv850,JJAS,0.017597802885686874,kg kg-1 m s-1,Positive value indicates northward moisture transport; negative value indicates southward moisture transport.,era5_850hpa_moisture_flux_diagnostics,western_moisture_entry,
wind_speed850,JJAS,2.561567998227158,m s**-1,Higher value indicates stronger low-level wind speed.,era5_850hpa_moisture_flux_diagnostics,western_moisture_entry,
mfc850,JJAS,9.918949494860545e-09,kg kg-1 s-1 approximately,Positive value indicates moisture convergence; negative value indicates moisture divergence.,era5_850hpa_moisture_flux_diagnostics,western_moisture_entry,
qu850,JJAS,0.01624962568374472,kg kg-1 m s-1,Positive value indicates eastward moisture transport; negative value indicates westward moisture transport.,era5_850hpa_moisture_flux_diagnostics,western_indian_ocean,
qv850,JJAS,0.046502559400363755,kg kg-1 m s-1,Positive value indicates northward moisture transport; negative value indicates southward moisture transport.,era5_850hpa_moisture_flux_diagnostics,western_indian_ocean,
wind_speed850,JJAS,9.560548672008485,m s**-1,Higher value indicates stronger low-level wind speed.,era5_850hpa_moisture_flux_diagnostics,western_indian_ocean,
mfc850,JJAS,-5.023710581074981e-09,kg kg-1 s-1 approximately,Positive value indicates moisture convergence; negative value indicates moisture divergence.,era5_850hpa_moisture_flux_diagnostics,western_indian_ocean,
qu850,JJAS,0.02800776880235807,kg kg-1 m s-1,Positive value indicates eastward moisture transport; negative value indicates westward moisture transport.,era5_850hpa_moisture_flux_diagnostics,arabia_red_sea,
qv850,JJAS,-0.0014518856576766002,kg kg-1 m s-1,Positive value indicates northward moisture transport; negative value indicates southward moisture transport.,era5_850hpa_moisture_flux_diagnostics,arabia_red_sea,
wind_speed850,JJAS,5.638623790611414,m s**-1,Higher value indicates stronger low-level wind speed.,era5_850hpa_moisture_flux_diagnostics,arabia_red_sea,
mfc850,JJAS,1.5501607103335362e-08,kg kg-1 s-1 approximately,Positive value indicates moisture convergence; negative value indicates moisture divergence.,era5_850hpa_moisture_flux_diagnostics,arabia_red_sea,
qu850,JJAS,0.012185107794025882,kg kg-1 m s-1,Positive value indicates eastward moisture transport; negative value indicates westward moisture transport.,era5_850hpa_moisture_flux_diagnostics,north_africa_arabia,
qv850,JJAS,-0.006403433451369199,kg kg-1 m s-1,Positive value indicates northward moisture transport; negative value indicates southward moisture transport.,era5_850hpa_moisture_flux_diagnostics,north_africa_arabia,
wind_speed850,JJAS,4.6834135530081085,m s**-1,Higher value indicates stronger low-level wind speed.,era5_850hpa_moisture_flux_diagnostics,north_africa_arabia,
mfc850,JJAS,6.198508947524868e-09,kg kg-1 s-1 approximately,Positive value indicates moisture convergence; negative value indicates moisture divergence.,era5_850hpa_moisture_flux_diagnostics,north_africa_arabia,
qu850,JJAS,0.07598993095660403,kg kg-1 m s-1,Positive value indicates eastward moisture transport; negative value indicates westward moisture transport.,era5_850hpa_moisture_flux_diagnostics,tej_core,
qv850,JJAS,0.01731962027395874,kg kg-1 m s-1,Positive value indicates northward moisture transport; negative value indicates southward moisture transport.,era5_850hpa_moisture_flux_diagnostics,tej_core,
wind_speed850,JJAS,8.234907036747735,m s**-1,Higher value indicates stronger low-level wind speed.,era5_850hpa_moisture_flux_diagnostics,tej_core,
mfc850,JJAS,1.0971282267405964e-08,kg kg-1 s-1 approximately,Positive value indicates moisture convergence; negative value indicates moisture divergence.,era5_850hpa_moisture_flux_diagnostics,tej_core,
qu850,JJAS,0.023636914950620508,kg kg-1 m s-1,Positive value indicates eastward moisture transport; negative value indicates westward moisture transport.,era5_850hpa_moisture_flux_diagnostics,somali_jet_box,
qv850,JJAS,0.06724038127437865,kg kg-1 m s-1,Positive value indicates northward moisture transport; negative value indicates southward moisture transport.,era5_850hpa_moisture_flux_diagnostics,somali_jet_box,
wind_speed850,JJAS,10.530522934394039,m s**-1,Higher value indicates stronger low-level wind speed.,era5_850hpa_moisture_flux_diagnostics,somali_jet_box,
mfc850,JJAS,-9.35941566433698e-09,kg kg-1 s-1 approximately,Positive value indicates moisture convergence; negative value indicates moisture divergence.,era5_850hpa_moisture_flux_diagnostics,somali_jet_box,
qu850,JJAS,-0.02933077547611826,kg kg-1 m s-1,Positive value indicates eastward moisture transport; negative value indicates westward moisture transport.,era5_850hpa_moisture_flux_diagnostics,turkana_corridor,
qv850,JJAS,0.05468712402014175,kg kg-1 m s-1,Positive value indicates northward moisture transport; negative value indicates southward moisture transport.,era5_850hpa_moisture_flux_diagnostics,turkana_corridor,
wind_speed850,JJAS,7.204224787133629,m s**-1,Higher value indicates stronger low-level wind speed.,era5_850hpa_moisture_flux_diagnostics,turkana_corridor,
mfc850,JJAS,-2.640337614024641e-08,kg kg-1 s-1 approximately,Positive value indicates moisture convergence; negative value indicates moisture divergence.,era5_850hpa_moisture_flux_diagnostics,turkana_corridor,
qu850,June,0.029710094573829688,kg kg-1 m s-1,Monthly climatological diagnostic.,era5_850hpa_moisture_flux_diagnostics,ethiopia,
qv850,June,0.039615347535877615,kg kg-1 m s-1,Monthly climatological diagnostic.,era5_850hpa_moisture_flux_diagnostics,ethiopia,
wind_speed850,June,6.264500310591341,m s**-1,Monthly climatological diagnostic.,era5_850hpa_moisture_flux_diagnostics,ethiopia,
mfc850,June,1.6314964027514647e-08,kg kg-1 s-1 approximately,Monthly climatological diagnostic.,era5_850hpa_moisture_flux_diagnostics,ethiopia,
qu850,June,0.010274974219739176,kg kg-1 m s-1,Monthly climatological diagnostic.,era5_850hpa_moisture_flux_diagnostics,ethiopia_highlands_broad,
qv850,June,0.01124151387807697,kg kg-1 m s-1,Monthly climatological diagnostic.,era5_850hpa_moisture_flux_diagnostics,ethiopia_highlands_broad,
wind_speed850,June,2.5773429519310365,m s**-1,Monthly climatological diagnostic.,era5_850hpa_moisture_flux_diagnostics,ethiopia_highlands_broad,
mfc850,June,4.505316525988856e-08,kg kg-1 s-1 approximately,Monthly climatological diagnostic.,era5_850hpa_moisture_flux_diagnostics,ethiopia_highlands_broad,
qu850,June,0.01516583548121056,kg kg-1 m s-1,Monthly climatological diagnostic.,era5_850hpa_moisture_flux_diagnostics,north_ethiopia,
qv850,June,-0.0032862241306945506,kg kg-1 m s-1,Monthly climatological diagnostic.,era5_850hpa_moisture_flux_diagnostics,north_ethiopia,
wind_speed850,June,3.108781168737022,m s**-1,Monthly climatological diagnostic.,era5_850hpa_moisture_flux_diagnostics,north_ethiopia,
mfc850,June,6.02993509428521e-08,kg kg-1 s-1 approximately,Monthly climatological diagnostic.,era5_850hpa_moisture_flux_diagnostics,north_ethiopia,
qu850,June,0.002086022250917963,kg kg-1 m s-1,Monthly climatological diagnostic.,era5_850hpa_moisture_flux_diagnostics,central_ethiopia,
qv850,June,0.005111768094922801,kg kg-1 m s-1,Monthly climatological diagnostic.,era5_850hpa_moisture_flux_diagnostics,central_ethiopia,
wind_speed850,June,1.0653584371493798,m s**-1,Monthly climatological diagnostic.,era5_850hpa_moisture_flux_diagnostics,central_ethiopia,
mfc850,June,4.156294735792033e-08,kg kg-1 s-1 approximately,Monthly climatological diagnostic.,era5_850hpa_moisture_flux_diagnostics,central_ethiopia,
qu850,June,0.01327063117554929,kg kg-1 m s-1,Monthly climatological diagnostic.,era5_850hpa_moisture_flux_diagnostics,west_ethiopia,
qv850,June,0.02300897418446226,kg kg-1 m s-1,Monthly climatological diagnostic.,era5_850hpa_moisture_flux_diagnostics,west_ethiopia,
wind_speed850,June,2.50728022758039,m s**-1,Monthly climatological diagnostic.,era5_850hpa_moisture_flux_diagnostics,west_ethiopia,
mfc850,June,2.829833400182565e-08,kg kg-1 s-1 approximately,Monthly climatological diagnostic.,era5_850hpa_moisture_flux_diagnostics,west_ethiopia,
qu850,June,0.065935793766035,kg kg-1 m s-1,Monthly climatological diagnostic.,era5_850hpa_moisture_flux_diagnostics,east_ethiopia,
qv850,June,0.06642718904358416,kg kg-1 m s-1,Monthly climatological diagnostic.,era5_850hpa_moisture_flux_diagnostics,east_ethiopia,
wind_speed850,June,9.856389852798001,m s**-1,Monthly climatological diagnostic.,era5_850hpa_moisture_flux_diagnostics,east_ethiopia,
mfc850,June,2.2998237337128514e-08,kg kg-1 s-1 approximately,Monthly climatological diagnostic.,era5_850hpa_moisture_flux_diagnostics,east_ethiopia,
qu850,June,0.0013215765809669472,kg kg-1 m s-1,Monthly climatological diagnostic.,era5_850hpa_moisture_flux_diagnostics,greater_horn,
qv850,June,0.029298938985094548,kg kg-1 m s-1,Monthly climatological diagnostic.,era5_850hpa_moisture_flux_diagnostics,greater_horn,
wind_speed850,June,6.218188422850244,m s**-1,Monthly climatological diagnostic.,era5_850hpa_moisture_flux_diagnostics,greater_horn,
mfc850,June,5.665506088649997e-10,kg kg-1 s-1 approximately,Monthly climatological diagnostic.,era5_850hpa_moisture_flux_diagnostics,greater_horn,
qu850,June,0.0016871392410308887,kg kg-1 m s-1,Monthly climatological diagnostic.,era5_850hpa_moisture_flux_diagnostics,east_africa,
qv850,June,0.03542654590365125,kg kg-1 m s-1,Monthly climatological diagnostic.,era5_850hpa_moisture_flux_diagnostics,east_africa,
wind_speed850,June,6.385212765416056,m s**-1,Monthly climatological diagnostic.,era5_850hpa_moisture_flux_diagnostics,east_africa,
mfc850,June,1.238319145637672e-09,kg kg-1 s-1 approximately,Monthly climatological diagnostic.,era5_850hpa_moisture_flux_diagnostics,east_africa,
qu850,June,-0.009724810950030409,kg kg-1 m s-1,Monthly climatological diagnostic.,era5_850hpa_moisture_flux_diagnostics,atlantic_congo_ethiopia,
qv850,June,0.01592790340248028,kg kg-1 m s-1,Monthly climatological diagnostic.,era5_850hpa_moisture_flux_diagnostics,atlantic_congo_ethiopia,
wind_speed850,June,4.202899789410572,m s**-1,Monthly climatological diagnostic.,era5_850hpa_moisture_flux_diagnostics,atlantic_congo_ethiopia,
mfc850,June,-2.8433385990660347e-09,kg kg-1 s-1 approximately,Monthly climatological diagnostic.,era5_850hpa_moisture_flux_diagnostics,atlantic_congo_ethiopia,
qu850,June,0.002969239958728878,kg kg-1 m s-1,Monthly climatological diagnostic.,era5_850hpa_moisture_flux_diagnostics,congo_moisture_corridor,
qv850,June,0.02008812020990657,kg kg-1 m s-1,Monthly climatological diagnostic.,era5_850hpa_moisture_flux_diagnostics,congo_moisture_corridor,
wind_speed850,June,2.5499597173683264,m s**-1,Monthly climatological diagnostic.,era5_850hpa_moisture_flux_diagnostics,congo_moisture_corridor,
mfc850,June,1.0849996274523716e-08,kg kg-1 s-1 approximately,Monthly climatological diagnostic.,era5_850hpa_moisture_flux_diagnostics,congo_moisture_corridor,
qu850,June,0.012216794706293818,kg kg-1 m s-1,Monthly climatological diagnostic.,era5_850hpa_moisture_flux_diagnostics,western_moisture_entry,
qv850,June,0.026019019017483744,kg kg-1 m s-1,Monthly climatological diagnostic.,era5_850hpa_moisture_flux_diagnostics,western_moisture_entry,
wind_speed850,June,2.8956387984424876,m s**-1,Monthly climatological diagnostic.,era5_850hpa_moisture_flux_diagnostics,western_moisture_entry,
mfc850,June,1.3402588988745524e-08,kg kg-1 s-1 approximately,Monthly climatological diagnostic.,era5_850hpa_moisture_flux_diagnostics,western_moisture_entry,
qu850,June,0.023956734539186203,kg kg-1 m s-1,Monthly climatological diagnostic.,era5_850hpa_moisture_flux_diagnostics,western_indian_ocean,
qv850,June,0.04999690726757637,kg kg-1 m s-1,Monthly climatological diagnostic.,era5_850hpa_moisture_flux_diagnostics,western_indian_ocean,
wind_speed850,June,9.808578345672164,m s**-1,Monthly climatological diagnostic.,era5_850hpa_moisture_flux_diagnostics,western_indian_ocean,
mfc850,June,-4.8197960210105735e-09,kg kg-1 s-1 approximately,Monthly climatological diagnostic.,era5_850hpa_moisture_flux_diagnostics,western_indian_ocean,
qu850,June,0.025226432588717682,kg kg-1 m s-1,Monthly climatological diagnostic.,era5_850hpa_moisture_flux_diagnostics,arabia_red_sea,
qv850,June,-0.0031709205416806316,kg kg-1 m s-1,Monthly climatological diagnostic.,era5_850hpa_moisture_flux_diagnostics,arabia_red_sea,
wind_speed850,June,5.565330705621768,m s**-1,Monthly climatological diagnostic.,era5_850hpa_moisture_flux_diagnostics,arabia_red_sea,
mfc850,June,1.4937845207318677e-08,kg kg-1 s-1 approximately,Monthly climatological diagnostic.,era5_850hpa_moisture_flux_diagnostics,arabia_red_sea,
qu850,June,0.011333088274046445,kg kg-1 m s-1,Monthly climatological diagnostic.,era5_850hpa_moisture_flux_diagnostics,north_africa_arabia,
qv850,June,-0.005615500008910859,kg kg-1 m s-1,Monthly climatological diagnostic.,era5_850hpa_moisture_flux_diagnostics,north_africa_arabia,
wind_speed850,June,4.647167221240219,m s**-1,Monthly climatological diagnostic.,era5_850hpa_moisture_flux_diagnostics,north_africa_arabia,
mfc850,June,8.18140802935956e-09,kg kg-1 s-1 approximately,Monthly climatological diagnostic.,era5_850hpa_moisture_flux_diagnostics,north_africa_arabia,
qu850,June,0.07939858322246708,kg kg-1 m s-1,Monthly climatological diagnostic.,era5_850hpa_moisture_flux_diagnostics,tej_core,
qv850,June,0.02016975922847083,kg kg-1 m s-1,Monthly climatological diagnostic.,era5_850hpa_moisture_flux_diagnostics,tej_core,
wind_speed850,June,8.4594147439623,m s**-1,Monthly climatological diagnostic.,era5_850hpa_moisture_flux_diagnostics,tej_core,
mfc850,June,1.1829456394481266e-08,kg kg-1 s-1 approximately,Monthly climatological diagnostic.,era5_850hpa_moisture_flux_diagnostics,tej_core,
qu850,June,0.028716560672933177,kg kg-1 m s-1,Monthly climatological diagnostic.,era5_850hpa_moisture_flux_diagnostics,somali_jet_box,
qv850,June,0.07269204530064415,kg kg-1 m s-1,Monthly climatological diagnostic.,era5_850hpa_moisture_flux_diagnostics,somali_jet_box,
wind_speed850,June,10.698783529025551,m s**-1,Monthly climatological diagnostic.,era5_850hpa_moisture_flux_diagnostics,somali_jet_box,
mfc850,June,-8.929631401880528e-09,kg kg-1 s-1 approximately,Monthly climatological diagnostic.,era5_850hpa_moisture_flux_diagnostics,somali_jet_box,
qu850,June,-0.02744652179241794,kg kg-1 m s-1,Monthly climatological diagnostic.,era5_850hpa_moisture_flux_diagnostics,turkana_corridor,
qv850,June,0.05878238142906586,kg kg-1 m s-1,Monthly climatological diagnostic.,era5_850hpa_moisture_flux_diagnostics,turkana_corridor,
wind_speed850,June,7.128045784251937,m s**-1,Monthly climatological diagnostic.,era5_850hpa_moisture_flux_diagnostics,turkana_corridor,
mfc850,June,-2.4555317158185576e-08,kg kg-1 s-1 approximately,Monthly climatological diagnostic.,era5_850hpa_moisture_flux_diagnostics,turkana_corridor,
qu850,July,0.037276182410388936,kg kg-1 m s-1,Monthly climatological diagnostic.,era5_850hpa_moisture_flux_diagnostics,ethiopia,
qv850,July,0.04138420840218163,kg kg-1 m s-1,Monthly climatological diagnostic.,era5_850hpa_moisture_flux_diagnostics,ethiopia,
wind_speed850,July,7.12726854986664,m s**-1,Monthly climatological diagnostic.,era5_850hpa_moisture_flux_diagnostics,ethiopia,
mfc850,July,7.097439548807148e-09,kg kg-1 s-1 approximately,Monthly climatological diagnostic.,era5_850hpa_moisture_flux_diagnostics,ethiopia,
qu850,July,0.014564870351148501,kg kg-1 m s-1,Monthly climatological diagnostic.,era5_850hpa_moisture_flux_diagnostics,ethiopia_highlands_broad,
qv850,July,0.014208231614038136,kg kg-1 m s-1,Monthly climatological diagnostic.,era5_850hpa_moisture_flux_diagnostics,ethiopia_highlands_broad,
wind_speed850,July,2.7438297164081633,m s**-1,Monthly climatological diagnostic.,era5_850hpa_moisture_flux_diagnostics,ethiopia_highlands_broad,
mfc850,July,3.1573416705045974e-08,kg kg-1 s-1 approximately,Monthly climatological diagnostic.,era5_850hpa_moisture_flux_diagnostics,ethiopia_highlands_broad,
qu850,July,0.022590274964932922,kg kg-1 m s-1,Monthly climatological diagnostic.,era5_850hpa_moisture_flux_diagnostics,north_ethiopia,
qv850,July,0.0011328080902827005,kg kg-1 m s-1,Monthly climatological diagnostic.,era5_850hpa_moisture_flux_diagnostics,north_ethiopia,
wind_speed850,July,3.3178000591567502,m s**-1,Monthly climatological diagnostic.,era5_850hpa_moisture_flux_diagnostics,north_ethiopia,
mfc850,July,4.1502568169298e-08,kg kg-1 s-1 approximately,Monthly climatological diagnostic.,era5_850hpa_moisture_flux_diagnostics,north_ethiopia,
qu850,July,0.00632195230250953,kg kg-1 m s-1,Monthly climatological diagnostic.,era5_850hpa_moisture_flux_diagnostics,central_ethiopia,
qv850,July,0.008017099780162807,kg kg-1 m s-1,Monthly climatological diagnostic.,era5_850hpa_moisture_flux_diagnostics,central_ethiopia,
wind_speed850,July,1.2696867724482161,m s**-1,Monthly climatological diagnostic.,era5_850hpa_moisture_flux_diagnostics,central_ethiopia,
mfc850,July,2.1198389042652113e-08,kg kg-1 s-1 approximately,Monthly climatological diagnostic.,era5_850hpa_moisture_flux_diagnostics,central_ethiopia,
qu850,July,0.015481896590975198,kg kg-1 m s-1,Monthly climatological diagnostic.,era5_850hpa_moisture_flux_diagnostics,west_ethiopia,
qv850,July,0.02376097590900478,kg kg-1 m s-1,Monthly climatological diagnostic.,era5_850hpa_moisture_flux_diagnostics,west_ethiopia,
wind_speed850,July,2.550435152531205,m s**-1,Monthly climatological diagnostic.,era5_850hpa_moisture_flux_diagnostics,west_ethiopia,
mfc850,July,2.073207197540162e-08,kg kg-1 s-1 approximately,Monthly climatological diagnostic.,era5_850hpa_moisture_flux_diagnostics,west_ethiopia,
qu850,July,0.07525695577460635,kg kg-1 m s-1,Monthly climatological diagnostic.,era5_850hpa_moisture_flux_diagnostics,east_ethiopia,
qv850,July,0.07111834760552872,kg kg-1 m s-1,Monthly climatological diagnostic.,era5_850hpa_moisture_flux_diagnostics,east_ethiopia,
wind_speed850,July,11.354654794763016,m s**-1,Monthly climatological diagnostic.,era5_850hpa_moisture_flux_diagnostics,east_ethiopia,
mfc850,July,2.7183077865747403e-08,kg kg-1 s-1 approximately,Monthly climatological diagnostic.,era5_850hpa_moisture_flux_diagnostics,east_ethiopia,
qu850,July,0.008288254002074374,kg kg-1 m s-1,Monthly climatological diagnostic.,era5_850hpa_moisture_flux_diagnostics,greater_horn,
qv850,July,0.02985678162255718,kg kg-1 m s-1,Monthly climatological diagnostic.,era5_850hpa_moisture_flux_diagnostics,greater_horn,
wind_speed850,July,6.841995934036357,m s**-1,Monthly climatological diagnostic.,era5_850hpa_moisture_flux_diagnostics,greater_horn,
mfc850,July,2.1210609535669848e-09,kg kg-1 s-1 approximately,Monthly climatological diagnostic.,era5_850hpa_moisture_flux_diagnostics,greater_horn,
qu850,July,0.008759153879515846,kg kg-1 m s-1,Monthly climatological diagnostic.,era5_850hpa_moisture_flux_diagnostics,east_africa,
qv850,July,0.03663763055013184,kg kg-1 m s-1,Monthly climatological diagnostic.,era5_850hpa_moisture_flux_diagnostics,east_africa,
wind_speed850,July,7.0607260528131155,m s**-1,Monthly climatological diagnostic.,era5_850hpa_moisture_flux_diagnostics,east_africa,
mfc850,July,2.8058357879318276e-09,kg kg-1 s-1 approximately,Monthly climatological diagnostic.,era5_850hpa_moisture_flux_diagnostics,east_africa,
qu850,July,-0.0012168419547864257,kg kg-1 m s-1,Monthly climatological diagnostic.,era5_850hpa_moisture_flux_diagnostics,atlantic_congo_ethiopia,
qv850,July,0.01537685335943047,kg kg-1 m s-1,Monthly climatological diagnostic.,era5_850hpa_moisture_flux_diagnostics,atlantic_congo_ethiopia,
wind_speed850,July,4.445699881851333,m s**-1,Monthly climatological diagnostic.,era5_850hpa_moisture_flux_diagnostics,atlantic_congo_ethiopia,
mfc850,July,-1.927993080965517e-09,kg kg-1 s-1 approximately,Monthly climatological diagnostic.,era5_850hpa_moisture_flux_diagnostics,atlantic_congo_ethiopia,
qu850,July,0.01111012603822935,kg kg-1 m s-1,Monthly climatological diagnostic.,era5_850hpa_moisture_flux_diagnostics,congo_moisture_corridor,
qv850,July,0.015736567742398847,kg kg-1 m s-1,Monthly climatological diagnostic.,era5_850hpa_moisture_flux_diagnostics,congo_moisture_corridor,
wind_speed850,July,2.7307954223787947,m s**-1,Monthly climatological diagnostic.,era5_850hpa_moisture_flux_diagnostics,congo_moisture_corridor,
mfc850,July,1.2920285023214024e-08,kg kg-1 s-1 approximately,Monthly climatological diagnostic.,era5_850hpa_moisture_flux_diagnostics,congo_moisture_corridor,
qu850,July,0.020375256653005474,kg kg-1 m s-1,Monthly climatological diagnostic.,era5_850hpa_moisture_flux_diagnostics,western_moisture_entry,
qv850,July,0.0220657722174513,kg kg-1 m s-1,Monthly climatological diagnostic.,era5_850hpa_moisture_flux_diagnostics,western_moisture_entry,
wind_speed850,July,3.1512091543275664,m s**-1,Monthly climatological diagnostic.,era5_850hpa_moisture_flux_diagnostics,western_moisture_entry,
mfc850,July,8.781335754311556e-09,kg kg-1 s-1 approximately,Monthly climatological diagnostic.,era5_850hpa_moisture_flux_diagnostics,western_moisture_entry,
qu850,July,0.024060518826771866,kg kg-1 m s-1,Monthly climatological diagnostic.,era5_850hpa_moisture_flux_diagnostics,western_indian_ocean,
qv850,July,0.057237763841322634,kg kg-1 m s-1,Monthly climatological diagnostic.,era5_850hpa_moisture_flux_diagnostics,western_indian_ocean,
wind_speed850,July,11.069986077853086,m s**-1,Monthly climatological diagnostic.,era5_850hpa_moisture_flux_diagnostics,western_indian_ocean,
mfc850,July,-5.938154813636716e-09,kg kg-1 s-1 approximately,Monthly climatological diagnostic.,era5_850hpa_moisture_flux_diagnostics,western_indian_ocean,
qu850,July,0.0413523383909906,kg kg-1 m s-1,Monthly climatological diagnostic.,era5_850hpa_moisture_flux_diagnostics,arabia_red_sea,
qv850,July,-0.0007278574128536673,kg kg-1 m s-1,Monthly climatological diagnostic.,era5_850hpa_moisture_flux_diagnostics,arabia_red_sea,
wind_speed850,July,7.056708846740352,m s**-1,Monthly climatological diagnostic.,era5_850hpa_moisture_flux_diagnostics,arabia_red_sea,
mfc850,July,2.0127961363665646e-08,kg kg-1 s-1 approximately,Monthly climatological diagnostic.,era5_850hpa_moisture_flux_diagnostics,arabia_red_sea,
qu850,July,0.021237154548993685,kg kg-1 m s-1,Monthly climatological diagnostic.,era5_850hpa_moisture_flux_diagnostics,north_africa_arabia,
qv850,July,-0.0059730710471043716,kg kg-1 m s-1,Monthly climatological diagnostic.,era5_850hpa_moisture_flux_diagnostics,north_africa_arabia,
wind_speed850,July,5.46341121303582,m s**-1,Monthly climatological diagnostic.,era5_850hpa_moisture_flux_diagnostics,north_africa_arabia,
mfc850,July,9.091810521235925e-09,kg kg-1 s-1 approximately,Monthly climatological diagnostic.,era5_850hpa_moisture_flux_diagnostics,north_africa_arabia,
qu850,July,0.09609853170511369,kg kg-1 m s-1,Monthly climatological diagnostic.,era5_850hpa_moisture_flux_diagnostics,tej_core,
qv850,July,0.023511629237463718,kg kg-1 m s-1,Monthly climatological diagnostic.,era5_850hpa_moisture_flux_diagnostics,tej_core,
wind_speed850,July,9.985311730296614,m s**-1,Monthly climatological diagnostic.,era5_850hpa_moisture_flux_diagnostics,tej_core,
mfc850,July,1.2378444627192531e-08,kg kg-1 s-1 approximately,Monthly climatological diagnostic.,era5_850hpa_moisture_flux_diagnostics,tej_core,
qu850,July,0.03408259809225911,kg kg-1 m s-1,Monthly climatological diagnostic.,era5_850hpa_moisture_flux_diagnostics,somali_jet_box,
qv850,July,0.07775486725628723,kg kg-1 m s-1,Monthly climatological diagnostic.,era5_850hpa_moisture_flux_diagnostics,somali_jet_box,
wind_speed850,July,12.150918889541114,m s**-1,Monthly climatological diagnostic.,era5_850hpa_moisture_flux_diagnostics,somali_jet_box,
mfc850,July,-1.1202110348858899e-08,kg kg-1 s-1 approximately,Monthly climatological diagnostic.,era5_850hpa_moisture_flux_diagnostics,somali_jet_box,
qu850,July,-0.025634909433161157,kg kg-1 m s-1,Monthly climatological diagnostic.,era5_850hpa_moisture_flux_diagnostics,turkana_corridor,
qv850,July,0.05738710191699422,kg kg-1 m s-1,Monthly climatological diagnostic.,era5_850hpa_moisture_flux_diagnostics,turkana_corridor,
wind_speed850,July,7.399529763763064,m s**-1,Monthly climatological diagnostic.,era5_850hpa_moisture_flux_diagnostics,turkana_corridor,
mfc850,July,-2.506545843855501e-08,kg kg-1 s-1 approximately,Monthly climatological diagnostic.,era5_850hpa_moisture_flux_diagnostics,turkana_corridor,
qu850,August,0.031988063881159205,kg kg-1 m s-1,Monthly climatological diagnostic.,era5_850hpa_moisture_flux_diagnostics,ethiopia,
qv850,August,0.0383461241535035,kg kg-1 m s-1,Monthly climatological diagnostic.,era5_850hpa_moisture_flux_diagnostics,ethiopia,
wind_speed850,August,6.415302618369951,m s**-1,Monthly climatological diagnostic.,era5_850hpa_moisture_flux_diagnostics,ethiopia,
mfc850,August,3.352033710967661e-09,kg kg-1 s-1 approximately,Monthly climatological diagnostic.,era5_850hpa_moisture_flux_diagnostics,ethiopia,
qu850,August,0.012011890390518155,kg kg-1 m s-1,Monthly climatological diagnostic.,era5_850hpa_moisture_flux_diagnostics,ethiopia_highlands_broad,
qv850,August,0.012063683877631955,kg kg-1 m s-1,Monthly climatological diagnostic.,era5_850hpa_moisture_flux_diagnostics,ethiopia_highlands_broad,
wind_speed850,August,2.333312371873475,m s**-1,Monthly climatological diagnostic.,era5_850hpa_moisture_flux_diagnostics,ethiopia_highlands_broad,
mfc850,August,2.929823503069568e-08,kg kg-1 s-1 approximately,Monthly climatological diagnostic.,era5_850hpa_moisture_flux_diagnostics,ethiopia_highlands_broad,
qu850,August,0.019097740447097666,kg kg-1 m s-1,Monthly climatological diagnostic.,era5_850hpa_moisture_flux_diagnostics,north_ethiopia,
qv850,August,-0.0010506805400353782,kg kg-1 m s-1,Monthly climatological diagnostic.,era5_850hpa_moisture_flux_diagnostics,north_ethiopia,
wind_speed850,August,2.7252564829388444,m s**-1,Monthly climatological diagnostic.,era5_850hpa_moisture_flux_diagnostics,north_ethiopia,
mfc850,August,3.972352869741533e-08,kg kg-1 s-1 approximately,Monthly climatological diagnostic.,era5_850hpa_moisture_flux_diagnostics,north_ethiopia,
qu850,August,0.00539750321610847,kg kg-1 m s-1,Monthly climatological diagnostic.,era5_850hpa_moisture_flux_diagnostics,central_ethiopia,
qv850,August,0.007676193325954461,kg kg-1 m s-1,Monthly climatological diagnostic.,era5_850hpa_moisture_flux_diagnostics,central_ethiopia,
wind_speed850,August,1.1113531287682663,m s**-1,Monthly climatological diagnostic.,era5_850hpa_moisture_flux_diagnostics,central_ethiopia,
mfc850,August,1.5752076965457724e-08,kg kg-1 s-1 approximately,Monthly climatological diagnostic.,era5_850hpa_moisture_flux_diagnostics,central_ethiopia,
qu850,August,0.012068718707352,kg kg-1 m s-1,Monthly climatological diagnostic.,era5_850hpa_moisture_flux_diagnostics,west_ethiopia,
qv850,August,0.018648540582068718,kg kg-1 m s-1,Monthly climatological diagnostic.,era5_850hpa_moisture_flux_diagnostics,west_ethiopia,
wind_speed850,August,2.016578777120941,m s**-1,Monthly climatological diagnostic.,era5_850hpa_moisture_flux_diagnostics,west_ethiopia,
mfc850,August,2.0456211653051764e-08,kg kg-1 s-1 approximately,Monthly climatological diagnostic.,era5_850hpa_moisture_flux_diagnostics,west_ethiopia,
qu850,August,0.0671696053149334,kg kg-1 m s-1,Monthly climatological diagnostic.,era5_850hpa_moisture_flux_diagnostics,east_ethiopia,
qv850,August,0.06864182321035019,kg kg-1 m s-1,Monthly climatological diagnostic.,era5_850hpa_moisture_flux_diagnostics,east_ethiopia,
wind_speed850,August,10.413825887588521,m s**-1,Monthly climatological diagnostic.,era5_850hpa_moisture_flux_diagnostics,east_ethiopia,
mfc850,August,1.4361063050769733e-08,kg kg-1 s-1 approximately,Monthly climatological diagnostic.,era5_850hpa_moisture_flux_diagnostics,east_ethiopia,
qu850,August,0.0033267912777407765,kg kg-1 m s-1,Monthly climatological diagnostic.,era5_850hpa_moisture_flux_diagnostics,greater_horn,
qv850,August,0.02321163087960593,kg kg-1 m s-1,Monthly climatological diagnostic.,era5_850hpa_moisture_flux_diagnostics,greater_horn,
wind_speed850,August,6.154539149291889,m s**-1,Monthly climatological diagnostic.,era5_850hpa_moisture_flux_diagnostics,greater_horn,
mfc850,August,3.3224124994359293e-09,kg kg-1 s-1 approximately,Monthly climatological diagnostic.,era5_850hpa_moisture_flux_diagnostics,greater_horn,
qu850,August,0.003859025473487036,kg kg-1 m s-1,Monthly climatological diagnostic.,era5_850hpa_moisture_flux_diagnostics,east_africa,
qv850,August,0.02906916723158733,kg kg-1 m s-1,Monthly climatological diagnostic.,era5_850hpa_moisture_flux_diagnostics,east_africa,
wind_speed850,August,6.350998249677037,m s**-1,Monthly climatological diagnostic.,era5_850hpa_moisture_flux_diagnostics,east_africa,
mfc850,August,4.256648848850846e-09,kg kg-1 s-1 approximately,Monthly climatological diagnostic.,era5_850hpa_moisture_flux_diagnostics,east_africa,
qu850,August,-0.0009669502148671437,kg kg-1 m s-1,Monthly climatological diagnostic.,era5_850hpa_moisture_flux_diagnostics,atlantic_congo_ethiopia,
qv850,August,0.011001535921997117,kg kg-1 m s-1,Monthly climatological diagnostic.,era5_850hpa_moisture_flux_diagnostics,atlantic_congo_ethiopia,
wind_speed850,August,4.1153145488729574,m s**-1,Monthly climatological diagnostic.,era5_850hpa_moisture_flux_diagnostics,atlantic_congo_ethiopia,
mfc850,August,-4.697695462316254e-10,kg kg-1 s-1 approximately,Monthly climatological diagnostic.,era5_850hpa_moisture_flux_diagnostics,atlantic_congo_ethiopia,
qu850,August,0.011886007945065965,kg kg-1 m s-1,Monthly climatological diagnostic.,era5_850hpa_moisture_flux_diagnostics,congo_moisture_corridor,
qv850,August,0.006754641668440926,kg kg-1 m s-1,Monthly climatological diagnostic.,era5_850hpa_moisture_flux_diagnostics,congo_moisture_corridor,
wind_speed850,August,2.4770799198315188,m s**-1,Monthly climatological diagnostic.,era5_850hpa_moisture_flux_diagnostics,congo_moisture_corridor,
mfc850,August,1.686280145510938e-08,kg kg-1 s-1 approximately,Monthly climatological diagnostic.,era5_850hpa_moisture_flux_diagnostics,congo_moisture_corridor,
qu850,August,0.014708152326744413,kg kg-1 m s-1,Monthly climatological diagnostic.,era5_850hpa_moisture_flux_diagnostics,western_moisture_entry,
qv850,August,0.014704884655409221,kg kg-1 m s-1,Monthly climatological diagnostic.,era5_850hpa_moisture_flux_diagnostics,western_moisture_entry,
wind_speed850,August,2.5536185310562005,m s**-1,Monthly climatological diagnostic.,era5_850hpa_moisture_flux_diagnostics,western_moisture_entry,
mfc850,August,8.958377267188029e-09,kg kg-1 s-1 approximately,Monthly climatological diagnostic.,era5_850hpa_moisture_flux_diagnostics,western_moisture_entry,
qu850,August,0.01411999368740761,kg kg-1 m s-1,Monthly climatological diagnostic.,era5_850hpa_moisture_flux_diagnostics,western_indian_ocean,
qv850,August,0.04806119855144198,kg kg-1 m s-1,Monthly climatological diagnostic.,era5_850hpa_moisture_flux_diagnostics,western_indian_ocean,
wind_speed850,August,9.97523572698575,m s**-1,Monthly climatological diagnostic.,era5_850hpa_moisture_flux_diagnostics,western_indian_ocean,
mfc850,August,-5.698363841711558e-09,kg kg-1 s-1 approximately,Monthly climatological diagnostic.,era5_850hpa_moisture_flux_diagnostics,western_indian_ocean,
qu850,August,0.034799912385067196,kg kg-1 m s-1,Monthly climatological diagnostic.,era5_850hpa_moisture_flux_diagnostics,arabia_red_sea,
qv850,August,0.00034307766602700103,kg kg-1 m s-1,Monthly climatological diagnostic.,era5_850hpa_moisture_flux_diagnostics,arabia_red_sea,
wind_speed850,August,6.101942244813694,m s**-1,Monthly climatological diagnostic.,era5_850hpa_moisture_flux_diagnostics,arabia_red_sea,
mfc850,August,1.806783853161506e-08,kg kg-1 s-1 approximately,Monthly climatological diagnostic.,era5_850hpa_moisture_flux_diagnostics,arabia_red_sea,
qu850,August,0.01580431702326104,kg kg-1 m s-1,Monthly climatological diagnostic.,era5_850hpa_moisture_flux_diagnostics,north_africa_arabia,
qv850,August,-0.006567493026036223,kg kg-1 m s-1,Monthly climatological diagnostic.,era5_850hpa_moisture_flux_diagnostics,north_africa_arabia,
wind_speed850,August,4.774651477852677,m s**-1,Monthly climatological diagnostic.,era5_850hpa_moisture_flux_diagnostics,north_africa_arabia,
mfc850,August,6.0004063136416125e-09,kg kg-1 s-1 approximately,Monthly climatological diagnostic.,era5_850hpa_moisture_flux_diagnostics,north_africa_arabia,
qu850,August,0.08376850384875974,kg kg-1 m s-1,Monthly climatological diagnostic.,era5_850hpa_moisture_flux_diagnostics,tej_core,
qv850,August,0.017832242880923402,kg kg-1 m s-1,Monthly climatological diagnostic.,era5_850hpa_moisture_flux_diagnostics,tej_core,
wind_speed850,August,8.837273691835861,m s**-1,Monthly climatological diagnostic.,era5_850hpa_moisture_flux_diagnostics,tej_core,
mfc850,August,1.0969134852886956e-08,kg kg-1 s-1 approximately,Monthly climatological diagnostic.,era5_850hpa_moisture_flux_diagnostics,tej_core,
qu850,August,0.024710780018005953,kg kg-1 m s-1,Monthly climatological diagnostic.,era5_850hpa_moisture_flux_diagnostics,somali_jet_box,
qv850,August,0.0687959729863787,kg kg-1 m s-1,Monthly climatological diagnostic.,era5_850hpa_moisture_flux_diagnostics,somali_jet_box,
wind_speed850,August,11.09352854124064,m s**-1,Monthly climatological diagnostic.,era5_850hpa_moisture_flux_diagnostics,somali_jet_box,
mfc850,August,-1.1737052974726682e-08,kg kg-1 s-1 approximately,Monthly climatological diagnostic.,era5_850hpa_moisture_flux_diagnostics,somali_jet_box,
qu850,August,-0.029252345015870304,kg kg-1 m s-1,Monthly climatological diagnostic.,era5_850hpa_moisture_flux_diagnostics,turkana_corridor,
qv850,August,0.053581591554187465,kg kg-1 m s-1,Monthly climatological diagnostic.,era5_850hpa_moisture_flux_diagnostics,turkana_corridor,
wind_speed850,August,7.243790506650417,m s**-1,Monthly climatological diagnostic.,era5_850hpa_moisture_flux_diagnostics,turkana_corridor,
mfc850,August,-2.8351172665917185e-08,kg kg-1 s-1 approximately,Monthly climatological diagnostic.,era5_850hpa_moisture_flux_diagnostics,turkana_corridor,
qu850,September,0.01383900362703311,kg kg-1 m s-1,Monthly climatological diagnostic.,era5_850hpa_moisture_flux_diagnostics,ethiopia,
qv850,September,0.0291441201007995,kg kg-1 m s-1,Monthly climatological diagnostic.,era5_850hpa_moisture_flux_diagnostics,ethiopia,
wind_speed850,September,4.506037489083042,m s**-1,Monthly climatological diagnostic.,era5_850hpa_moisture_flux_diagnostics,ethiopia,
mfc850,September,9.197296828251948e-09,kg kg-1 s-1 approximately,Monthly climatological diagnostic.,era5_850hpa_moisture_flux_diagnostics,ethiopia,
qu850,September,0.0019376862316200349,kg kg-1 m s-1,Monthly climatological diagnostic.,era5_850hpa_moisture_flux_diagnostics,ethiopia_highlands_broad,
qv850,September,0.006739463060248401,kg kg-1 m s-1,Monthly climatological diagnostic.,era5_850hpa_moisture_flux_diagnostics,ethiopia_highlands_broad,
wind_speed850,September,1.5368872125670963,m s**-1,Monthly climatological diagnostic.,era5_850hpa_moisture_flux_diagnostics,ethiopia_highlands_broad,
mfc850,September,2.991813342043664e-08,kg kg-1 s-1 approximately,Monthly climatological diagnostic.,era5_850hpa_moisture_flux_diagnostics,ethiopia_highlands_broad,
qu850,September,0.004712269681630249,kg kg-1 m s-1,Monthly climatological diagnostic.,era5_850hpa_moisture_flux_diagnostics,north_ethiopia,
qv850,September,-0.004149728631747421,kg kg-1 m s-1,Monthly climatological diagnostic.,era5_850hpa_moisture_flux_diagnostics,north_ethiopia,
wind_speed850,September,1.5933209395013983,m s**-1,Monthly climatological diagnostic.,era5_850hpa_moisture_flux_diagnostics,north_ethiopia,
mfc850,September,3.6929723486118463e-08,kg kg-1 s-1 approximately,Monthly climatological diagnostic.,era5_850hpa_moisture_flux_diagnostics,north_ethiopia,
qu850,September,-0.0012999585331944714,kg kg-1 m s-1,Monthly climatological diagnostic.,era5_850hpa_moisture_flux_diagnostics,central_ethiopia,
qv850,September,0.003686080427226559,kg kg-1 m s-1,Monthly climatological diagnostic.,era5_850hpa_moisture_flux_diagnostics,central_ethiopia,
wind_speed850,September,0.6726552464793285,m s**-1,Monthly climatological diagnostic.,era5_850hpa_moisture_flux_diagnostics,central_ethiopia,
mfc850,September,2.6632644531051383e-08,kg kg-1 s-1 approximately,Monthly climatological diagnostic.,era5_850hpa_moisture_flux_diagnostics,central_ethiopia,
qu850,September,0.0020852796758170796,kg kg-1 m s-1,Monthly climatological diagnostic.,era5_850hpa_moisture_flux_diagnostics,west_ethiopia,
qv850,September,0.01156576364664359,kg kg-1 m s-1,Monthly climatological diagnostic.,era5_850hpa_moisture_flux_diagnostics,west_ethiopia,
wind_speed850,September,1.2515678131979495,m s**-1,Monthly climatological diagnostic.,era5_850hpa_moisture_flux_diagnostics,west_ethiopia,
mfc850,September,1.4289869860611084e-08,kg kg-1 s-1 approximately,Monthly climatological diagnostic.,era5_850hpa_moisture_flux_diagnostics,west_ethiopia,
qu850,September,0.041589302688585024,kg kg-1 m s-1,Monthly climatological diagnostic.,era5_850hpa_moisture_flux_diagnostics,east_ethiopia,
qv850,September,0.05167932415670578,kg kg-1 m s-1,Monthly climatological diagnostic.,era5_850hpa_moisture_flux_diagnostics,east_ethiopia,
wind_speed850,September,7.144420400876802,m s**-1,Monthly climatological diagnostic.,era5_850hpa_moisture_flux_diagnostics,east_ethiopia,
mfc850,September,1.444980237641166e-08,kg kg-1 s-1 approximately,Monthly climatological diagnostic.,era5_850hpa_moisture_flux_diagnostics,east_ethiopia,
qu850,September,-0.009042389340007269,kg kg-1 m s-1,Monthly climatological diagnostic.,era5_850hpa_moisture_flux_diagnostics,greater_horn,
qv850,September,0.014172820590306815,kg kg-1 m s-1,Monthly climatological diagnostic.,era5_850hpa_moisture_flux_diagnostics,greater_horn,
wind_speed850,September,5.031436236011822,m s**-1,Monthly climatological diagnostic.,era5_850hpa_moisture_flux_diagnostics,greater_horn,
mfc850,September,3.3847064140622425e-09,kg kg-1 s-1 approximately,Monthly climatological diagnostic.,era5_850hpa_moisture_flux_diagnostics,greater_horn,
qu850,September,-0.00906840884034822,kg kg-1 m s-1,Monthly climatological diagnostic.,era5_850hpa_moisture_flux_diagnostics,east_africa,
qv850,September,0.018067069253389068,kg kg-1 m s-1,Monthly climatological diagnostic.,era5_850hpa_moisture_flux_diagnostics,east_africa,
wind_speed850,September,5.130094895652128,m s**-1,Monthly climatological diagnostic.,era5_850hpa_moisture_flux_diagnostics,east_africa,
mfc850,September,4.955287502038444e-09,kg kg-1 s-1 approximately,Monthly climatological diagnostic.,era5_850hpa_moisture_flux_diagnostics,east_africa,
qu850,September,-0.01131341213594175,kg kg-1 m s-1,Monthly climatological diagnostic.,era5_850hpa_moisture_flux_diagnostics,atlantic_congo_ethiopia,
qv850,September,0.005252379538643744,kg kg-1 m s-1,Monthly climatological diagnostic.,era5_850hpa_moisture_flux_diagnostics,atlantic_congo_ethiopia,
wind_speed850,September,3.8183398416918326,m s**-1,Monthly climatological diagnostic.,era5_850hpa_moisture_flux_diagnostics,atlantic_congo_ethiopia,
mfc850,September,-1.1641135448605378e-11,kg kg-1 s-1 approximately,Monthly climatological diagnostic.,era5_850hpa_moisture_flux_diagnostics,atlantic_congo_ethiopia,
qu850,September,0.0018554464078693604,kg kg-1 m s-1,Monthly climatological diagnostic.,era5_850hpa_moisture_flux_diagnostics,congo_moisture_corridor,
qv850,September,0.000805084343187431,kg kg-1 m s-1,Monthly climatological diagnostic.,era5_850hpa_moisture_flux_diagnostics,congo_moisture_corridor,
wind_speed850,September,1.9888436127224454,m s**-1,Monthly climatological diagnostic.,era5_850hpa_moisture_flux_diagnostics,congo_moisture_corridor,
mfc850,September,1.649342365423751e-08,kg kg-1 s-1 approximately,Monthly climatological diagnostic.,era5_850hpa_moisture_flux_diagnostics,congo_moisture_corridor,
qu850,September,-0.0012584212686710882,kg kg-1 m s-1,Monthly climatological diagnostic.,era5_850hpa_moisture_flux_diagnostics,western_moisture_entry,
qv850,September,0.007601535366001495,kg kg-1 m s-1,Monthly climatological diagnostic.,era5_850hpa_moisture_flux_diagnostics,western_moisture_entry,
wind_speed850,September,1.6458054195866607,m s**-1,Monthly climatological diagnostic.,era5_850hpa_moisture_flux_diagnostics,western_moisture_entry,
mfc850,September,8.533495969197075e-09,kg kg-1 s-1 approximately,Monthly climatological diagnostic.,era5_850hpa_moisture_flux_diagnostics,western_moisture_entry,
qu850,September,0.0028612559858454006,kg kg-1 m s-1,Monthly climatological diagnostic.,era5_850hpa_moisture_flux_diagnostics,western_indian_ocean,
qv850,September,0.030714367590952883,kg kg-1 m s-1,Monthly climatological diagnostic.,era5_850hpa_moisture_flux_diagnostics,western_indian_ocean,
wind_speed850,September,7.388394532060083,m s**-1,Monthly climatological diagnostic.,era5_850hpa_moisture_flux_diagnostics,western_indian_ocean,
mfc850,September,-3.638527647941067e-09,kg kg-1 s-1 approximately,Monthly climatological diagnostic.,era5_850hpa_moisture_flux_diagnostics,western_indian_ocean,
qu850,September,0.010652391489022476,kg kg-1 m s-1,Monthly climatological diagnostic.,era5_850hpa_moisture_flux_diagnostics,arabia_red_sea,
qv850,September,-0.0022518425926548904,kg kg-1 m s-1,Monthly climatological diagnostic.,era5_850hpa_moisture_flux_diagnostics,arabia_red_sea,
wind_speed850,September,3.8305133291042504,m s**-1,Monthly climatological diagnostic.,era5_850hpa_moisture_flux_diagnostics,arabia_red_sea,
mfc850,September,8.872783310742065e-09,kg kg-1 s-1 approximately,Monthly climatological diagnostic.,era5_850hpa_moisture_flux_diagnostics,arabia_red_sea,
qu850,September,0.00036587115754906535,kg kg-1 m s-1,Monthly climatological diagnostic.,era5_850hpa_moisture_flux_diagnostics,north_africa_arabia,
qv850,September,-0.007457669790486483,kg kg-1 m s-1,Monthly climatological diagnostic.,era5_850hpa_moisture_flux_diagnostics,north_africa_arabia,
wind_speed850,September,3.848424276752031,m s**-1,Monthly climatological diagnostic.,era5_850hpa_moisture_flux_diagnostics,north_africa_arabia,
mfc850,September,1.5204109258623728e-09,kg kg-1 s-1 approximately,Monthly climatological diagnostic.,era5_850hpa_moisture_flux_diagnostics,north_africa_arabia,
qu850,September,0.044694104930892674,kg kg-1 m s-1,Monthly climatological diagnostic.,era5_850hpa_moisture_flux_diagnostics,tej_core,
qv850,September,0.0077648495462862375,kg kg-1 m s-1,Monthly climatological diagnostic.,era5_850hpa_moisture_flux_diagnostics,tej_core,
wind_speed850,September,5.657627940415818,m s**-1,Monthly climatological diagnostic.,era5_850hpa_moisture_flux_diagnostics,tej_core,
mfc850,September,8.708093195063084e-09,kg kg-1 s-1 approximately,Monthly climatological diagnostic.,era5_850hpa_moisture_flux_diagnostics,tej_core,
qu850,September,0.007037720938917084,kg kg-1 m s-1,Monthly climatological diagnostic.,era5_850hpa_moisture_flux_diagnostics,somali_jet_box,
qv850,September,0.04971863927735312,kg kg-1 m s-1,Monthly climatological diagnostic.,era5_850hpa_moisture_flux_diagnostics,somali_jet_box,
wind_speed850,September,8.178860871148155,m s**-1,Monthly climatological diagnostic.,era5_850hpa_moisture_flux_diagnostics,somali_jet_box,
mfc850,September,-5.568867931881798e-09,kg kg-1 s-1 approximately,Monthly climatological diagnostic.,era5_850hpa_moisture_flux_diagnostics,somali_jet_box,
qu850,September,-0.03498932531855267,kg kg-1 m s-1,Monthly climatological diagnostic.,era5_850hpa_moisture_flux_diagnostics,turkana_corridor,
qv850,September,0.04899742246588544,kg kg-1 m s-1,Monthly climatological diagnostic.,era5_850hpa_moisture_flux_diagnostics,turkana_corridor,
wind_speed850,September,7.045532762779272,m s**-1,Monthly climatological diagnostic.,era5_850hpa_moisture_flux_diagnostics,turkana_corridor,
mfc850,September,-2.764155629832789e-08,kg kg-1 s-1 approximately,Monthly climatological diagnostic.,era5_850hpa_moisture_flux_diagnostics,turkana_corridor,
omega500,June,-0.018629559388504805,Pa s**-1,Positive omega means subsidence/sinking motion; negative omega means rising motion.,era5_vertical_divergence_height_diagnostics,ethiopia,
omega500,June,-0.05716653871664211,Pa s**-1,Positive omega means subsidence/sinking motion; negative omega means rising motion.,era5_vertical_divergence_height_diagnostics,ethiopia_highlands_broad,
omega500,June,-0.050826591779093606,Pa s**-1,Positive omega means subsidence/sinking motion; negative omega means rising motion.,era5_vertical_divergence_height_diagnostics,north_ethiopia,
omega500,June,-0.07585103464159143,Pa s**-1,Positive omega means subsidence/sinking motion; negative omega means rising motion.,era5_vertical_divergence_height_diagnostics,central_ethiopia,
omega500,June,-0.07911935581463037,Pa s**-1,Positive omega means subsidence/sinking motion; negative omega means rising motion.,era5_vertical_divergence_height_diagnostics,west_ethiopia,
omega500,June,0.01263031881818276,Pa s**-1,Positive omega means subsidence/sinking motion; negative omega means rising motion.,era5_vertical_divergence_height_diagnostics,east_ethiopia,
omega500,June,0.0070385716542677845,Pa s**-1,Positive omega means subsidence/sinking motion; negative omega means rising motion.,era5_vertical_divergence_height_diagnostics,greater_horn,
omega500,June,0.004897537895771122,Pa s**-1,Positive omega means subsidence/sinking motion; negative omega means rising motion.,era5_vertical_divergence_height_diagnostics,east_africa,
omega500,June,0.006782827750310994,Pa s**-1,Positive omega means subsidence/sinking motion; negative omega means rising motion.,era5_vertical_divergence_height_diagnostics,atlantic_congo_ethiopia,
omega500,June,-0.018314767778895118,Pa s**-1,Positive omega means subsidence/sinking motion; negative omega means rising motion.,era5_vertical_divergence_height_diagnostics,congo_moisture_corridor,
omega500,June,-0.03655749012713312,Pa s**-1,Positive omega means subsidence/sinking motion; negative omega means rising motion.,era5_vertical_divergence_height_diagnostics,western_moisture_entry,
omega500,June,0.006456507906535489,Pa s**-1,Positive omega means subsidence/sinking motion; negative omega means rising motion.,era5_vertical_divergence_height_diagnostics,western_indian_ocean,
omega500,June,0.0057750960212573955,Pa s**-1,Positive omega means subsidence/sinking motion; negative omega means rising motion.,era5_vertical_divergence_height_diagnostics,arabia_red_sea,
omega500,June,0.019692728257253864,Pa s**-1,Positive omega means subsidence/sinking motion; negative omega means rising motion.,era5_vertical_divergence_height_diagnostics,north_africa_arabia,
omega500,June,-0.026133988230029503,Pa s**-1,Positive omega means subsidence/sinking motion; negative omega means rising motion.,era5_vertical_divergence_height_diagnostics,tej_core,
omega500,June,0.013850655796390905,Pa s**-1,Positive omega means subsidence/sinking motion; negative omega means rising motion.,era5_vertical_divergence_height_diagnostics,somali_jet_box,
omega500,June,0.022014015661078478,Pa s**-1,Positive omega means subsidence/sinking motion; negative omega means rising motion.,era5_vertical_divergence_height_diagnostics,turkana_corridor,
omega500,July,-0.034239830440559525,Pa s**-1,Positive omega means subsidence/sinking motion; negative omega means rising motion.,era5_vertical_divergence_height_diagnostics,ethiopia,
omega500,July,-0.08744877502666638,Pa s**-1,Positive omega means subsidence/sinking motion; negative omega means rising motion.,era5_vertical_divergence_height_diagnostics,ethiopia_highlands_broad,
omega500,July,-0.10226388894051192,Pa s**-1,Positive omega means subsidence/sinking motion; negative omega means rising motion.,era5_vertical_divergence_height_diagnostics,north_ethiopia,
omega500,July,-0.11897520874011769,Pa s**-1,Positive omega means subsidence/sinking motion; negative omega means rising motion.,era5_vertical_divergence_height_diagnostics,central_ethiopia,
omega500,July,-0.08302296197078202,Pa s**-1,Positive omega means subsidence/sinking motion; negative omega means rising motion.,era5_vertical_divergence_height_diagnostics,west_ethiopia,
omega500,July,0.0006665725538583303,Pa s**-1,Positive omega means subsidence/sinking motion; negative omega means rising motion.,era5_vertical_divergence_height_diagnostics,east_ethiopia,
omega500,July,0.001219710437530547,Pa s**-1,Positive omega means subsidence/sinking motion; negative omega means rising motion.,era5_vertical_divergence_height_diagnostics,greater_horn,
omega500,July,5.4984196690635995e-05,Pa s**-1,Positive omega means subsidence/sinking motion; negative omega means rising motion.,era5_vertical_divergence_height_diagnostics,east_africa,
omega500,July,0.003753027467778188,Pa s**-1,Positive omega means subsidence/sinking motion; negative omega means rising motion.,era5_vertical_divergence_height_diagnostics,atlantic_congo_ethiopia,
omega500,July,-0.021643312084501806,Pa s**-1,Positive omega means subsidence/sinking motion; negative omega means rising motion.,era5_vertical_divergence_height_diagnostics,congo_moisture_corridor,
omega500,July,-0.04019857474387646,Pa s**-1,Positive omega means subsidence/sinking motion; negative omega means rising motion.,era5_vertical_divergence_height_diagnostics,western_moisture_entry,
omega500,July,0.009229595989107662,Pa s**-1,Positive omega means subsidence/sinking motion; negative omega means rising motion.,era5_vertical_divergence_height_diagnostics,western_indian_ocean,
omega500,July,-0.009321814847347839,Pa s**-1,Positive omega means subsidence/sinking motion; negative omega means rising motion.,era5_vertical_divergence_height_diagnostics,arabia_red_sea,
omega500,July,0.006980618099866751,Pa s**-1,Positive omega means subsidence/sinking motion; negative omega means rising motion.,era5_vertical_divergence_height_diagnostics,north_africa_arabia,
omega500,July,-0.030804728490134707,Pa s**-1,Positive omega means subsidence/sinking motion; negative omega means rising motion.,era5_vertical_divergence_height_diagnostics,tej_core,
omega500,July,0.011987352684604076,Pa s**-1,Positive omega means subsidence/sinking motion; negative omega means rising motion.,era5_vertical_divergence_height_diagnostics,somali_jet_box,
omega500,July,0.022962472610383956,Pa s**-1,Positive omega means subsidence/sinking motion; negative omega means rising motion.,era5_vertical_divergence_height_diagnostics,turkana_corridor,
omega500,August,-0.03193089666463488,Pa s**-1,Positive omega means subsidence/sinking motion; negative omega means rising motion.,era5_vertical_divergence_height_diagnostics,ethiopia,
omega500,August,-0.08487798504018136,Pa s**-1,Positive omega means subsidence/sinking motion; negative omega means rising motion.,era5_vertical_divergence_height_diagnostics,ethiopia_highlands_broad,
omega500,August,-0.10220396079536484,Pa s**-1,Positive omega means subsidence/sinking motion; negative omega means rising motion.,era5_vertical_divergence_height_diagnostics,north_ethiopia,
omega500,August,-0.11462976926113429,Pa s**-1,Positive omega means subsidence/sinking motion; negative omega means rising motion.,era5_vertical_divergence_height_diagnostics,central_ethiopia,
omega500,August,-0.08009387927128649,Pa s**-1,Positive omega means subsidence/sinking motion; negative omega means rising motion.,era5_vertical_divergence_height_diagnostics,west_ethiopia,
omega500,August,0.0019292996155678161,Pa s**-1,Positive omega means subsidence/sinking motion; negative omega means rising motion.,era5_vertical_divergence_height_diagnostics,east_ethiopia,
omega500,August,-0.0010222855800493614,Pa s**-1,Positive omega means subsidence/sinking motion; negative omega means rising motion.,era5_vertical_divergence_height_diagnostics,greater_horn,
omega500,August,-0.0026833859848426583,Pa s**-1,Positive omega means subsidence/sinking motion; negative omega means rising motion.,era5_vertical_divergence_height_diagnostics,east_africa,
omega500,August,0.00022484936351985395,Pa s**-1,Positive omega means subsidence/sinking motion; negative omega means rising motion.,era5_vertical_divergence_height_diagnostics,atlantic_congo_ethiopia,
omega500,August,-0.032437637161628986,Pa s**-1,Positive omega means subsidence/sinking motion; negative omega means rising motion.,era5_vertical_divergence_height_diagnostics,congo_moisture_corridor,
omega500,August,-0.04424605525170731,Pa s**-1,Positive omega means subsidence/sinking motion; negative omega means rising motion.,era5_vertical_divergence_height_diagnostics,western_moisture_entry,
omega500,August,0.01051201243877909,Pa s**-1,Positive omega means subsidence/sinking motion; negative omega means rising motion.,era5_vertical_divergence_height_diagnostics,western_indian_ocean,
omega500,August,-0.006930597958470099,Pa s**-1,Positive omega means subsidence/sinking motion; negative omega means rising motion.,era5_vertical_divergence_height_diagnostics,arabia_red_sea,
omega500,August,0.005967979360279888,Pa s**-1,Positive omega means subsidence/sinking motion; negative omega means rising motion.,era5_vertical_divergence_height_diagnostics,north_africa_arabia,
omega500,August,-0.02782954162532479,Pa s**-1,Positive omega means subsidence/sinking motion; negative omega means rising motion.,era5_vertical_divergence_height_diagnostics,tej_core,
omega500,August,0.01301104571035895,Pa s**-1,Positive omega means subsidence/sinking motion; negative omega means rising motion.,era5_vertical_divergence_height_diagnostics,somali_jet_box,
omega500,August,0.021050622501973117,Pa s**-1,Positive omega means subsidence/sinking motion; negative omega means rising motion.,era5_vertical_divergence_height_diagnostics,turkana_corridor,
omega500,September,-0.010430849133957787,Pa s**-1,Positive omega means subsidence/sinking motion; negative omega means rising motion.,era5_vertical_divergence_height_diagnostics,ethiopia,
omega500,September,-0.049928732113579906,Pa s**-1,Positive omega means subsidence/sinking motion; negative omega means rising motion.,era5_vertical_divergence_height_diagnostics,ethiopia_highlands_broad,
omega500,September,-0.04105865923255497,Pa s**-1,Positive omega means subsidence/sinking motion; negative omega means rising motion.,era5_vertical_divergence_height_diagnostics,north_ethiopia,
omega500,September,-0.07725446350355072,Pa s**-1,Positive omega means subsidence/sinking motion; negative omega means rising motion.,era5_vertical_divergence_height_diagnostics,central_ethiopia,
omega500,September,-0.06506329824477083,Pa s**-1,Positive omega means subsidence/sinking motion; negative omega means rising motion.,era5_vertical_divergence_height_diagnostics,west_ethiopia,
omega500,September,0.016018958060493204,Pa s**-1,Positive omega means subsidence/sinking motion; negative omega means rising motion.,era5_vertical_divergence_height_diagnostics,east_ethiopia,
omega500,September,0.0044503043798489825,Pa s**-1,Positive omega means subsidence/sinking motion; negative omega means rising motion.,era5_vertical_divergence_height_diagnostics,greater_horn,
omega500,September,0.0023774042882528596,Pa s**-1,Positive omega means subsidence/sinking motion; negative omega means rising motion.,era5_vertical_divergence_height_diagnostics,east_africa,
omega500,September,0.0020953786739270923,Pa s**-1,Positive omega means subsidence/sinking motion; negative omega means rising motion.,era5_vertical_divergence_height_diagnostics,atlantic_congo_ethiopia,
omega500,September,-0.03442836406266805,Pa s**-1,Positive omega means subsidence/sinking motion; negative omega means rising motion.,era5_vertical_divergence_height_diagnostics,congo_moisture_corridor,
omega500,September,-0.035337600066363446,Pa s**-1,Positive omega means subsidence/sinking motion; negative omega means rising motion.,era5_vertical_divergence_height_diagnostics,western_moisture_entry,
omega500,September,0.010490125257116529,Pa s**-1,Positive omega means subsidence/sinking motion; negative omega means rising motion.,era5_vertical_divergence_height_diagnostics,western_indian_ocean,
omega500,September,0.012065824181484695,Pa s**-1,Positive omega means subsidence/sinking motion; negative omega means rising motion.,era5_vertical_divergence_height_diagnostics,arabia_red_sea,
omega500,September,0.018373809661935622,Pa s**-1,Positive omega means subsidence/sinking motion; negative omega means rising motion.,era5_vertical_divergence_height_diagnostics,north_africa_arabia,
omega500,September,-0.017693665698533926,Pa s**-1,Positive omega means subsidence/sinking motion; negative omega means rising motion.,era5_vertical_divergence_height_diagnostics,tej_core,
omega500,September,0.01769518855636489,Pa s**-1,Positive omega means subsidence/sinking motion; negative omega means rising motion.,era5_vertical_divergence_height_diagnostics,somali_jet_box,
omega500,September,0.022451559527711287,Pa s**-1,Positive omega means subsidence/sinking motion; negative omega means rising motion.,era5_vertical_divergence_height_diagnostics,turkana_corridor,
omega500,JJA,-0.028266761325303955,Pa s**-1,Positive omega means subsidence/sinking motion; negative omega means rising motion.,era5_vertical_divergence_height_diagnostics,ethiopia,
omega500,JJA,-0.07649776391983412,Pa s**-1,Positive omega means subsidence/sinking motion; negative omega means rising motion.,era5_vertical_divergence_height_diagnostics,ethiopia_highlands_broad,
omega500,JJA,-0.08509814390903957,Pa s**-1,Positive omega means subsidence/sinking motion; negative omega means rising motion.,era5_vertical_divergence_height_diagnostics,north_ethiopia,
omega500,JJA,-0.10315200211272357,Pa s**-1,Positive omega means subsidence/sinking motion; negative omega means rising motion.,era5_vertical_divergence_height_diagnostics,central_ethiopia,
omega500,JJA,-0.08074539722389508,Pa s**-1,Positive omega means subsidence/sinking motion; negative omega means rising motion.,era5_vertical_divergence_height_diagnostics,west_ethiopia,
omega500,JJA,0.00507539688594879,Pa s**-1,Positive omega means subsidence/sinking motion; negative omega means rising motion.,era5_vertical_divergence_height_diagnostics,east_ethiopia,
omega500,JJA,0.0024119987956915004,Pa s**-1,Positive omega means subsidence/sinking motion; negative omega means rising motion.,era5_vertical_divergence_height_diagnostics,greater_horn,
omega500,JJA,0.0007563787015723892,Pa s**-1,Positive omega means subsidence/sinking motion; negative omega means rising motion.,era5_vertical_divergence_height_diagnostics,east_africa,
omega500,JJA,0.0035869015005483705,Pa s**-1,Positive omega means subsidence/sinking motion; negative omega means rising motion.,era5_vertical_divergence_height_diagnostics,atlantic_congo_ethiopia,
omega500,JJA,-0.024131904980316005,Pa s**-1,Positive omega means subsidence/sinking motion; negative omega means rising motion.,era5_vertical_divergence_height_diagnostics,congo_moisture_corridor,
omega500,JJA,-0.04033403917904641,Pa s**-1,Positive omega means subsidence/sinking motion; negative omega means rising motion.,era5_vertical_divergence_height_diagnostics,western_moisture_entry,
omega500,JJA,0.008732705047558546,Pa s**-1,Positive omega means subsidence/sinking motion; negative omega means rising motion.,era5_vertical_divergence_height_diagnostics,western_indian_ocean,
omega500,JJA,-0.003492438685926001,Pa s**-1,Positive omega means subsidence/sinking motion; negative omega means rising motion.,era5_vertical_divergence_height_diagnostics,arabia_red_sea,
omega500,JJA,0.010880442346442807,Pa s**-1,Positive omega means subsidence/sinking motion; negative omega means rising motion.,era5_vertical_divergence_height_diagnostics,north_africa_arabia,
omega500,JJA,-0.028256085490241955,Pa s**-1,Positive omega means subsidence/sinking motion; negative omega means rising motion.,era5_vertical_divergence_height_diagnostics,tej_core,
omega500,JJA,0.01294968429087244,Pa s**-1,Positive omega means subsidence/sinking motion; negative omega means rising motion.,era5_vertical_divergence_height_diagnostics,somali_jet_box,
omega500,JJA,0.022009037000160252,Pa s**-1,Positive omega means subsidence/sinking motion; negative omega means rising motion.,era5_vertical_divergence_height_diagnostics,turkana_corridor,
omega500,JJAS,-0.023807782786430864,Pa s**-1,Positive omega means subsidence/sinking motion; negative omega means rising motion.,era5_vertical_divergence_height_diagnostics,ethiopia,
omega500,JJAS,-0.0698555048863349,Pa s**-1,Positive omega means subsidence/sinking motion; negative omega means rising motion.,era5_vertical_divergence_height_diagnostics,ethiopia_highlands_broad,
omega500,JJAS,-0.07408827164592673,Pa s**-1,Positive omega means subsidence/sinking motion; negative omega means rising motion.,era5_vertical_divergence_height_diagnostics,north_ethiopia,
omega500,JJAS,-0.09667761551810782,Pa s**-1,Positive omega means subsidence/sinking motion; negative omega means rising motion.,era5_vertical_divergence_height_diagnostics,central_ethiopia,
omega500,JJAS,-0.07682487116524782,Pa s**-1,Positive omega means subsidence/sinking motion; negative omega means rising motion.,era5_vertical_divergence_height_diagnostics,west_ethiopia,
omega500,JJAS,0.0078112872574240344,Pa s**-1,Positive omega means subsidence/sinking motion; negative omega means rising motion.,era5_vertical_divergence_height_diagnostics,east_ethiopia,
omega500,JJAS,0.0029215753902888625,Pa s**-1,Positive omega means subsidence/sinking motion; negative omega means rising motion.,era5_vertical_divergence_height_diagnostics,greater_horn,
omega500,JJAS,0.0011616353120165778,Pa s**-1,Positive omega means subsidence/sinking motion; negative omega means rising motion.,era5_vertical_divergence_height_diagnostics,east_africa,
omega500,JJAS,0.0032140210119424796,Pa s**-1,Positive omega means subsidence/sinking motion; negative omega means rising motion.,era5_vertical_divergence_height_diagnostics,atlantic_congo_ethiopia,
omega500,JJAS,-0.026706019259879324,Pa s**-1,Positive omega means subsidence/sinking motion; negative omega means rising motion.,era5_vertical_divergence_height_diagnostics,congo_moisture_corridor,
omega500,JJAS,-0.0390849287151045,Pa s**-1,Positive omega means subsidence/sinking motion; negative omega means rising motion.,era5_vertical_divergence_height_diagnostics,western_moisture_entry,
omega500,JJAS,0.009172060078626974,Pa s**-1,Positive omega means subsidence/sinking motion; negative omega means rising motion.,era5_vertical_divergence_height_diagnostics,western_indian_ocean,
omega500,JJAS,0.0003971271838613168,Pa s**-1,Positive omega means subsidence/sinking motion; negative omega means rising motion.,era5_vertical_divergence_height_diagnostics,arabia_red_sea,
omega500,JJAS,0.01275378441378948,Pa s**-1,Positive omega means subsidence/sinking motion; negative omega means rising motion.,era5_vertical_divergence_height_diagnostics,north_africa_arabia,
omega500,JJAS,-0.025615480290809053,Pa s**-1,Positive omega means subsidence/sinking motion; negative omega means rising motion.,era5_vertical_divergence_height_diagnostics,tej_core,
omega500,JJAS,0.014136060375103104,Pa s**-1,Positive omega means subsidence/sinking motion; negative omega means rising motion.,era5_vertical_divergence_height_diagnostics,somali_jet_box,
omega500,JJAS,0.0221196678800124,Pa s**-1,Positive omega means subsidence/sinking motion; negative omega means rising motion.,era5_vertical_divergence_height_diagnostics,turkana_corridor,
omega700,June,-0.047580626284696156,Pa s**-1,Positive omega means subsidence/sinking motion; negative omega means rising motion.,era5_vertical_divergence_height_diagnostics,ethiopia,
omega700,June,-0.089405444439566,Pa s**-1,Positive omega means subsidence/sinking motion; negative omega means rising motion.,era5_vertical_divergence_height_diagnostics,ethiopia_highlands_broad,
omega700,June,-0.11741183497144884,Pa s**-1,Positive omega means subsidence/sinking motion; negative omega means rising motion.,era5_vertical_divergence_height_diagnostics,north_ethiopia,
omega700,June,-0.10965940633540688,Pa s**-1,Positive omega means subsidence/sinking motion; negative omega means rising motion.,era5_vertical_divergence_height_diagnostics,central_ethiopia,
omega700,June,-0.05254465135976631,Pa s**-1,Positive omega means subsidence/sinking motion; negative omega means rising motion.,era5_vertical_divergence_height_diagnostics,west_ethiopia,
omega700,June,-0.03530238111957796,Pa s**-1,Positive omega means subsidence/sinking motion; negative omega means rising motion.,era5_vertical_divergence_height_diagnostics,east_ethiopia,
omega700,June,-0.0050631348027532835,Pa s**-1,Positive omega means subsidence/sinking motion; negative omega means rising motion.,era5_vertical_divergence_height_diagnostics,greater_horn,
omega700,June,-0.007362620075619632,Pa s**-1,Positive omega means subsidence/sinking motion; negative omega means rising motion.,era5_vertical_divergence_height_diagnostics,east_africa,
omega700,June,-0.0006512435278197484,Pa s**-1,Positive omega means subsidence/sinking motion; negative omega means rising motion.,era5_vertical_divergence_height_diagnostics,atlantic_congo_ethiopia,
omega700,June,-0.022091900681594806,Pa s**-1,Positive omega means subsidence/sinking motion; negative omega means rising motion.,era5_vertical_divergence_height_diagnostics,congo_moisture_corridor,
omega700,June,-0.030243227242439295,Pa s**-1,Positive omega means subsidence/sinking motion; negative omega means rising motion.,era5_vertical_divergence_height_diagnostics,western_moisture_entry,
omega700,June,0.0023800149528336854,Pa s**-1,Positive omega means subsidence/sinking motion; negative omega means rising motion.,era5_vertical_divergence_height_diagnostics,western_indian_ocean,
omega700,June,-0.027880244566846398,Pa s**-1,Positive omega means subsidence/sinking motion; negative omega means rising motion.,era5_vertical_divergence_height_diagnostics,arabia_red_sea,
omega700,June,-0.005444419242546827,Pa s**-1,Positive omega means subsidence/sinking motion; negative omega means rising motion.,era5_vertical_divergence_height_diagnostics,north_africa_arabia,
omega700,June,-0.03876505862207633,Pa s**-1,Positive omega means subsidence/sinking motion; negative omega means rising motion.,era5_vertical_divergence_height_diagnostics,tej_core,
omega700,June,0.00914990081672221,Pa s**-1,Positive omega means subsidence/sinking motion; negative omega means rising motion.,era5_vertical_divergence_height_diagnostics,somali_jet_box,
omega700,June,0.01984707690238865,Pa s**-1,Positive omega means subsidence/sinking motion; negative omega means rising motion.,era5_vertical_divergence_height_diagnostics,turkana_corridor,
omega700,July,-0.038176476595720564,Pa s**-1,Positive omega means subsidence/sinking motion; negative omega means rising motion.,era5_vertical_divergence_height_diagnostics,ethiopia,
omega700,July,-0.07172554414230928,Pa s**-1,Positive omega means subsidence/sinking motion; negative omega means rising motion.,era5_vertical_divergence_height_diagnostics,ethiopia_highlands_broad,
omega700,July,-0.09984141006098828,Pa s**-1,Positive omega means subsidence/sinking motion; negative omega means rising motion.,era5_vertical_divergence_height_diagnostics,north_ethiopia,
omega700,July,-0.07668381654082938,Pa s**-1,Positive omega means subsidence/sinking motion; negative omega means rising motion.,era5_vertical_divergence_height_diagnostics,central_ethiopia,
omega700,July,-0.04869214420105518,Pa s**-1,Positive omega means subsidence/sinking motion; negative omega means rising motion.,era5_vertical_divergence_height_diagnostics,west_ethiopia,
omega700,July,-0.026610306612988188,Pa s**-1,Positive omega means subsidence/sinking motion; negative omega means rising motion.,era5_vertical_divergence_height_diagnostics,east_ethiopia,
omega700,July,-0.0074394948646964425,Pa s**-1,Positive omega means subsidence/sinking motion; negative omega means rising motion.,era5_vertical_divergence_height_diagnostics,greater_horn,
omega700,July,-0.008022374411783904,Pa s**-1,Positive omega means subsidence/sinking motion; negative omega means rising motion.,era5_vertical_divergence_height_diagnostics,east_africa,
omega700,July,-0.0005147204051054864,Pa s**-1,Positive omega means subsidence/sinking motion; negative omega means rising motion.,era5_vertical_divergence_height_diagnostics,atlantic_congo_ethiopia,
omega700,July,-0.023913006104551496,Pa s**-1,Positive omega means subsidence/sinking motion; negative omega means rising motion.,era5_vertical_divergence_height_diagnostics,congo_moisture_corridor,
omega700,July,-0.0291493972437679,Pa s**-1,Positive omega means subsidence/sinking motion; negative omega means rising motion.,era5_vertical_divergence_height_diagnostics,western_moisture_entry,
omega700,July,0.00637724594124779,Pa s**-1,Positive omega means subsidence/sinking motion; negative omega means rising motion.,era5_vertical_divergence_height_diagnostics,western_indian_ocean,
omega700,July,-0.04055226044600685,Pa s**-1,Positive omega means subsidence/sinking motion; negative omega means rising motion.,era5_vertical_divergence_height_diagnostics,arabia_red_sea,
omega700,July,-0.01229280750188018,Pa s**-1,Positive omega means subsidence/sinking motion; negative omega means rising motion.,era5_vertical_divergence_height_diagnostics,north_africa_arabia,
omega700,July,-0.03970842427491308,Pa s**-1,Positive omega means subsidence/sinking motion; negative omega means rising motion.,era5_vertical_divergence_height_diagnostics,tej_core,
omega700,July,0.014658180199382916,Pa s**-1,Positive omega means subsidence/sinking motion; negative omega means rising motion.,era5_vertical_divergence_height_diagnostics,somali_jet_box,
omega700,July,0.018808563265965434,Pa s**-1,Positive omega means subsidence/sinking motion; negative omega means rising motion.,era5_vertical_divergence_height_diagnostics,turkana_corridor,
omega700,August,-0.030182583443468882,Pa s**-1,Positive omega means subsidence/sinking motion; negative omega means rising motion.,era5_vertical_divergence_height_diagnostics,ethiopia,
omega700,August,-0.06830942200793927,Pa s**-1,Positive omega means subsidence/sinking motion; negative omega means rising motion.,era5_vertical_divergence_height_diagnostics,ethiopia_highlands_broad,
omega700,August,-0.09135268637874239,Pa s**-1,Positive omega means subsidence/sinking motion; negative omega means rising motion.,era5_vertical_divergence_height_diagnostics,north_ethiopia,
omega700,August,-0.0721621398937077,Pa s**-1,Positive omega means subsidence/sinking motion; negative omega means rising motion.,era5_vertical_divergence_height_diagnostics,central_ethiopia,
omega700,August,-0.048248908665811815,Pa s**-1,Positive omega means subsidence/sinking motion; negative omega means rising motion.,era5_vertical_divergence_height_diagnostics,west_ethiopia,
omega700,August,-0.009716218591889897,Pa s**-1,Positive omega means subsidence/sinking motion; negative omega means rising motion.,era5_vertical_divergence_height_diagnostics,east_ethiopia,
omega700,August,-0.009233478735298043,Pa s**-1,Positive omega means subsidence/sinking motion; negative omega means rising motion.,era5_vertical_divergence_height_diagnostics,greater_horn,
omega700,August,-0.009685950266689034,Pa s**-1,Positive omega means subsidence/sinking motion; negative omega means rising motion.,era5_vertical_divergence_height_diagnostics,east_africa,
omega700,August,-0.0033678193777332437,Pa s**-1,Positive omega means subsidence/sinking motion; negative omega means rising motion.,era5_vertical_divergence_height_diagnostics,atlantic_congo_ethiopia,
omega700,August,-0.027868024144965406,Pa s**-1,Positive omega means subsidence/sinking motion; negative omega means rising motion.,era5_vertical_divergence_height_diagnostics,congo_moisture_corridor,
omega700,August,-0.02785387294342571,Pa s**-1,Positive omega means subsidence/sinking motion; negative omega means rising motion.,era5_vertical_divergence_height_diagnostics,western_moisture_entry,
omega700,August,0.008442364651154046,Pa s**-1,Positive omega means subsidence/sinking motion; negative omega means rising motion.,era5_vertical_divergence_height_diagnostics,western_indian_ocean,
omega700,August,-0.03773273937763907,Pa s**-1,Positive omega means subsidence/sinking motion; negative omega means rising motion.,era5_vertical_divergence_height_diagnostics,arabia_red_sea,
omega700,August,-0.00963374488050746,Pa s**-1,Positive omega means subsidence/sinking motion; negative omega means rising motion.,era5_vertical_divergence_height_diagnostics,north_africa_arabia,
omega700,August,-0.0340570272492851,Pa s**-1,Positive omega means subsidence/sinking motion; negative omega means rising motion.,era5_vertical_divergence_height_diagnostics,tej_core,
omega700,August,0.01735820464916021,Pa s**-1,Positive omega means subsidence/sinking motion; negative omega means rising motion.,era5_vertical_divergence_height_diagnostics,somali_jet_box,
omega700,August,0.020014793198229172,Pa s**-1,Positive omega means subsidence/sinking motion; negative omega means rising motion.,era5_vertical_divergence_height_diagnostics,turkana_corridor,
omega700,September,-0.03404286543707696,Pa s**-1,Positive omega means subsidence/sinking motion; negative omega means rising motion.,era5_vertical_divergence_height_diagnostics,ethiopia,
omega700,September,-0.06465833144714496,Pa s**-1,Positive omega means subsidence/sinking motion; negative omega means rising motion.,era5_vertical_divergence_height_diagnostics,ethiopia_highlands_broad,
omega700,September,-0.066135633547445,Pa s**-1,Positive omega means subsidence/sinking motion; negative omega means rising motion.,era5_vertical_divergence_height_diagnostics,north_ethiopia,
omega700,September,-0.07718315818707848,Pa s**-1,Positive omega means subsidence/sinking motion; negative omega means rising motion.,era5_vertical_divergence_height_diagnostics,central_ethiopia,
omega700,September,-0.03692431145979269,Pa s**-1,Positive omega means subsidence/sinking motion; negative omega means rising motion.,era5_vertical_divergence_height_diagnostics,west_ethiopia,
omega700,September,-0.023868333930193986,Pa s**-1,Positive omega means subsidence/sinking motion; negative omega means rising motion.,era5_vertical_divergence_height_diagnostics,east_ethiopia,
omega700,September,-0.008217183334702003,Pa s**-1,Positive omega means subsidence/sinking motion; negative omega means rising motion.,era5_vertical_divergence_height_diagnostics,greater_horn,
omega700,September,-0.011219814197543716,Pa s**-1,Positive omega means subsidence/sinking motion; negative omega means rising motion.,era5_vertical_divergence_height_diagnostics,east_africa,
omega700,September,-0.005499908820986515,Pa s**-1,Positive omega means subsidence/sinking motion; negative omega means rising motion.,era5_vertical_divergence_height_diagnostics,atlantic_congo_ethiopia,
omega700,September,-0.027116547731002583,Pa s**-1,Positive omega means subsidence/sinking motion; negative omega means rising motion.,era5_vertical_divergence_height_diagnostics,congo_moisture_corridor,
omega700,September,-0.022726049745636936,Pa s**-1,Positive omega means subsidence/sinking motion; negative omega means rising motion.,era5_vertical_divergence_height_diagnostics,western_moisture_entry,
omega700,September,0.00404459824082407,Pa s**-1,Positive omega means subsidence/sinking motion; negative omega means rising motion.,era5_vertical_divergence_height_diagnostics,western_indian_ocean,
omega700,September,-0.01725745555048064,Pa s**-1,Positive omega means subsidence/sinking motion; negative omega means rising motion.,era5_vertical_divergence_height_diagnostics,arabia_red_sea,
omega700,September,0.0009094401218551922,Pa s**-1,Positive omega means subsidence/sinking motion; negative omega means rising motion.,era5_vertical_divergence_height_diagnostics,north_africa_arabia,
omega700,September,-0.02688207450008903,Pa s**-1,Positive omega means subsidence/sinking motion; negative omega means rising motion.,era5_vertical_divergence_height_diagnostics,tej_core,
omega700,September,0.008673974540618348,Pa s**-1,Positive omega means subsidence/sinking motion; negative omega means rising motion.,era5_vertical_divergence_height_diagnostics,somali_jet_box,
omega700,September,0.021173631114765112,Pa s**-1,Positive omega means subsidence/sinking motion; negative omega means rising motion.,era5_vertical_divergence_height_diagnostics,turkana_corridor,
omega700,JJA,-0.038646564624698294,Pa s**-1,Positive omega means subsidence/sinking motion; negative omega means rising motion.,era5_vertical_divergence_height_diagnostics,ethiopia,
omega700,JJA,-0.07648014002574241,Pa s**-1,Positive omega means subsidence/sinking motion; negative omega means rising motion.,era5_vertical_divergence_height_diagnostics,ethiopia_highlands_broad,
omega700,JJA,-0.10286864862740151,Pa s**-1,Positive omega means subsidence/sinking motion; negative omega means rising motion.,era5_vertical_divergence_height_diagnostics,north_ethiopia,
omega700,JJA,-0.0861684578965032,Pa s**-1,Positive omega means subsidence/sinking motion; negative omega means rising motion.,era5_vertical_divergence_height_diagnostics,central_ethiopia,
omega700,JJA,-0.049828569231434125,Pa s**-1,Positive omega means subsidence/sinking motion; negative omega means rising motion.,era5_vertical_divergence_height_diagnostics,west_ethiopia,
omega700,JJA,-0.023876304658163223,Pa s**-1,Positive omega means subsidence/sinking motion; negative omega means rising motion.,era5_vertical_divergence_height_diagnostics,east_ethiopia,
omega700,JJA,-0.007245370949724354,Pa s**-1,Positive omega means subsidence/sinking motion; negative omega means rising motion.,era5_vertical_divergence_height_diagnostics,greater_horn,
omega700,JJA,-0.008356982945943404,Pa s**-1,Positive omega means subsidence/sinking motion; negative omega means rising motion.,era5_vertical_divergence_height_diagnostics,east_africa,
omega700,JJA,-0.0015112617889725835,Pa s**-1,Positive omega means subsidence/sinking motion; negative omega means rising motion.,era5_vertical_divergence_height_diagnostics,atlantic_congo_ethiopia,
omega700,JJA,-0.024624310902813463,Pa s**-1,Positive omega means subsidence/sinking motion; negative omega means rising motion.,era5_vertical_divergence_height_diagnostics,congo_moisture_corridor,
omega700,JJA,-0.029082166056703378,Pa s**-1,Positive omega means subsidence/sinking motion; negative omega means rising motion.,era5_vertical_divergence_height_diagnostics,western_moisture_entry,
omega700,JJA,0.0057332081152720715,Pa s**-1,Positive omega means subsidence/sinking motion; negative omega means rising motion.,era5_vertical_divergence_height_diagnostics,western_indian_ocean,
omega700,JJA,-0.03538841914716354,Pa s**-1,Positive omega means subsidence/sinking motion; negative omega means rising motion.,era5_vertical_divergence_height_diagnostics,arabia_red_sea,
omega700,JJA,-0.009123659941544933,Pa s**-1,Positive omega means subsidence/sinking motion; negative omega means rising motion.,era5_vertical_divergence_height_diagnostics,north_africa_arabia,
omega700,JJA,-0.03751017161670405,Pa s**-1,Positive omega means subsidence/sinking motion; negative omega means rising motion.,era5_vertical_divergence_height_diagnostics,tej_core,
omega700,JJA,0.013722094326740212,Pa s**-1,Positive omega means subsidence/sinking motion; negative omega means rising motion.,era5_vertical_divergence_height_diagnostics,somali_jet_box,
omega700,JJA,0.019556810218012217,Pa s**-1,Positive omega means subsidence/sinking motion; negative omega means rising motion.,era5_vertical_divergence_height_diagnostics,turkana_corridor,
omega700,JJAS,-0.03749563327358184,Pa s**-1,Positive omega means subsidence/sinking motion; negative omega means rising motion.,era5_vertical_divergence_height_diagnostics,ethiopia,
omega700,JJAS,-0.0735246776898722,Pa s**-1,Positive omega means subsidence/sinking motion; negative omega means rising motion.,era5_vertical_divergence_height_diagnostics,ethiopia_highlands_broad,
omega700,JJAS,-0.09368538085206196,Pa s**-1,Positive omega means subsidence/sinking motion; negative omega means rising motion.,era5_vertical_divergence_height_diagnostics,north_ethiopia,
omega700,JJAS,-0.08392212133993168,Pa s**-1,Positive omega means subsidence/sinking motion; negative omega means rising motion.,era5_vertical_divergence_height_diagnostics,central_ethiopia,
omega700,JJAS,-0.04660250150711781,Pa s**-1,Positive omega means subsidence/sinking motion; negative omega means rising motion.,era5_vertical_divergence_height_diagnostics,west_ethiopia,
omega700,JJAS,-0.02387430378187141,Pa s**-1,Positive omega means subsidence/sinking motion; negative omega means rising motion.,era5_vertical_divergence_height_diagnostics,east_ethiopia,
omega700,JJAS,-0.007488320105178979,Pa s**-1,Positive omega means subsidence/sinking motion; negative omega means rising motion.,era5_vertical_divergence_height_diagnostics,greater_horn,
omega700,JJAS,-0.009072687193515883,Pa s**-1,Positive omega means subsidence/sinking motion; negative omega means rising motion.,era5_vertical_divergence_height_diagnostics,east_africa,
omega700,JJAS,-0.00250842166150505,Pa s**-1,Positive omega means subsidence/sinking motion; negative omega means rising motion.,era5_vertical_divergence_height_diagnostics,atlantic_congo_ethiopia,
omega700,JJAS,-0.025247368002447257,Pa s**-1,Positive omega means subsidence/sinking motion; negative omega means rising motion.,era5_vertical_divergence_height_diagnostics,congo_moisture_corridor,
omega700,JJAS,-0.027493136073230007,Pa s**-1,Positive omega means subsidence/sinking motion; negative omega means rising motion.,era5_vertical_divergence_height_diagnostics,western_moisture_entry,
omega700,JJAS,0.005311056719786481,Pa s**-1,Positive omega means subsidence/sinking motion; negative omega means rising motion.,era5_vertical_divergence_height_diagnostics,western_indian_ocean,
omega700,JJAS,-0.03085566823551771,Pa s**-1,Positive omega means subsidence/sinking motion; negative omega means rising motion.,era5_vertical_divergence_height_diagnostics,arabia_red_sea,
omega700,JJAS,-0.0066153784985771855,Pa s**-1,Positive omega means subsidence/sinking motion; negative omega means rising motion.,era5_vertical_divergence_height_diagnostics,north_africa_arabia,
omega700,JJAS,-0.0348531436808147,Pa s**-1,Positive omega means subsidence/sinking motion; negative omega means rising motion.,era5_vertical_divergence_height_diagnostics,tej_core,
omega700,JJAS,0.012460066763810401,Pa s**-1,Positive omega means subsidence/sinking motion; negative omega means rising motion.,era5_vertical_divergence_height_diagnostics,somali_jet_box,
omega700,JJAS,0.019961019891059133,Pa s**-1,Positive omega means subsidence/sinking motion; negative omega means rising motion.,era5_vertical_divergence_height_diagnostics,turkana_corridor,
divergence200,June,-1.229693986470377e-06,s**-1,Positive 200 hPa divergence supports upper-level outflow and convection.,era5_vertical_divergence_height_diagnostics,ethiopia,
divergence200,June,-2.3598293767813628e-07,s**-1,Positive 200 hPa divergence supports upper-level outflow and convection.,era5_vertical_divergence_height_diagnostics,ethiopia_highlands_broad,
divergence200,June,4.399878713236712e-08,s**-1,Positive 200 hPa divergence supports upper-level outflow and convection.,era5_vertical_divergence_height_diagnostics,north_ethiopia,
divergence200,June,-7.204450487403883e-07,s**-1,Positive 200 hPa divergence supports upper-level outflow and convection.,era5_vertical_divergence_height_diagnostics,central_ethiopia,
divergence200,June,1.4277316456367058e-06,s**-1,Positive 200 hPa divergence supports upper-level outflow and convection.,era5_vertical_divergence_height_diagnostics,west_ethiopia,
divergence200,June,-2.2413760846756095e-06,s**-1,Positive 200 hPa divergence supports upper-level outflow and convection.,era5_vertical_divergence_height_diagnostics,east_ethiopia,
divergence200,June,-5.822870727898359e-07,s**-1,Positive 200 hPa divergence supports upper-level outflow and convection.,era5_vertical_divergence_height_diagnostics,greater_horn,
divergence200,June,-5.793023096478391e-07,s**-1,Positive 200 hPa divergence supports upper-level outflow and convection.,era5_vertical_divergence_height_diagnostics,east_africa,
divergence200,June,-4.4760037221009184e-07,s**-1,Positive 200 hPa divergence supports upper-level outflow and convection.,era5_vertical_divergence_height_diagnostics,atlantic_congo_ethiopia,
divergence200,June,1.2068587200111944e-06,s**-1,Positive 200 hPa divergence supports upper-level outflow and convection.,era5_vertical_divergence_height_diagnostics,congo_moisture_corridor,
divergence200,June,1.3512738384872426e-06,s**-1,Positive 200 hPa divergence supports upper-level outflow and convection.,era5_vertical_divergence_height_diagnostics,western_moisture_entry,
divergence200,June,6.320508908245757e-07,s**-1,Positive 200 hPa divergence supports upper-level outflow and convection.,era5_vertical_divergence_height_diagnostics,western_indian_ocean,
divergence200,June,-5.626030050473188e-07,s**-1,Positive 200 hPa divergence supports upper-level outflow and convection.,era5_vertical_divergence_height_diagnostics,arabia_red_sea,
divergence200,June,-9.700287142894161e-07,s**-1,Positive 200 hPa divergence supports upper-level outflow and convection.,era5_vertical_divergence_height_diagnostics,north_africa_arabia,
divergence200,June,2.0086367569596833e-06,s**-1,Positive 200 hPa divergence supports upper-level outflow and convection.,era5_vertical_divergence_height_diagnostics,tej_core,
divergence200,June,-9.813304292467373e-07,s**-1,Positive 200 hPa divergence supports upper-level outflow and convection.,era5_vertical_divergence_height_diagnostics,somali_jet_box,
divergence200,June,-3.2970558051439425e-06,s**-1,Positive 200 hPa divergence supports upper-level outflow and convection.,era5_vertical_divergence_height_diagnostics,turkana_corridor,
divergence200,July,-3.581771402497405e-07,s**-1,Positive 200 hPa divergence supports upper-level outflow and convection.,era5_vertical_divergence_height_diagnostics,ethiopia,
divergence200,July,1.6496720181893906e-06,s**-1,Positive 200 hPa divergence supports upper-level outflow and convection.,era5_vertical_divergence_height_diagnostics,ethiopia_highlands_broad,
divergence200,July,2.359574102673578e-06,s**-1,Positive 200 hPa divergence supports upper-level outflow and convection.,era5_vertical_divergence_height_diagnostics,north_ethiopia,
divergence200,July,1.7334625786675592e-06,s**-1,Positive 200 hPa divergence supports upper-level outflow and convection.,era5_vertical_divergence_height_diagnostics,central_ethiopia,
divergence200,July,3.361239220689192e-06,s**-1,Positive 200 hPa divergence supports upper-level outflow and convection.,era5_vertical_divergence_height_diagnostics,west_ethiopia,
divergence200,July,-2.3336771133857702e-06,s**-1,Positive 200 hPa divergence supports upper-level outflow and convection.,era5_vertical_divergence_height_diagnostics,east_ethiopia,
divergence200,July,-5.462492932944533e-07,s**-1,Positive 200 hPa divergence supports upper-level outflow and convection.,era5_vertical_divergence_height_diagnostics,greater_horn,
divergence200,July,-5.436130065601618e-07,s**-1,Positive 200 hPa divergence supports upper-level outflow and convection.,era5_vertical_divergence_height_diagnostics,east_africa,
divergence200,July,-4.046187898574242e-07,s**-1,Positive 200 hPa divergence supports upper-level outflow and convection.,era5_vertical_divergence_height_diagnostics,atlantic_congo_ethiopia,
divergence200,July,1.408557466164297e-06,s**-1,Positive 200 hPa divergence supports upper-level outflow and convection.,era5_vertical_divergence_height_diagnostics,congo_moisture_corridor,
divergence200,July,1.5583214743385088e-06,s**-1,Positive 200 hPa divergence supports upper-level outflow and convection.,era5_vertical_divergence_height_diagnostics,western_moisture_entry,
divergence200,July,4.749820876109709e-07,s**-1,Positive 200 hPa divergence supports upper-level outflow and convection.,era5_vertical_divergence_height_diagnostics,western_indian_ocean,
divergence200,July,-2.3602261836256667e-07,s**-1,Positive 200 hPa divergence supports upper-level outflow and convection.,era5_vertical_divergence_height_diagnostics,arabia_red_sea,
divergence200,July,-3.4222552587428685e-07,s**-1,Positive 200 hPa divergence supports upper-level outflow and convection.,era5_vertical_divergence_height_diagnostics,north_africa_arabia,
divergence200,July,2.0110684720910765e-06,s**-1,Positive 200 hPa divergence supports upper-level outflow and convection.,era5_vertical_divergence_height_diagnostics,tej_core,
divergence200,July,-1.014819822600956e-06,s**-1,Positive 200 hPa divergence supports upper-level outflow and convection.,era5_vertical_divergence_height_diagnostics,somali_jet_box,
divergence200,July,-3.7139845411561802e-06,s**-1,Positive 200 hPa divergence supports upper-level outflow and convection.,era5_vertical_divergence_height_diagnostics,turkana_corridor,
divergence200,August,-4.1827435630500473e-07,s**-1,Positive 200 hPa divergence supports upper-level outflow and convection.,era5_vertical_divergence_height_diagnostics,ethiopia,
divergence200,August,2.1096851960462387e-06,s**-1,Positive 200 hPa divergence supports upper-level outflow and convection.,era5_vertical_divergence_height_diagnostics,ethiopia_highlands_broad,
divergence200,August,2.9983484743812356e-06,s**-1,Positive 200 hPa divergence supports upper-level outflow and convection.,era5_vertical_divergence_height_diagnostics,north_ethiopia,
divergence200,August,2.243388878263865e-06,s**-1,Positive 200 hPa divergence supports upper-level outflow and convection.,era5_vertical_divergence_height_diagnostics,central_ethiopia,
divergence200,August,3.767946186053876e-06,s**-1,Positive 200 hPa divergence supports upper-level outflow and convection.,era5_vertical_divergence_height_diagnostics,west_ethiopia,
divergence200,August,-3.0377294335092198e-06,s**-1,Positive 200 hPa divergence supports upper-level outflow and convection.,era5_vertical_divergence_height_diagnostics,east_ethiopia,
divergence200,August,-5.351188758982833e-07,s**-1,Positive 200 hPa divergence supports upper-level outflow and convection.,era5_vertical_divergence_height_diagnostics,greater_horn,
divergence200,August,-5.187626576968378e-07,s**-1,Positive 200 hPa divergence supports upper-level outflow and convection.,era5_vertical_divergence_height_diagnostics,east_africa,
divergence200,August,-2.7214145322579715e-07,s**-1,Positive 200 hPa divergence supports upper-level outflow and convection.,era5_vertical_divergence_height_diagnostics,atlantic_congo_ethiopia,
divergence200,August,2.3450628081773843e-06,s**-1,Positive 200 hPa divergence supports upper-level outflow and convection.,era5_vertical_divergence_height_diagnostics,congo_moisture_corridor,
divergence200,August,1.9989933385079187e-06,s**-1,Positive 200 hPa divergence supports upper-level outflow and convection.,era5_vertical_divergence_height_diagnostics,western_moisture_entry,
divergence200,August,-1.9135467967066076e-07,s**-1,Positive 200 hPa divergence supports upper-level outflow and convection.,era5_vertical_divergence_height_diagnostics,western_indian_ocean,
divergence200,August,-4.346348408461343e-07,s**-1,Positive 200 hPa divergence supports upper-level outflow and convection.,era5_vertical_divergence_height_diagnostics,arabia_red_sea,
divergence200,August,-3.0057377847561603e-07,s**-1,Positive 200 hPa divergence supports upper-level outflow and convection.,era5_vertical_divergence_height_diagnostics,north_africa_arabia,
divergence200,August,1.721899803878807e-06,s**-1,Positive 200 hPa divergence supports upper-level outflow and convection.,era5_vertical_divergence_height_diagnostics,tej_core,
divergence200,August,-1.7317773920715589e-06,s**-1,Positive 200 hPa divergence supports upper-level outflow and convection.,era5_vertical_divergence_height_diagnostics,somali_jet_box,
divergence200,August,-3.7914267112660266e-06,s**-1,Positive 200 hPa divergence supports upper-level outflow and convection.,era5_vertical_divergence_height_diagnostics,turkana_corridor,
divergence200,September,-1.264375788241099e-06,s**-1,Positive 200 hPa divergence supports upper-level outflow and convection.,era5_vertical_divergence_height_diagnostics,ethiopia,
divergence200,September,4.60340924923916e-07,s**-1,Positive 200 hPa divergence supports upper-level outflow and convection.,era5_vertical_divergence_height_diagnostics,ethiopia_highlands_broad,
divergence200,September,4.7251496146891864e-07,s**-1,Positive 200 hPa divergence supports upper-level outflow and convection.,era5_vertical_divergence_height_diagnostics,north_ethiopia,
divergence200,September,2.520655295825857e-07,s**-1,Positive 200 hPa divergence supports upper-level outflow and convection.,era5_vertical_divergence_height_diagnostics,central_ethiopia,
divergence200,September,2.652908845024695e-06,s**-1,Positive 200 hPa divergence supports upper-level outflow and convection.,era5_vertical_divergence_height_diagnostics,west_ethiopia,
divergence200,September,-3.0366843329877217e-06,s**-1,Positive 200 hPa divergence supports upper-level outflow and convection.,era5_vertical_divergence_height_diagnostics,east_ethiopia,
divergence200,September,-6.08704468705871e-07,s**-1,Positive 200 hPa divergence supports upper-level outflow and convection.,era5_vertical_divergence_height_diagnostics,greater_horn,
divergence200,September,-5.868766274635483e-07,s**-1,Positive 200 hPa divergence supports upper-level outflow and convection.,era5_vertical_divergence_height_diagnostics,east_africa,
divergence200,September,-3.317697043121246e-07,s**-1,Positive 200 hPa divergence supports upper-level outflow and convection.,era5_vertical_divergence_height_diagnostics,atlantic_congo_ethiopia,
divergence200,September,2.8518883981089892e-06,s**-1,Positive 200 hPa divergence supports upper-level outflow and convection.,era5_vertical_divergence_height_diagnostics,congo_moisture_corridor,
divergence200,September,1.8892468380868606e-06,s**-1,Positive 200 hPa divergence supports upper-level outflow and convection.,era5_vertical_divergence_height_diagnostics,western_moisture_entry,
divergence200,September,-6.198482164816114e-07,s**-1,Positive 200 hPa divergence supports upper-level outflow and convection.,era5_vertical_divergence_height_diagnostics,western_indian_ocean,
divergence200,September,-1.1366024362015053e-06,s**-1,Positive 200 hPa divergence supports upper-level outflow and convection.,era5_vertical_divergence_height_diagnostics,arabia_red_sea,
divergence200,September,-9.736957218061758e-07,s**-1,Positive 200 hPa divergence supports upper-level outflow and convection.,era5_vertical_divergence_height_diagnostics,north_africa_arabia,
divergence200,September,1.1357386680227022e-06,s**-1,Positive 200 hPa divergence supports upper-level outflow and convection.,era5_vertical_divergence_height_diagnostics,tej_core,
divergence200,September,-2.4055686752756523e-06,s**-1,Positive 200 hPa divergence supports upper-level outflow and convection.,era5_vertical_divergence_height_diagnostics,somali_jet_box,
divergence200,September,-3.4948638629573863e-06,s**-1,Positive 200 hPa divergence supports upper-level outflow and convection.,era5_vertical_divergence_height_diagnostics,turkana_corridor,
divergence200,JJA,-6.68714864554884e-07,s**-1,Positive 200 hPa divergence supports upper-level outflow and convection.,era5_vertical_divergence_height_diagnostics,ethiopia,
divergence200,JJA,1.1744585621126727e-06,s**-1,Positive 200 hPa divergence supports upper-level outflow and convection.,era5_vertical_divergence_height_diagnostics,ethiopia_highlands_broad,
divergence200,JJA,1.8006408838167612e-06,s**-1,Positive 200 hPa divergence supports upper-level outflow and convection.,era5_vertical_divergence_height_diagnostics,north_ethiopia,
divergence200,JJA,1.0854692566124655e-06,s**-1,Positive 200 hPa divergence supports upper-level outflow and convection.,era5_vertical_divergence_height_diagnostics,central_ethiopia,
divergence200,JJA,2.8523061642644192e-06,s**-1,Positive 200 hPa divergence supports upper-level outflow and convection.,era5_vertical_divergence_height_diagnostics,west_ethiopia,
divergence200,JJA,-2.5375940159769763e-06,s**-1,Positive 200 hPa divergence supports upper-level outflow and convection.,era5_vertical_divergence_height_diagnostics,east_ethiopia,
divergence200,JJA,-5.545516409753287e-07,s**-1,Positive 200 hPa divergence supports upper-level outflow and convection.,era5_vertical_divergence_height_diagnostics,greater_horn,
divergence200,JJA,-5.472258709115904e-07,s**-1,Positive 200 hPa divergence supports upper-level outflow and convection.,era5_vertical_divergence_height_diagnostics,east_africa,
divergence200,JJA,-3.747867408756278e-07,s**-1,Positive 200 hPa divergence supports upper-level outflow and convection.,era5_vertical_divergence_height_diagnostics,atlantic_congo_ethiopia,
divergence200,JJA,1.6534932981432326e-06,s**-1,Positive 200 hPa divergence supports upper-level outflow and convection.,era5_vertical_divergence_height_diagnostics,congo_moisture_corridor,
divergence200,JJA,1.6361964372181199e-06,s**-1,Positive 200 hPa divergence supports upper-level outflow and convection.,era5_vertical_divergence_height_diagnostics,western_moisture_entry,
divergence200,JJA,3.0522624435515495e-07,s**-1,Positive 200 hPa divergence supports upper-level outflow and convection.,era5_vertical_divergence_height_diagnostics,western_indian_ocean,
divergence200,JJA,-4.110867753268658e-07,s**-1,Positive 200 hPa divergence supports upper-level outflow and convection.,era5_vertical_divergence_height_diagnostics,arabia_red_sea,
divergence200,JJA,-5.376092855620463e-07,s**-1,Positive 200 hPa divergence supports upper-level outflow and convection.,era5_vertical_divergence_height_diagnostics,north_africa_arabia,
divergence200,JJA,1.9138686961521355e-06,s**-1,Positive 200 hPa divergence supports upper-level outflow and convection.,era5_vertical_divergence_height_diagnostics,tej_core,
divergence200,JJA,-1.2426424857499774e-06,s**-1,Positive 200 hPa divergence supports upper-level outflow and convection.,era5_vertical_divergence_height_diagnostics,somali_jet_box,
divergence200,JJA,-3.6008218906338135e-06,s**-1,Positive 200 hPa divergence supports upper-level outflow and convection.,era5_vertical_divergence_height_diagnostics,turkana_corridor,
divergence200,JJAS,-8.176301199516803e-07,s**-1,Positive 200 hPa divergence supports upper-level outflow and convection.,era5_vertical_divergence_height_diagnostics,ethiopia,
divergence200,JJAS,9.959292631601208e-07,s**-1,Positive 200 hPa divergence supports upper-level outflow and convection.,era5_vertical_divergence_height_diagnostics,ethiopia_highlands_broad,
divergence200,JJAS,1.4686094491541895e-06,s**-1,Positive 200 hPa divergence supports upper-level outflow and convection.,era5_vertical_divergence_height_diagnostics,north_ethiopia,
divergence200,JJAS,8.77118406896342e-07,s**-1,Positive 200 hPa divergence supports upper-level outflow and convection.,era5_vertical_divergence_height_diagnostics,central_ethiopia,
divergence200,JJAS,2.8024569806390737e-06,s**-1,Positive 200 hPa divergence supports upper-level outflow and convection.,era5_vertical_divergence_height_diagnostics,west_ethiopia,
divergence200,JJAS,-2.662366702175822e-06,s**-1,Positive 200 hPa divergence supports upper-level outflow and convection.,era5_vertical_divergence_height_diagnostics,east_ethiopia,
divergence200,JJAS,-5.680899177697516e-07,s**-1,Positive 200 hPa divergence supports upper-level outflow and convection.,era5_vertical_divergence_height_diagnostics,greater_horn,
divergence200,JJAS,-5.571386386839789e-07,s**-1,Positive 200 hPa divergence supports upper-level outflow and convection.,era5_vertical_divergence_height_diagnostics,east_africa,
divergence200,JJAS,-3.640325413520029e-07,s**-1,Positive 200 hPa divergence supports upper-level outflow and convection.,era5_vertical_divergence_height_diagnostics,atlantic_congo_ethiopia,
divergence200,JJAS,1.9530920848678395e-06,s**-1,Positive 200 hPa divergence supports upper-level outflow and convection.,era5_vertical_divergence_height_diagnostics,congo_moisture_corridor,
divergence200,JJAS,1.6994590289456473e-06,s**-1,Positive 200 hPa divergence supports upper-level outflow and convection.,era5_vertical_divergence_height_diagnostics,western_moisture_entry,
divergence200,JJAS,7.395751594832133e-08,s**-1,Positive 200 hPa divergence supports upper-level outflow and convection.,era5_vertical_divergence_height_diagnostics,western_indian_ocean,
divergence200,JJAS,-5.92465699523411e-07,s**-1,Positive 200 hPa divergence supports upper-level outflow and convection.,era5_vertical_divergence_height_diagnostics,arabia_red_sea,
divergence200,JJAS,-6.466309388299316e-07,s**-1,Positive 200 hPa divergence supports upper-level outflow and convection.,era5_vertical_divergence_height_diagnostics,north_africa_arabia,
divergence200,JJAS,1.719336283279974e-06,s**-1,Positive 200 hPa divergence supports upper-level outflow and convection.,era5_vertical_divergence_height_diagnostics,tej_core,
divergence200,JJAS,-1.5333741678815891e-06,s**-1,Positive 200 hPa divergence supports upper-level outflow and convection.,era5_vertical_divergence_height_diagnostics,somali_jet_box,
divergence200,JJAS,-3.5743324133455145e-06,s**-1,Positive 200 hPa divergence supports upper-level outflow and convection.,era5_vertical_divergence_height_diagnostics,turkana_corridor,
z200,June,12442.076433051265,m,Geopotential height climatology used for circulation and Rossby-wave context.,era5_vertical_divergence_height_diagnostics,ethiopia,
z200,June,12445.826498128978,m,Geopotential height climatology used for circulation and Rossby-wave context.,era5_vertical_divergence_height_diagnostics,ethiopia_highlands_broad,
z200,June,12456.899972175004,m,Geopotential height climatology used for circulation and Rossby-wave context.,era5_vertical_divergence_height_diagnostics,north_ethiopia,
z200,June,12441.326654694614,m,Geopotential height climatology used for circulation and Rossby-wave context.,era5_vertical_divergence_height_diagnostics,central_ethiopia,
z200,June,12444.136801811435,m,Geopotential height climatology used for circulation and Rossby-wave context.,era5_vertical_divergence_height_diagnostics,west_ethiopia,
z200,June,12436.913812732022,m,Geopotential height climatology used for circulation and Rossby-wave context.,era5_vertical_divergence_height_diagnostics,east_ethiopia,
z200,June,12443.560515546858,m,Geopotential height climatology used for circulation and Rossby-wave context.,era5_vertical_divergence_height_diagnostics,greater_horn,
z200,June,12438.003260060892,m,Geopotential height climatology used for circulation and Rossby-wave context.,era5_vertical_divergence_height_diagnostics,east_africa,
z200,June,12428.354345017773,m,Geopotential height climatology used for circulation and Rossby-wave context.,era5_vertical_divergence_height_diagnostics,atlantic_congo_ethiopia,
z200,June,12433.344233482023,m,Geopotential height climatology used for circulation and Rossby-wave context.,era5_vertical_divergence_height_diagnostics,congo_moisture_corridor,
z200,June,12437.800312320449,m,Geopotential height climatology used for circulation and Rossby-wave context.,era5_vertical_divergence_height_diagnostics,western_moisture_entry,
z200,June,12431.106732396242,m,Geopotential height climatology used for circulation and Rossby-wave context.,era5_vertical_divergence_height_diagnostics,western_indian_ocean,
z200,June,12483.46792215492,m,Geopotential height climatology used for circulation and Rossby-wave context.,era5_vertical_divergence_height_diagnostics,arabia_red_sea,
z200,June,12443.403014522659,m,Geopotential height climatology used for circulation and Rossby-wave context.,era5_vertical_divergence_height_diagnostics,north_africa_arabia,
z200,June,12462.611270802463,m,Geopotential height climatology used for circulation and Rossby-wave context.,era5_vertical_divergence_height_diagnostics,tej_core,
z200,June,12430.299316908073,m,Geopotential height climatology used for circulation and Rossby-wave context.,era5_vertical_divergence_height_diagnostics,somali_jet_box,
z200,June,12424.38624456654,m,Geopotential height climatology used for circulation and Rossby-wave context.,era5_vertical_divergence_height_diagnostics,turkana_corridor,
z200,July,12423.639607590088,m,Geopotential height climatology used for circulation and Rossby-wave context.,era5_vertical_divergence_height_diagnostics,ethiopia,
z200,July,12428.73748905825,m,Geopotential height climatology used for circulation and Rossby-wave context.,era5_vertical_divergence_height_diagnostics,ethiopia_highlands_broad,
z200,July,12444.584384695736,m,Geopotential height climatology used for circulation and Rossby-wave context.,era5_vertical_divergence_height_diagnostics,north_ethiopia,
z200,July,12422.322448828674,m,Geopotential height climatology used for circulation and Rossby-wave context.,era5_vertical_divergence_height_diagnostics,central_ethiopia,
z200,July,12425.704089906121,m,Geopotential height climatology used for circulation and Rossby-wave context.,era5_vertical_divergence_height_diagnostics,west_ethiopia,
z200,July,12416.706050978602,m,Geopotential height climatology used for circulation and Rossby-wave context.,era5_vertical_divergence_height_diagnostics,east_ethiopia,
z200,July,12431.985649568076,m,Geopotential height climatology used for circulation and Rossby-wave context.,era5_vertical_divergence_height_diagnostics,greater_horn,
z200,July,12419.869991948595,m,Geopotential height climatology used for circulation and Rossby-wave context.,era5_vertical_divergence_height_diagnostics,east_africa,
z200,July,12411.376201061077,m,Geopotential height climatology used for circulation and Rossby-wave context.,era5_vertical_divergence_height_diagnostics,atlantic_congo_ethiopia,
z200,July,12411.008246298623,m,Geopotential height climatology used for circulation and Rossby-wave context.,era5_vertical_divergence_height_diagnostics,congo_moisture_corridor,
z200,July,12417.304909355193,m,Geopotential height climatology used for circulation and Rossby-wave context.,era5_vertical_divergence_height_diagnostics,western_moisture_entry,
z200,July,12407.890390009841,m,Geopotential height climatology used for circulation and Rossby-wave context.,era5_vertical_divergence_height_diagnostics,western_indian_ocean,
z200,July,12502.408211871902,m,Geopotential height climatology used for circulation and Rossby-wave context.,era5_vertical_divergence_height_diagnostics,arabia_red_sea,
z200,July,12494.348439766458,m,Geopotential height climatology used for circulation and Rossby-wave context.,era5_vertical_divergence_height_diagnostics,north_africa_arabia,
z200,July,12449.463061321381,m,Geopotential height climatology used for circulation and Rossby-wave context.,era5_vertical_divergence_height_diagnostics,tej_core,
z200,July,12407.255565732088,m,Geopotential height climatology used for circulation and Rossby-wave context.,era5_vertical_divergence_height_diagnostics,somali_jet_box,
z200,July,12398.740363751684,m,Geopotential height climatology used for circulation and Rossby-wave context.,era5_vertical_divergence_height_diagnostics,turkana_corridor,
z200,August,12425.462519276765,m,Geopotential height climatology used for circulation and Rossby-wave context.,era5_vertical_divergence_height_diagnostics,ethiopia,
z200,August,12430.375036327985,m,Geopotential height climatology used for circulation and Rossby-wave context.,era5_vertical_divergence_height_diagnostics,ethiopia_highlands_broad,
z200,August,12445.257585420482,m,Geopotential height climatology used for circulation and Rossby-wave context.,era5_vertical_divergence_height_diagnostics,north_ethiopia,
z200,August,12424.361650288143,m,Geopotential height climatology used for circulation and Rossby-wave context.,era5_vertical_divergence_height_diagnostics,central_ethiopia,
z200,August,12427.522676775301,m,Geopotential height climatology used for circulation and Rossby-wave context.,era5_vertical_divergence_height_diagnostics,west_ethiopia,
z200,August,12418.969889120901,m,Geopotential height climatology used for circulation and Rossby-wave context.,era5_vertical_divergence_height_diagnostics,east_ethiopia,
z200,August,12431.88397999646,m,Geopotential height climatology used for circulation and Rossby-wave context.,era5_vertical_divergence_height_diagnostics,greater_horn,
z200,August,12421.160869401689,m,Geopotential height climatology used for circulation and Rossby-wave context.,era5_vertical_divergence_height_diagnostics,east_africa,
z200,August,12413.411105746407,m,Geopotential height climatology used for circulation and Rossby-wave context.,era5_vertical_divergence_height_diagnostics,atlantic_congo_ethiopia,
z200,August,12413.693525423223,m,Geopotential height climatology used for circulation and Rossby-wave context.,era5_vertical_divergence_height_diagnostics,congo_moisture_corridor,
z200,August,12419.694073320998,m,Geopotential height climatology used for circulation and Rossby-wave context.,era5_vertical_divergence_height_diagnostics,western_moisture_entry,
z200,August,12409.006162041655,m,Geopotential height climatology used for circulation and Rossby-wave context.,era5_vertical_divergence_height_diagnostics,western_indian_ocean,
z200,August,12496.135833178207,m,Geopotential height climatology used for circulation and Rossby-wave context.,era5_vertical_divergence_height_diagnostics,arabia_red_sea,
z200,August,12484.340308485505,m,Geopotential height climatology used for circulation and Rossby-wave context.,era5_vertical_divergence_height_diagnostics,north_africa_arabia,
z200,August,12448.486710259216,m,Geopotential height climatology used for circulation and Rossby-wave context.,era5_vertical_divergence_height_diagnostics,tej_core,
z200,August,12409.72083612186,m,Geopotential height climatology used for circulation and Rossby-wave context.,era5_vertical_divergence_height_diagnostics,somali_jet_box,
z200,August,12402.199395037867,m,Geopotential height climatology used for circulation and Rossby-wave context.,era5_vertical_divergence_height_diagnostics,turkana_corridor,
z200,September,12422.64815393405,m,Geopotential height climatology used for circulation and Rossby-wave context.,era5_vertical_divergence_height_diagnostics,ethiopia,
z200,September,12425.336639215979,m,Geopotential height climatology used for circulation and Rossby-wave context.,era5_vertical_divergence_height_diagnostics,ethiopia_highlands_broad,
z200,September,12435.094559288438,m,Geopotential height climatology used for circulation and Rossby-wave context.,era5_vertical_divergence_height_diagnostics,north_ethiopia,
z200,September,12421.345900619854,m,Geopotential height climatology used for circulation and Rossby-wave context.,era5_vertical_divergence_height_diagnostics,central_ethiopia,
z200,September,12423.532472353503,m,Geopotential height climatology used for circulation and Rossby-wave context.,era5_vertical_divergence_height_diagnostics,west_ethiopia,
z200,September,12418.639532691132,m,Geopotential height climatology used for circulation and Rossby-wave context.,era5_vertical_divergence_height_diagnostics,east_ethiopia,
z200,September,12423.813204887485,m,Geopotential height climatology used for circulation and Rossby-wave context.,era5_vertical_divergence_height_diagnostics,greater_horn,
z200,September,12418.443636642867,m,Geopotential height climatology used for circulation and Rossby-wave context.,era5_vertical_divergence_height_diagnostics,east_africa,
z200,September,12408.983510786553,m,Geopotential height climatology used for circulation and Rossby-wave context.,era5_vertical_divergence_height_diagnostics,atlantic_congo_ethiopia,
z200,September,12414.990532665732,m,Geopotential height climatology used for circulation and Rossby-wave context.,era5_vertical_divergence_height_diagnostics,congo_moisture_corridor,
z200,September,12418.581627680454,m,Geopotential height climatology used for circulation and Rossby-wave context.,era5_vertical_divergence_height_diagnostics,western_moisture_entry,
z200,September,12411.405934404176,m,Geopotential height climatology used for circulation and Rossby-wave context.,era5_vertical_divergence_height_diagnostics,western_indian_ocean,
z200,September,12460.679855162349,m,Geopotential height climatology used for circulation and Rossby-wave context.,era5_vertical_divergence_height_diagnostics,arabia_red_sea,
z200,September,12427.457342683887,m,Geopotential height climatology used for circulation and Rossby-wave context.,era5_vertical_divergence_height_diagnostics,north_africa_arabia,
z200,September,12441.582807412587,m,Geopotential height climatology used for circulation and Rossby-wave context.,era5_vertical_divergence_height_diagnostics,tej_core,
z200,September,12412.69015216445,m,Geopotential height climatology used for circulation and Rossby-wave context.,era5_vertical_divergence_height_diagnostics,somali_jet_box,
z200,September,12407.571385065348,m,Geopotential height climatology used for circulation and Rossby-wave context.,era5_vertical_divergence_height_diagnostics,turkana_corridor,
z200,JJA,12430.392802027922,m,Geopotential height climatology used for circulation and Rossby-wave context.,era5_vertical_divergence_height_diagnostics,ethiopia,
z200,JJA,12434.979609831667,m,Geopotential height climatology used for circulation and Rossby-wave context.,era5_vertical_divergence_height_diagnostics,ethiopia_highlands_broad,
z200,JJA,12448.913939511625,m,Geopotential height climatology used for circulation and Rossby-wave context.,era5_vertical_divergence_height_diagnostics,north_ethiopia,
z200,JJA,12429.336828019854,m,Geopotential height climatology used for circulation and Rossby-wave context.,era5_vertical_divergence_height_diagnostics,central_ethiopia,
z200,JJA,12432.454491258084,m,Geopotential height climatology used for circulation and Rossby-wave context.,era5_vertical_divergence_height_diagnostics,west_ethiopia,
z200,JJA,12424.196540917776,m,Geopotential height climatology used for circulation and Rossby-wave context.,era5_vertical_divergence_height_diagnostics,east_ethiopia,
z200,JJA,12435.810039754997,m,Geopotential height climatology used for circulation and Rossby-wave context.,era5_vertical_divergence_height_diagnostics,greater_horn,
z200,JJA,12426.34469404897,m,Geopotential height climatology used for circulation and Rossby-wave context.,era5_vertical_divergence_height_diagnostics,east_africa,
z200,JJA,12417.713869658619,m,Geopotential height climatology used for circulation and Rossby-wave context.,era5_vertical_divergence_height_diagnostics,atlantic_congo_ethiopia,
z200,JJA,12419.348655304695,m,Geopotential height climatology used for circulation and Rossby-wave context.,era5_vertical_divergence_height_diagnostics,congo_moisture_corridor,
z200,JJA,12424.933115415863,m,Geopotential height climatology used for circulation and Rossby-wave context.,era5_vertical_divergence_height_diagnostics,western_moisture_entry,
z200,JJA,12416.001092426379,m,Geopotential height climatology used for circulation and Rossby-wave context.,era5_vertical_divergence_height_diagnostics,western_indian_ocean,
z200,JJA,12494.003951662804,m,Geopotential height climatology used for circulation and Rossby-wave context.,era5_vertical_divergence_height_diagnostics,arabia_red_sea,
z200,JJA,12474.030580126715,m,Geopotential height climatology used for circulation and Rossby-wave context.,era5_vertical_divergence_height_diagnostics,north_africa_arabia,
z200,JJA,12453.520349420822,m,Geopotential height climatology used for circulation and Rossby-wave context.,era5_vertical_divergence_height_diagnostics,tej_core,
z200,JJA,12415.758562399507,m,Geopotential height climatology used for circulation and Rossby-wave context.,era5_vertical_divergence_height_diagnostics,somali_jet_box,
z200,JJA,12408.441962259152,m,Geopotential height climatology used for circulation and Rossby-wave context.,era5_vertical_divergence_height_diagnostics,turkana_corridor,
z200,JJAS,12428.456717553387,m,Geopotential height climatology used for circulation and Rossby-wave context.,era5_vertical_divergence_height_diagnostics,ethiopia,
z200,JJAS,12432.568965137998,m,Geopotential height climatology used for circulation and Rossby-wave context.,era5_vertical_divergence_height_diagnostics,ethiopia_highlands_broad,
z200,JJAS,12445.459162159419,m,Geopotential height climatology used for circulation and Rossby-wave context.,era5_vertical_divergence_height_diagnostics,north_ethiopia,
z200,JJAS,12427.339356670052,m,Geopotential height climatology used for circulation and Rossby-wave context.,era5_vertical_divergence_height_diagnostics,central_ethiopia,
z200,JJAS,12430.223970998915,m,Geopotential height climatology used for circulation and Rossby-wave context.,era5_vertical_divergence_height_diagnostics,west_ethiopia,
z200,JJAS,12422.807492399097,m,Geopotential height climatology used for circulation and Rossby-wave context.,era5_vertical_divergence_height_diagnostics,east_ethiopia,
z200,JJAS,12432.810849076983,m,Geopotential height climatology used for circulation and Rossby-wave context.,era5_vertical_divergence_height_diagnostics,greater_horn,
z200,JJAS,12424.369453234836,m,Geopotential height climatology used for circulation and Rossby-wave context.,era5_vertical_divergence_height_diagnostics,east_africa,
z200,JJAS,12415.531316089764,m,Geopotential height climatology used for circulation and Rossby-wave context.,era5_vertical_divergence_height_diagnostics,atlantic_congo_ethiopia,
z200,JJAS,12418.259134167594,m,Geopotential height climatology used for circulation and Rossby-wave context.,era5_vertical_divergence_height_diagnostics,congo_moisture_corridor,
z200,JJAS,12423.345125923146,m,Geopotential height climatology used for circulation and Rossby-wave context.,era5_vertical_divergence_height_diagnostics,western_moisture_entry,
z200,JJAS,12414.852308199715,m,Geopotential height climatology used for circulation and Rossby-wave context.,era5_vertical_divergence_height_diagnostics,western_indian_ocean,
z200,JJAS,12485.672948907582,m,Geopotential height climatology used for circulation and Rossby-wave context.,era5_vertical_divergence_height_diagnostics,arabia_red_sea,
z200,JJAS,12462.38726947016,m,Geopotential height climatology used for circulation and Rossby-wave context.,era5_vertical_divergence_height_diagnostics,north_africa_arabia,
z200,JJAS,12450.535966367583,m,Geopotential height climatology used for circulation and Rossby-wave context.,era5_vertical_divergence_height_diagnostics,tej_core,
z200,JJAS,12414.991505803764,m,Geopotential height climatology used for circulation and Rossby-wave context.,era5_vertical_divergence_height_diagnostics,somali_jet_box,
z200,JJAS,12408.2244701142,m,Geopotential height climatology used for circulation and Rossby-wave context.,era5_vertical_divergence_height_diagnostics,turkana_corridor,
z500,June,5874.503758989358,m,Geopotential height climatology used for circulation and Rossby-wave context.,era5_vertical_divergence_height_diagnostics,ethiopia,
z500,June,5877.5357588968045,m,Geopotential height climatology used for circulation and Rossby-wave context.,era5_vertical_divergence_height_diagnostics,ethiopia_highlands_broad,
z500,June,5881.782275723771,m,Geopotential height climatology used for circulation and Rossby-wave context.,era5_vertical_divergence_height_diagnostics,north_ethiopia,
z500,June,5875.417887193385,m,Geopotential height climatology used for circulation and Rossby-wave context.,era5_vertical_divergence_height_diagnostics,central_ethiopia,
z500,June,5877.920677819395,m,Geopotential height climatology used for circulation and Rossby-wave context.,era5_vertical_divergence_height_diagnostics,west_ethiopia,
z500,June,5869.932098409844,m,Geopotential height climatology used for circulation and Rossby-wave context.,era5_vertical_divergence_height_diagnostics,east_ethiopia,
z500,June,5875.584097097581,m,Geopotential height climatology used for circulation and Rossby-wave context.,era5_vertical_divergence_height_diagnostics,greater_horn,
z500,June,5873.4829474341705,m,Geopotential height climatology used for circulation and Rossby-wave context.,era5_vertical_divergence_height_diagnostics,east_africa,
z500,June,5876.440974615559,m,Geopotential height climatology used for circulation and Rossby-wave context.,era5_vertical_divergence_height_diagnostics,atlantic_congo_ethiopia,
z500,June,5874.293814876583,m,Geopotential height climatology used for circulation and Rossby-wave context.,era5_vertical_divergence_height_diagnostics,congo_moisture_corridor,
z500,June,5875.985158490285,m,Geopotential height climatology used for circulation and Rossby-wave context.,era5_vertical_divergence_height_diagnostics,western_moisture_entry,
z500,June,5864.426349370464,m,Geopotential height climatology used for circulation and Rossby-wave context.,era5_vertical_divergence_height_diagnostics,western_indian_ocean,
z500,June,5878.16575117815,m,Geopotential height climatology used for circulation and Rossby-wave context.,era5_vertical_divergence_height_diagnostics,arabia_red_sea,
z500,June,5878.098173799232,m,Geopotential height climatology used for circulation and Rossby-wave context.,era5_vertical_divergence_height_diagnostics,north_africa_arabia,
z500,June,5865.273547774657,m,Geopotential height climatology used for circulation and Rossby-wave context.,era5_vertical_divergence_height_diagnostics,tej_core,
z500,June,5867.181916904333,m,Geopotential height climatology used for circulation and Rossby-wave context.,era5_vertical_divergence_height_diagnostics,somali_jet_box,
z500,June,5870.345166208391,m,Geopotential height climatology used for circulation and Rossby-wave context.,era5_vertical_divergence_height_diagnostics,turkana_corridor,
z500,July,5868.635037247624,m,Geopotential height climatology used for circulation and Rossby-wave context.,era5_vertical_divergence_height_diagnostics,ethiopia,
z500,July,5871.150638248131,m,Geopotential height climatology used for circulation and Rossby-wave context.,era5_vertical_divergence_height_diagnostics,ethiopia_highlands_broad,
z500,July,5875.296649499631,m,Geopotential height climatology used for circulation and Rossby-wave context.,era5_vertical_divergence_height_diagnostics,north_ethiopia,
z500,July,5869.252148122746,m,Geopotential height climatology used for circulation and Rossby-wave context.,era5_vertical_divergence_height_diagnostics,central_ethiopia,
z500,July,5871.080599360067,m,Geopotential height climatology used for circulation and Rossby-wave context.,era5_vertical_divergence_height_diagnostics,west_ethiopia,
z500,July,5864.992949345902,m,Geopotential height climatology used for circulation and Rossby-wave context.,era5_vertical_divergence_height_diagnostics,east_ethiopia,
z500,July,5869.828050180087,m,Geopotential height climatology used for circulation and Rossby-wave context.,era5_vertical_divergence_height_diagnostics,greater_horn,
z500,July,5867.6805430881905,m,Geopotential height climatology used for circulation and Rossby-wave context.,era5_vertical_divergence_height_diagnostics,east_africa,
z500,July,5870.486498496494,m,Geopotential height climatology used for circulation and Rossby-wave context.,era5_vertical_divergence_height_diagnostics,atlantic_congo_ethiopia,
z500,July,5867.613045456881,m,Geopotential height climatology used for circulation and Rossby-wave context.,era5_vertical_divergence_height_diagnostics,congo_moisture_corridor,
z500,July,5869.0238208155,m,Geopotential height climatology used for circulation and Rossby-wave context.,era5_vertical_divergence_height_diagnostics,western_moisture_entry,
z500,July,5858.918168690386,m,Geopotential height climatology used for circulation and Rossby-wave context.,era5_vertical_divergence_height_diagnostics,western_indian_ocean,
z500,July,5875.075847148575,m,Geopotential height climatology used for circulation and Rossby-wave context.,era5_vertical_divergence_height_diagnostics,arabia_red_sea,
z500,July,5880.535779332114,m,Geopotential height climatology used for circulation and Rossby-wave context.,era5_vertical_divergence_height_diagnostics,north_africa_arabia,
z500,July,5858.9222116886085,m,Geopotential height climatology used for circulation and Rossby-wave context.,era5_vertical_divergence_height_diagnostics,tej_core,
z500,July,5861.624783758264,m,Geopotential height climatology used for circulation and Rossby-wave context.,era5_vertical_divergence_height_diagnostics,somali_jet_box,
z500,July,5863.915236167723,m,Geopotential height climatology used for circulation and Rossby-wave context.,era5_vertical_divergence_height_diagnostics,turkana_corridor,
z500,August,5868.855900514815,m,Geopotential height climatology used for circulation and Rossby-wave context.,era5_vertical_divergence_height_diagnostics,ethiopia,
z500,August,5871.204151694809,m,Geopotential height climatology used for circulation and Rossby-wave context.,era5_vertical_divergence_height_diagnostics,ethiopia_highlands_broad,
z500,August,5875.8142455606385,m,Geopotential height climatology used for circulation and Rossby-wave context.,era5_vertical_divergence_height_diagnostics,north_ethiopia,
z500,August,5869.1557415971965,m,Geopotential height climatology used for circulation and Rossby-wave context.,era5_vertical_divergence_height_diagnostics,central_ethiopia,
z500,August,5870.897385888813,m,Geopotential height climatology used for circulation and Rossby-wave context.,era5_vertical_divergence_height_diagnostics,west_ethiopia,
z500,August,5865.40097478341,m,Geopotential height climatology used for circulation and Rossby-wave context.,era5_vertical_divergence_height_diagnostics,east_ethiopia,
z500,August,5871.786496867663,m,Geopotential height climatology used for circulation and Rossby-wave context.,era5_vertical_divergence_height_diagnostics,greater_horn,
z500,August,5868.813928799207,m,Geopotential height climatology used for circulation and Rossby-wave context.,era5_vertical_divergence_height_diagnostics,east_africa,
z500,August,5870.792795985722,m,Geopotential height climatology used for circulation and Rossby-wave context.,era5_vertical_divergence_height_diagnostics,atlantic_congo_ethiopia,
z500,August,5866.85393800337,m,Geopotential height climatology used for circulation and Rossby-wave context.,era5_vertical_divergence_height_diagnostics,congo_moisture_corridor,
z500,August,5868.40638887119,m,Geopotential height climatology used for circulation and Rossby-wave context.,era5_vertical_divergence_height_diagnostics,western_moisture_entry,
z500,August,5861.244141315175,m,Geopotential height climatology used for circulation and Rossby-wave context.,era5_vertical_divergence_height_diagnostics,western_indian_ocean,
z500,August,5880.37273024253,m,Geopotential height climatology used for circulation and Rossby-wave context.,era5_vertical_divergence_height_diagnostics,arabia_red_sea,
z500,August,5884.892855649657,m,Geopotential height climatology used for circulation and Rossby-wave context.,era5_vertical_divergence_height_diagnostics,north_africa_arabia,
z500,August,5861.577157020252,m,Geopotential height climatology used for circulation and Rossby-wave context.,era5_vertical_divergence_height_diagnostics,tej_core,
z500,August,5862.836103161371,m,Geopotential height climatology used for circulation and Rossby-wave context.,era5_vertical_divergence_height_diagnostics,somali_jet_box,
z500,August,5863.471545582706,m,Geopotential height climatology used for circulation and Rossby-wave context.,era5_vertical_divergence_height_diagnostics,turkana_corridor,
z500,September,5868.468994944927,m,Geopotential height climatology used for circulation and Rossby-wave context.,era5_vertical_divergence_height_diagnostics,ethiopia,
z500,September,5870.920464292631,m,Geopotential height climatology used for circulation and Rossby-wave context.,era5_vertical_divergence_height_diagnostics,ethiopia_highlands_broad,
z500,September,5875.004571653393,m,Geopotential height climatology used for circulation and Rossby-wave context.,era5_vertical_divergence_height_diagnostics,north_ethiopia,
z500,September,5869.1288405161795,m,Geopotential height climatology used for circulation and Rossby-wave context.,era5_vertical_divergence_height_diagnostics,central_ethiopia,
z500,September,5870.816046449247,m,Geopotential height climatology used for circulation and Rossby-wave context.,era5_vertical_divergence_height_diagnostics,west_ethiopia,
z500,September,5865.365772899666,m,Geopotential height climatology used for circulation and Rossby-wave context.,era5_vertical_divergence_height_diagnostics,east_ethiopia,
z500,September,5871.086150001962,m,Geopotential height climatology used for circulation and Rossby-wave context.,era5_vertical_divergence_height_diagnostics,greater_horn,
z500,September,5868.484729450224,m,Geopotential height climatology used for circulation and Rossby-wave context.,era5_vertical_divergence_height_diagnostics,east_africa,
z500,September,5870.044417642943,m,Geopotential height climatology used for circulation and Rossby-wave context.,era5_vertical_divergence_height_diagnostics,atlantic_congo_ethiopia,
z500,September,5866.341634435416,m,Geopotential height climatology used for circulation and Rossby-wave context.,era5_vertical_divergence_height_diagnostics,congo_moisture_corridor,
z500,September,5868.1341308783585,m,Geopotential height climatology used for circulation and Rossby-wave context.,era5_vertical_divergence_height_diagnostics,western_moisture_entry,
z500,September,5862.063961629625,m,Geopotential height climatology used for circulation and Rossby-wave context.,era5_vertical_divergence_height_diagnostics,western_indian_ocean,
z500,September,5877.921128357394,m,Geopotential height climatology used for circulation and Rossby-wave context.,era5_vertical_divergence_height_diagnostics,arabia_red_sea,
z500,September,5878.201730118113,m,Geopotential height climatology used for circulation and Rossby-wave context.,era5_vertical_divergence_height_diagnostics,north_africa_arabia,
z500,September,5864.104547986078,m,Geopotential height climatology used for circulation and Rossby-wave context.,era5_vertical_divergence_height_diagnostics,tej_core,
z500,September,5863.014192788536,m,Geopotential height climatology used for circulation and Rossby-wave context.,era5_vertical_divergence_height_diagnostics,somali_jet_box,
z500,September,5863.062524383036,m,Geopotential height climatology used for circulation and Rossby-wave context.,era5_vertical_divergence_height_diagnostics,turkana_corridor,
z500,JJA,5870.664920002976,m,Geopotential height climatology used for circulation and Rossby-wave context.,era5_vertical_divergence_height_diagnostics,ethiopia,
z500,JJA,5873.296883474962,m,Geopotential height climatology used for circulation and Rossby-wave context.,era5_vertical_divergence_height_diagnostics,ethiopia_highlands_broad,
z500,JJA,5877.631075329427,m,Geopotential height climatology used for circulation and Rossby-wave context.,era5_vertical_divergence_height_diagnostics,north_ethiopia,
z500,JJA,5871.275365476051,m,Geopotential height climatology used for circulation and Rossby-wave context.,era5_vertical_divergence_height_diagnostics,central_ethiopia,
z500,JJA,5873.299570181113,m,Geopotential height climatology used for circulation and Rossby-wave context.,era5_vertical_divergence_height_diagnostics,west_ethiopia,
z500,JJA,5866.775363813244,m,Geopotential height climatology used for circulation and Rossby-wave context.,era5_vertical_divergence_height_diagnostics,east_ethiopia,
z500,JJA,5872.399552383643,m,Geopotential height climatology used for circulation and Rossby-wave context.,era5_vertical_divergence_height_diagnostics,greater_horn,
z500,JJA,5869.992477910312,m,Geopotential height climatology used for circulation and Rossby-wave context.,era5_vertical_divergence_height_diagnostics,east_africa,
z500,JJA,5872.573427585518,m,Geopotential height climatology used for circulation and Rossby-wave context.,era5_vertical_divergence_height_diagnostics,atlantic_congo_ethiopia,
z500,JJA,5869.586933841815,m,Geopotential height climatology used for circulation and Rossby-wave context.,era5_vertical_divergence_height_diagnostics,congo_moisture_corridor,
z500,JJA,5871.1384556444345,m,Geopotential height climatology used for circulation and Rossby-wave context.,era5_vertical_divergence_height_diagnostics,western_moisture_entry,
z500,JJA,5861.529554189447,m,Geopotential height climatology used for circulation and Rossby-wave context.,era5_vertical_divergence_height_diagnostics,western_indian_ocean,
z500,JJA,5877.871449817184,m,Geopotential height climatology used for circulation and Rossby-wave context.,era5_vertical_divergence_height_diagnostics,arabia_red_sea,
z500,JJA,5881.1756000238465,m,Geopotential height climatology used for circulation and Rossby-wave context.,era5_vertical_divergence_height_diagnostics,north_africa_arabia,
z500,JJA,5861.924305008686,m,Geopotential height climatology used for circulation and Rossby-wave context.,era5_vertical_divergence_height_diagnostics,tej_core,
z500,JJA,5863.880943145853,m,Geopotential height climatology used for circulation and Rossby-wave context.,era5_vertical_divergence_height_diagnostics,somali_jet_box,
z500,JJA,5865.910637995745,m,Geopotential height climatology used for circulation and Rossby-wave context.,era5_vertical_divergence_height_diagnostics,turkana_corridor,
z500,JJAS,5870.115965339222,m,Geopotential height climatology used for circulation and Rossby-wave context.,era5_vertical_divergence_height_diagnostics,ethiopia,
z500,JJAS,5872.702802156907,m,Geopotential height climatology used for circulation and Rossby-wave context.,era5_vertical_divergence_height_diagnostics,ethiopia_highlands_broad,
z500,JJAS,5876.9744263540115,m,Geopotential height climatology used for circulation and Rossby-wave context.,era5_vertical_divergence_height_diagnostics,north_ethiopia,
z500,JJAS,5870.738698530325,m,Geopotential height climatology used for circulation and Rossby-wave context.,era5_vertical_divergence_height_diagnostics,central_ethiopia,
z500,JJAS,5872.678725984,m,Geopotential height climatology used for circulation and Rossby-wave context.,era5_vertical_divergence_height_diagnostics,west_ethiopia,
z500,JJAS,5866.422980775434,m,Geopotential height climatology used for circulation and Rossby-wave context.,era5_vertical_divergence_height_diagnostics,east_ethiopia,
z500,JJAS,5872.071225043201,m,Geopotential height climatology used for circulation and Rossby-wave context.,era5_vertical_divergence_height_diagnostics,greater_horn,
z500,JJAS,5869.61556377125,m,Geopotential height climatology used for circulation and Rossby-wave context.,era5_vertical_divergence_height_diagnostics,east_africa,
z500,JJAS,5871.941179467057,m,Geopotential height climatology used for circulation and Rossby-wave context.,era5_vertical_divergence_height_diagnostics,atlantic_congo_ethiopia,
z500,JJAS,5868.775636626587,m,Geopotential height climatology used for circulation and Rossby-wave context.,era5_vertical_divergence_height_diagnostics,congo_moisture_corridor,
z500,JJAS,5870.387428847985,m,Geopotential height climatology used for circulation and Rossby-wave context.,era5_vertical_divergence_height_diagnostics,western_moisture_entry,
z500,JJAS,5861.663177583307,m,Geopotential height climatology used for circulation and Rossby-wave context.,era5_vertical_divergence_height_diagnostics,western_indian_ocean,
z500,JJAS,5877.883892114006,m,Geopotential height climatology used for circulation and Rossby-wave context.,era5_vertical_divergence_height_diagnostics,arabia_red_sea,
z500,JJAS,5880.432147422445,m,Geopotential height climatology used for circulation and Rossby-wave context.,era5_vertical_divergence_height_diagnostics,north_africa_arabia,
z500,JJAS,5862.469385917371,m,Geopotential height climatology used for circulation and Rossby-wave context.,era5_vertical_divergence_height_diagnostics,tej_core,
z500,JJAS,5863.664272866747,m,Geopotential height climatology used for circulation and Rossby-wave context.,era5_vertical_divergence_height_diagnostics,somali_jet_box,
z500,JJAS,5865.1986239817925,m,Geopotential height climatology used for circulation and Rossby-wave context.,era5_vertical_divergence_height_diagnostics,turkana_corridor,
NMME_precipitation_anomaly,Jun,-15.69118595123291,mm/month,Negative precipitation anomaly indicates drier-than-normal rainfall. Positive anomaly indicates wetter-than-normal rainfall.,nmme_rainfall_z200_diagnostics,ethiopia,below_normal_dry_signal
NMME_precipitation_anomaly,Jun,-18.294164657592773,mm/month,Negative precipitation anomaly indicates drier-than-normal rainfall. Positive anomaly indicates wetter-than-normal rainfall.,nmme_rainfall_z200_diagnostics,ethiopia_highlands_broad,below_normal_dry_signal
NMME_precipitation_anomaly,Jun,-12.926945686340332,mm/month,Negative precipitation anomaly indicates drier-than-normal rainfall. Positive anomaly indicates wetter-than-normal rainfall.,nmme_rainfall_z200_diagnostics,north_ethiopia,below_normal_dry_signal
NMME_precipitation_anomaly,Jun,-25.710067749023438,mm/month,Negative precipitation anomaly indicates drier-than-normal rainfall. Positive anomaly indicates wetter-than-normal rainfall.,nmme_rainfall_z200_diagnostics,central_ethiopia,below_normal_dry_signal
NMME_precipitation_anomaly,Jun,-14.751564025878906,mm/month,Negative precipitation anomaly indicates drier-than-normal rainfall. Positive anomaly indicates wetter-than-normal rainfall.,nmme_rainfall_z200_diagnostics,west_ethiopia,below_normal_dry_signal
NMME_precipitation_anomaly,Jun,-14.941167831420898,mm/month,Negative precipitation anomaly indicates drier-than-normal rainfall. Positive anomaly indicates wetter-than-normal rainfall.,nmme_rainfall_z200_diagnostics,east_ethiopia,below_normal_dry_signal
NMME_precipitation_anomaly,Jun,-11.14507007598877,mm/month,Negative precipitation anomaly indicates drier-than-normal rainfall. Positive anomaly indicates wetter-than-normal rainfall.,nmme_rainfall_z200_diagnostics,greater_horn,below_normal_dry_signal
NMME_precipitation_anomaly,Jun,-12.289969444274902,mm/month,Negative precipitation anomaly indicates drier-than-normal rainfall. Positive anomaly indicates wetter-than-normal rainfall.,nmme_rainfall_z200_diagnostics,east_africa,below_normal_dry_signal
NMME_precipitation_anomaly,Jun,-9.446446418762207,mm/month,Negative precipitation anomaly indicates drier-than-normal rainfall. Positive anomaly indicates wetter-than-normal rainfall.,nmme_rainfall_z200_diagnostics,atlantic_congo_ethiopia,near_normal_or_weak_signal
NMME_precipitation_anomaly,Jun,-10.570598602294922,mm/month,Negative precipitation anomaly indicates drier-than-normal rainfall. Positive anomaly indicates wetter-than-normal rainfall.,nmme_rainfall_z200_diagnostics,congo_moisture_corridor,below_normal_dry_signal
NMME_precipitation_anomaly,Jun,-13.950950622558594,mm/month,Negative precipitation anomaly indicates drier-than-normal rainfall. Positive anomaly indicates wetter-than-normal rainfall.,nmme_rainfall_z200_diagnostics,western_moisture_entry,below_normal_dry_signal
NMME_precipitation_anomaly,Jun,-14.336129188537598,mm/month,Negative precipitation anomaly indicates drier-than-normal rainfall. Positive anomaly indicates wetter-than-normal rainfall.,nmme_rainfall_z200_diagnostics,western_indian_ocean,below_normal_dry_signal
NMME_precipitation_anomaly,Jun,-6.222740650177002,mm/month,Negative precipitation anomaly indicates drier-than-normal rainfall. Positive anomaly indicates wetter-than-normal rainfall.,nmme_rainfall_z200_diagnostics,arabia_red_sea,near_normal_or_weak_signal
NMME_precipitation_anomaly,Jun,-5.793140888214111,mm/month,Negative precipitation anomaly indicates drier-than-normal rainfall. Positive anomaly indicates wetter-than-normal rainfall.,nmme_rainfall_z200_diagnostics,north_africa_arabia,near_normal_or_weak_signal
NMME_precipitation_anomaly,Jun,-6.698459625244141,mm/month,Negative precipitation anomaly indicates drier-than-normal rainfall. Positive anomaly indicates wetter-than-normal rainfall.,nmme_rainfall_z200_diagnostics,tej_core,near_normal_or_weak_signal
NMME_precipitation_anomaly,Jun,-24.51975440979004,mm/month,Negative precipitation anomaly indicates drier-than-normal rainfall. Positive anomaly indicates wetter-than-normal rainfall.,nmme_rainfall_z200_diagnostics,somali_jet_box,below_normal_dry_signal
NMME_precipitation_anomaly,Jun,-12.848799705505371,mm/month,Negative precipitation anomaly indicates drier-than-normal rainfall. Positive anomaly indicates wetter-than-normal rainfall.,nmme_rainfall_z200_diagnostics,turkana_corridor,below_normal_dry_signal
NMME_precipitation_anomaly,Jul,-8.790461540222168,mm/month,Negative precipitation anomaly indicates drier-than-normal rainfall. Positive anomaly indicates wetter-than-normal rainfall.,nmme_rainfall_z200_diagnostics,ethiopia,near_normal_or_weak_signal
NMME_precipitation_anomaly,Jul,-9.043390274047852,mm/month,Negative precipitation anomaly indicates drier-than-normal rainfall. Positive anomaly indicates wetter-than-normal rainfall.,nmme_rainfall_z200_diagnostics,ethiopia_highlands_broad,near_normal_or_weak_signal
NMME_precipitation_anomaly,Jul,-0.9921156764030457,mm/month,Negative precipitation anomaly indicates drier-than-normal rainfall. Positive anomaly indicates wetter-than-normal rainfall.,nmme_rainfall_z200_diagnostics,north_ethiopia,near_normal_or_weak_signal
NMME_precipitation_anomaly,Jul,-8.147616386413574,mm/month,Negative precipitation anomaly indicates drier-than-normal rainfall. Positive anomaly indicates wetter-than-normal rainfall.,nmme_rainfall_z200_diagnostics,central_ethiopia,near_normal_or_weak_signal
NMME_precipitation_anomaly,Jul,-12.105708122253418,mm/month,Negative precipitation anomaly indicates drier-than-normal rainfall. Positive anomaly indicates wetter-than-normal rainfall.,nmme_rainfall_z200_diagnostics,west_ethiopia,below_normal_dry_signal
NMME_precipitation_anomaly,Jul,-6.676438808441162,mm/month,Negative precipitation anomaly indicates drier-than-normal rainfall. Positive anomaly indicates wetter-than-normal rainfall.,nmme_rainfall_z200_diagnostics,east_ethiopia,near_normal_or_weak_signal
NMME_precipitation_anomaly,Jul,-7.298348903656006,mm/month,Negative precipitation anomaly indicates drier-than-normal rainfall. Positive anomaly indicates wetter-than-normal rainfall.,nmme_rainfall_z200_diagnostics,greater_horn,near_normal_or_weak_signal
NMME_precipitation_anomaly,Jul,-8.118494987487793,mm/month,Negative precipitation anomaly indicates drier-than-normal rainfall. Positive anomaly indicates wetter-than-normal rainfall.,nmme_rainfall_z200_diagnostics,east_africa,near_normal_or_weak_signal
NMME_precipitation_anomaly,Jul,-3.442671537399292,mm/month,Negative precipitation anomaly indicates drier-than-normal rainfall. Positive anomaly indicates wetter-than-normal rainfall.,nmme_rainfall_z200_diagnostics,atlantic_congo_ethiopia,near_normal_or_weak_signal
NMME_precipitation_anomaly,Jul,-0.662865936756134,mm/month,Negative precipitation anomaly indicates drier-than-normal rainfall. Positive anomaly indicates wetter-than-normal rainfall.,nmme_rainfall_z200_diagnostics,congo_moisture_corridor,near_normal_or_weak_signal
NMME_precipitation_anomaly,Jul,-8.662537574768066,mm/month,Negative precipitation anomaly indicates drier-than-normal rainfall. Positive anomaly indicates wetter-than-normal rainfall.,nmme_rainfall_z200_diagnostics,western_moisture_entry,near_normal_or_weak_signal
NMME_precipitation_anomaly,Jul,-14.282415390014648,mm/month,Negative precipitation anomaly indicates drier-than-normal rainfall. Positive anomaly indicates wetter-than-normal rainfall.,nmme_rainfall_z200_diagnostics,western_indian_ocean,below_normal_dry_signal
NMME_precipitation_anomaly,Jul,-1.8015483617782593,mm/month,Negative precipitation anomaly indicates drier-than-normal rainfall. Positive anomaly indicates wetter-than-normal rainfall.,nmme_rainfall_z200_diagnostics,arabia_red_sea,near_normal_or_weak_signal
NMME_precipitation_anomaly,Jul,0.22994926571846008,mm/month,Negative precipitation anomaly indicates drier-than-normal rainfall. Positive anomaly indicates wetter-than-normal rainfall.,nmme_rainfall_z200_diagnostics,north_africa_arabia,near_normal_or_weak_signal
NMME_precipitation_anomaly,Jul,-3.271850347518921,mm/month,Negative precipitation anomaly indicates drier-than-normal rainfall. Positive anomaly indicates wetter-than-normal rainfall.,nmme_rainfall_z200_diagnostics,tej_core,near_normal_or_weak_signal
NMME_precipitation_anomaly,Jul,-20.001447677612305,mm/month,Negative precipitation anomaly indicates drier-than-normal rainfall. Positive anomaly indicates wetter-than-normal rainfall.,nmme_rainfall_z200_diagnostics,somali_jet_box,below_normal_dry_signal
NMME_precipitation_anomaly,Jul,-7.565615653991699,mm/month,Negative precipitation anomaly indicates drier-than-normal rainfall. Positive anomaly indicates wetter-than-normal rainfall.,nmme_rainfall_z200_diagnostics,turkana_corridor,near_normal_or_weak_signal
NMME_precipitation_anomaly,Aug,-7.342073440551758,mm/month,Negative precipitation anomaly indicates drier-than-normal rainfall. Positive anomaly indicates wetter-than-normal rainfall.,nmme_rainfall_z200_diagnostics,ethiopia,near_normal_or_weak_signal
NMME_precipitation_anomaly,Aug,-7.129145622253418,mm/month,Negative precipitation anomaly indicates drier-than-normal rainfall. Positive anomaly indicates wetter-than-normal rainfall.,nmme_rainfall_z200_diagnostics,ethiopia_highlands_broad,near_normal_or_weak_signal
NMME_precipitation_anomaly,Aug,-2.18837308883667,mm/month,Negative precipitation anomaly indicates drier-than-normal rainfall. Positive anomaly indicates wetter-than-normal rainfall.,nmme_rainfall_z200_diagnostics,north_ethiopia,near_normal_or_weak_signal
NMME_precipitation_anomaly,Aug,-4.5875244140625,mm/month,Negative precipitation anomaly indicates drier-than-normal rainfall. Positive anomaly indicates wetter-than-normal rainfall.,nmme_rainfall_z200_diagnostics,central_ethiopia,near_normal_or_weak_signal
NMME_precipitation_anomaly,Aug,-9.90558910369873,mm/month,Negative precipitation anomaly indicates drier-than-normal rainfall. Positive anomaly indicates wetter-than-normal rainfall.,nmme_rainfall_z200_diagnostics,west_ethiopia,near_normal_or_weak_signal
NMME_precipitation_anomaly,Aug,-4.500892639160156,mm/month,Negative precipitation anomaly indicates drier-than-normal rainfall. Positive anomaly indicates wetter-than-normal rainfall.,nmme_rainfall_z200_diagnostics,east_ethiopia,near_normal_or_weak_signal
NMME_precipitation_anomaly,Aug,-4.116758346557617,mm/month,Negative precipitation anomaly indicates drier-than-normal rainfall. Positive anomaly indicates wetter-than-normal rainfall.,nmme_rainfall_z200_diagnostics,greater_horn,near_normal_or_weak_signal
NMME_precipitation_anomaly,Aug,-4.165321350097656,mm/month,Negative precipitation anomaly indicates drier-than-normal rainfall. Positive anomaly indicates wetter-than-normal rainfall.,nmme_rainfall_z200_diagnostics,east_africa,near_normal_or_weak_signal
NMME_precipitation_anomaly,Aug,-2.762082099914551,mm/month,Negative precipitation anomaly indicates drier-than-normal rainfall. Positive anomaly indicates wetter-than-normal rainfall.,nmme_rainfall_z200_diagnostics,atlantic_congo_ethiopia,near_normal_or_weak_signal
NMME_precipitation_anomaly,Aug,0.11351966857910156,mm/month,Negative precipitation anomaly indicates drier-than-normal rainfall. Positive anomaly indicates wetter-than-normal rainfall.,nmme_rainfall_z200_diagnostics,congo_moisture_corridor,near_normal_or_weak_signal
NMME_precipitation_anomaly,Aug,-5.540288925170898,mm/month,Negative precipitation anomaly indicates drier-than-normal rainfall. Positive anomaly indicates wetter-than-normal rainfall.,nmme_rainfall_z200_diagnostics,western_moisture_entry,near_normal_or_weak_signal
NMME_precipitation_anomaly,Aug,-15.639617919921875,mm/month,Negative precipitation anomaly indicates drier-than-normal rainfall. Positive anomaly indicates wetter-than-normal rainfall.,nmme_rainfall_z200_diagnostics,western_indian_ocean,below_normal_dry_signal
NMME_precipitation_anomaly,Aug,-6.568689346313477,mm/month,Negative precipitation anomaly indicates drier-than-normal rainfall. Positive anomaly indicates wetter-than-normal rainfall.,nmme_rainfall_z200_diagnostics,arabia_red_sea,near_normal_or_weak_signal
NMME_precipitation_anomaly,Aug,-1.9179363250732422,mm/month,Negative precipitation anomaly indicates drier-than-normal rainfall. Positive anomaly indicates wetter-than-normal rainfall.,nmme_rainfall_z200_diagnostics,north_africa_arabia,near_normal_or_weak_signal
NMME_precipitation_anomaly,Aug,-6.780179977416992,mm/month,Negative precipitation anomaly indicates drier-than-normal rainfall. Positive anomaly indicates wetter-than-normal rainfall.,nmme_rainfall_z200_diagnostics,tej_core,near_normal_or_weak_signal
NMME_precipitation_anomaly,Aug,-8.649711608886719,mm/month,Negative precipitation anomaly indicates drier-than-normal rainfall. Positive anomaly indicates wetter-than-normal rainfall.,nmme_rainfall_z200_diagnostics,somali_jet_box,near_normal_or_weak_signal
NMME_precipitation_anomaly,Aug,-3.3019533157348633,mm/month,Negative precipitation anomaly indicates drier-than-normal rainfall. Positive anomaly indicates wetter-than-normal rainfall.,nmme_rainfall_z200_diagnostics,turkana_corridor,near_normal_or_weak_signal
NMME_precipitation_anomaly,Sep,-9.070413589477539,mm/month,Negative precipitation anomaly indicates drier-than-normal rainfall. Positive anomaly indicates wetter-than-normal rainfall.,nmme_rainfall_z200_diagnostics,ethiopia,near_normal_or_weak_signal
NMME_precipitation_anomaly,Sep,-10.232221603393555,mm/month,Negative precipitation anomaly indicates drier-than-normal rainfall. Positive anomaly indicates wetter-than-normal rainfall.,nmme_rainfall_z200_diagnostics,ethiopia_highlands_broad,below_normal_dry_signal
NMME_precipitation_anomaly,Sep,-1.7755680084228516,mm/month,Negative precipitation anomaly indicates drier-than-normal rainfall. Positive anomaly indicates wetter-than-normal rainfall.,nmme_rainfall_z200_diagnostics,north_ethiopia,near_normal_or_weak_signal
NMME_precipitation_anomaly,Sep,-10.93967056274414,mm/month,Negative precipitation anomaly indicates drier-than-normal rainfall. Positive anomaly indicates wetter-than-normal rainfall.,nmme_rainfall_z200_diagnostics,central_ethiopia,below_normal_dry_signal
NMME_precipitation_anomaly,Sep,-13.083205223083496,mm/month,Negative precipitation anomaly indicates drier-than-normal rainfall. Positive anomaly indicates wetter-than-normal rainfall.,nmme_rainfall_z200_diagnostics,west_ethiopia,below_normal_dry_signal
NMME_precipitation_anomaly,Sep,-6.4642415046691895,mm/month,Negative precipitation anomaly indicates drier-than-normal rainfall. Positive anomaly indicates wetter-than-normal rainfall.,nmme_rainfall_z200_diagnostics,east_ethiopia,near_normal_or_weak_signal
NMME_precipitation_anomaly,Sep,-3.740128517150879,mm/month,Negative precipitation anomaly indicates drier-than-normal rainfall. Positive anomaly indicates wetter-than-normal rainfall.,nmme_rainfall_z200_diagnostics,greater_horn,near_normal_or_weak_signal
NMME_precipitation_anomaly,Sep,-3.5089259147644043,mm/month,Negative precipitation anomaly indicates drier-than-normal rainfall. Positive anomaly indicates wetter-than-normal rainfall.,nmme_rainfall_z200_diagnostics,east_africa,near_normal_or_weak_signal
NMME_precipitation_anomaly,Sep,-4.181329727172852,mm/month,Negative precipitation anomaly indicates drier-than-normal rainfall. Positive anomaly indicates wetter-than-normal rainfall.,nmme_rainfall_z200_diagnostics,atlantic_congo_ethiopia,near_normal_or_weak_signal
NMME_precipitation_anomaly,Sep,-5.641836166381836,mm/month,Negative precipitation anomaly indicates drier-than-normal rainfall. Positive anomaly indicates wetter-than-normal rainfall.,nmme_rainfall_z200_diagnostics,congo_moisture_corridor,near_normal_or_weak_signal
NMME_precipitation_anomaly,Sep,-10.512604713439941,mm/month,Negative precipitation anomaly indicates drier-than-normal rainfall. Positive anomaly indicates wetter-than-normal rainfall.,nmme_rainfall_z200_diagnostics,western_moisture_entry,below_normal_dry_signal
NMME_precipitation_anomaly,Sep,-4.423859596252441,mm/month,Negative precipitation anomaly indicates drier-than-normal rainfall. Positive anomaly indicates wetter-than-normal rainfall.,nmme_rainfall_z200_diagnostics,western_indian_ocean,near_normal_or_weak_signal
NMME_precipitation_anomaly,Sep,-6.948169708251953,mm/month,Negative precipitation anomaly indicates drier-than-normal rainfall. Positive anomaly indicates wetter-than-normal rainfall.,nmme_rainfall_z200_diagnostics,arabia_red_sea,near_normal_or_weak_signal
NMME_precipitation_anomaly,Sep,-3.034621238708496,mm/month,Negative precipitation anomaly indicates drier-than-normal rainfall. Positive anomaly indicates wetter-than-normal rainfall.,nmme_rainfall_z200_diagnostics,north_africa_arabia,near_normal_or_weak_signal
NMME_precipitation_anomaly,Sep,-1.0930312871932983,mm/month,Negative precipitation anomaly indicates drier-than-normal rainfall. Positive anomaly indicates wetter-than-normal rainfall.,nmme_rainfall_z200_diagnostics,tej_core,near_normal_or_weak_signal
NMME_precipitation_anomaly,Sep,-1.4134397506713867,mm/month,Negative precipitation anomaly indicates drier-than-normal rainfall. Positive anomaly indicates wetter-than-normal rainfall.,nmme_rainfall_z200_diagnostics,somali_jet_box,near_normal_or_weak_signal
NMME_precipitation_anomaly,Sep,-8.366035461425781,mm/month,Negative precipitation anomaly indicates drier-than-normal rainfall. Positive anomaly indicates wetter-than-normal rainfall.,nmme_rainfall_z200_diagnostics,turkana_corridor,near_normal_or_weak_signal
NMME_precipitation_anomaly,JJA,-31.823720932006836,mm/season,Negative precipitation anomaly indicates drier-than-normal rainfall. Positive anomaly indicates wetter-than-normal rainfall.,nmme_rainfall_z200_diagnostics,ethiopia,below_normal_dry_signal
NMME_precipitation_anomaly,JJA,-34.46670150756836,mm/season,Negative precipitation anomaly indicates drier-than-normal rainfall. Positive anomaly indicates wetter-than-normal rainfall.,nmme_rainfall_z200_diagnostics,ethiopia_highlands_broad,below_normal_dry_signal
NMME_precipitation_anomaly,JJA,-16.10743522644043,mm/season,Negative precipitation anomaly indicates drier-than-normal rainfall. Positive anomaly indicates wetter-than-normal rainfall.,nmme_rainfall_z200_diagnostics,north_ethiopia,near_normal_or_weak_signal
NMME_precipitation_anomaly,JJA,-38.44520950317383,mm/season,Negative precipitation anomaly indicates drier-than-normal rainfall. Positive anomaly indicates wetter-than-normal rainfall.,nmme_rainfall_z200_diagnostics,central_ethiopia,below_normal_dry_signal
NMME_precipitation_anomaly,JJA,-36.76286315917969,mm/season,Negative precipitation anomaly indicates drier-than-normal rainfall. Positive anomaly indicates wetter-than-normal rainfall.,nmme_rainfall_z200_diagnostics,west_ethiopia,below_normal_dry_signal
NMME_precipitation_anomaly,JJA,-26.118497848510742,mm/season,Negative precipitation anomaly indicates drier-than-normal rainfall. Positive anomaly indicates wetter-than-normal rainfall.,nmme_rainfall_z200_diagnostics,east_ethiopia,below_normal_dry_signal
NMME_precipitation_anomaly,JJA,-22.560176849365234,mm/season,Negative precipitation anomaly indicates drier-than-normal rainfall. Positive anomaly indicates wetter-than-normal rainfall.,nmme_rainfall_z200_diagnostics,greater_horn,below_normal_dry_signal
NMME_precipitation_anomaly,JJA,-24.57378387451172,mm/season,Negative precipitation anomaly indicates drier-than-normal rainfall. Positive anomaly indicates wetter-than-normal rainfall.,nmme_rainfall_z200_diagnostics,east_africa,below_normal_dry_signal
NMME_precipitation_anomaly,JJA,-15.651200294494629,mm/season,Negative precipitation anomaly indicates drier-than-normal rainfall. Positive anomaly indicates wetter-than-normal rainfall.,nmme_rainfall_z200_diagnostics,atlantic_congo_ethiopia,near_normal_or_weak_signal
NMME_precipitation_anomaly,JJA,-11.11994743347168,mm/season,Negative precipitation anomaly indicates drier-than-normal rainfall. Positive anomaly indicates wetter-than-normal rainfall.,nmme_rainfall_z200_diagnostics,congo_moisture_corridor,near_normal_or_weak_signal
NMME_precipitation_anomaly,JJA,-28.153778076171875,mm/season,Negative precipitation anomaly indicates drier-than-normal rainfall. Positive anomaly indicates wetter-than-normal rainfall.,nmme_rainfall_z200_diagnostics,western_moisture_entry,below_normal_dry_signal
NMME_precipitation_anomaly,JJA,-44.25815963745117,mm/season,Negative precipitation anomaly indicates drier-than-normal rainfall. Positive anomaly indicates wetter-than-normal rainfall.,nmme_rainfall_z200_diagnostics,western_indian_ocean,below_normal_dry_signal
NMME_precipitation_anomaly,JJA,-14.592976570129395,mm/season,Negative precipitation anomaly indicates drier-than-normal rainfall. Positive anomaly indicates wetter-than-normal rainfall.,nmme_rainfall_z200_diagnostics,arabia_red_sea,near_normal_or_weak_signal
NMME_precipitation_anomaly,JJA,-7.481127738952637,mm/season,Negative precipitation anomaly indicates drier-than-normal rainfall. Positive anomaly indicates wetter-than-normal rainfall.,nmme_rainfall_z200_diagnostics,north_africa_arabia,near_normal_or_weak_signal
NMME_precipitation_anomaly,JJA,-16.750486373901367,mm/season,Negative precipitation anomaly indicates drier-than-normal rainfall. Positive anomaly indicates wetter-than-normal rainfall.,nmme_rainfall_z200_diagnostics,tej_core,near_normal_or_weak_signal
NMME_precipitation_anomaly,JJA,-53.1709098815918,mm/season,Negative precipitation anomaly indicates drier-than-normal rainfall. Positive anomaly indicates wetter-than-normal rainfall.,nmme_rainfall_z200_diagnostics,somali_jet_box,below_normal_dry_signal
NMME_precipitation_anomaly,JJA,-23.71636962890625,mm/season,Negative precipitation anomaly indicates drier-than-normal rainfall. Positive anomaly indicates wetter-than-normal rainfall.,nmme_rainfall_z200_diagnostics,turkana_corridor,below_normal_dry_signal
NMME_precipitation_anomaly,JJAS,-40.89413070678711,mm/season,Negative precipitation anomaly indicates drier-than-normal rainfall. Positive anomaly indicates wetter-than-normal rainfall.,nmme_rainfall_z200_diagnostics,ethiopia,below_normal_dry_signal
NMME_precipitation_anomaly,JJAS,-44.69892120361328,mm/season,Negative precipitation anomaly indicates drier-than-normal rainfall. Positive anomaly indicates wetter-than-normal rainfall.,nmme_rainfall_z200_diagnostics,ethiopia_highlands_broad,below_normal_dry_signal
NMME_precipitation_anomaly,JJAS,-17.88300132751465,mm/season,Negative precipitation anomaly indicates drier-than-normal rainfall. Positive anomaly indicates wetter-than-normal rainfall.,nmme_rainfall_z200_diagnostics,north_ethiopia,near_normal_or_weak_signal
NMME_precipitation_anomaly,JJAS,-49.3848762512207,mm/season,Negative precipitation anomaly indicates drier-than-normal rainfall. Positive anomaly indicates wetter-than-normal rainfall.,nmme_rainfall_z200_diagnostics,central_ethiopia,below_normal_dry_signal
NMME_precipitation_anomaly,JJAS,-49.8460693359375,mm/season,Negative precipitation anomaly indicates drier-than-normal rainfall. Positive anomaly indicates wetter-than-normal rainfall.,nmme_rainfall_z200_diagnostics,west_ethiopia,below_normal_dry_signal
NMME_precipitation_anomaly,JJAS,-32.58273696899414,mm/season,Negative precipitation anomaly indicates drier-than-normal rainfall. Positive anomaly indicates wetter-than-normal rainfall.,nmme_rainfall_z200_diagnostics,east_ethiopia,below_normal_dry_signal
NMME_precipitation_anomaly,JJAS,-26.30030632019043,mm/season,Negative precipitation anomaly indicates drier-than-normal rainfall. Positive anomaly indicates wetter-than-normal rainfall.,nmme_rainfall_z200_diagnostics,greater_horn,below_normal_dry_signal
NMME_precipitation_anomaly,JJAS,-28.082712173461914,mm/season,Negative precipitation anomaly indicates drier-than-normal rainfall. Positive anomaly indicates wetter-than-normal rainfall.,nmme_rainfall_z200_diagnostics,east_africa,below_normal_dry_signal
NMME_precipitation_anomaly,JJAS,-19.832529067993164,mm/season,Negative precipitation anomaly indicates drier-than-normal rainfall. Positive anomaly indicates wetter-than-normal rainfall.,nmme_rainfall_z200_diagnostics,atlantic_congo_ethiopia,near_normal_or_weak_signal
NMME_precipitation_anomaly,JJAS,-16.761777877807617,mm/season,Negative precipitation anomaly indicates drier-than-normal rainfall. Positive anomaly indicates wetter-than-normal rainfall.,nmme_rainfall_z200_diagnostics,congo_moisture_corridor,near_normal_or_weak_signal
NMME_precipitation_anomaly,JJAS,-38.6663818359375,mm/season,Negative precipitation anomaly indicates drier-than-normal rainfall. Positive anomaly indicates wetter-than-normal rainfall.,nmme_rainfall_z200_diagnostics,western_moisture_entry,below_normal_dry_signal
NMME_precipitation_anomaly,JJAS,-48.68202590942383,mm/season,Negative precipitation anomaly indicates drier-than-normal rainfall. Positive anomaly indicates wetter-than-normal rainfall.,nmme_rainfall_z200_diagnostics,western_indian_ocean,below_normal_dry_signal
NMME_precipitation_anomaly,JJAS,-21.541147232055664,mm/season,Negative precipitation anomaly indicates drier-than-normal rainfall. Positive anomaly indicates wetter-than-normal rainfall.,nmme_rainfall_z200_diagnostics,arabia_red_sea,below_normal_dry_signal
NMME_precipitation_anomaly,JJAS,-10.515750885009766,mm/season,Negative precipitation anomaly indicates drier-than-normal rainfall. Positive anomaly indicates wetter-than-normal rainfall.,nmme_rainfall_z200_diagnostics,north_africa_arabia,near_normal_or_weak_signal
NMME_precipitation_anomaly,JJAS,-17.843521118164062,mm/season,Negative precipitation anomaly indicates drier-than-normal rainfall. Positive anomaly indicates wetter-than-normal rainfall.,nmme_rainfall_z200_diagnostics,tej_core,near_normal_or_weak_signal
NMME_precipitation_anomaly,JJAS,-54.5843505859375,mm/season,Negative precipitation anomaly indicates drier-than-normal rainfall. Positive anomaly indicates wetter-than-normal rainfall.,nmme_rainfall_z200_diagnostics,somali_jet_box,below_normal_dry_signal
NMME_precipitation_anomaly,JJAS,-32.08240509033203,mm/season,Negative precipitation anomaly indicates drier-than-normal rainfall. Positive anomaly indicates wetter-than-normal rainfall.,nmme_rainfall_z200_diagnostics,turkana_corridor,below_normal_dry_signal
NMME_z200_anomaly,Jun,42.81846618652344,m,z200 anomaly provides upper-level circulation context. Positive anomalies may indicate ridging/subsidence-supporting circulation depending on location.,nmme_rainfall_z200_diagnostics,ethiopia,positive_height_anomaly
NMME_z200_anomaly,Jun,42.49951934814453,m,z200 anomaly provides upper-level circulation context. Positive anomalies may indicate ridging/subsidence-supporting circulation depending on location.,nmme_rainfall_z200_diagnostics,ethiopia_highlands_broad,positive_height_anomaly
NMME_z200_anomaly,Jun,42.57372283935547,m,z200 anomaly provides upper-level circulation context. Positive anomalies may indicate ridging/subsidence-supporting circulation depending on location.,nmme_rainfall_z200_diagnostics,north_ethiopia,positive_height_anomaly
NMME_z200_anomaly,Jun,42.60128402709961,m,z200 anomaly provides upper-level circulation context. Positive anomalies may indicate ridging/subsidence-supporting circulation depending on location.,nmme_rainfall_z200_diagnostics,central_ethiopia,positive_height_anomaly
NMME_z200_anomaly,Jun,41.86087417602539,m,z200 anomaly provides upper-level circulation context. Positive anomalies may indicate ridging/subsidence-supporting circulation depending on location.,nmme_rainfall_z200_diagnostics,west_ethiopia,positive_height_anomaly
NMME_z200_anomaly,Jun,43.380611419677734,m,z200 anomaly provides upper-level circulation context. Positive anomalies may indicate ridging/subsidence-supporting circulation depending on location.,nmme_rainfall_z200_diagnostics,east_ethiopia,positive_height_anomaly
NMME_z200_anomaly,Jun,41.7053108215332,m,z200 anomaly provides upper-level circulation context. Positive anomalies may indicate ridging/subsidence-supporting circulation depending on location.,nmme_rainfall_z200_diagnostics,greater_horn,positive_height_anomaly
NMME_z200_anomaly,Jun,42.075828552246094,m,z200 anomaly provides upper-level circulation context. Positive anomalies may indicate ridging/subsidence-supporting circulation depending on location.,nmme_rainfall_z200_diagnostics,east_africa,positive_height_anomaly
NMME_z200_anomaly,Jun,41.239593505859375,m,z200 anomaly provides upper-level circulation context. Positive anomalies may indicate ridging/subsidence-supporting circulation depending on location.,nmme_rainfall_z200_diagnostics,atlantic_congo_ethiopia,positive_height_anomaly
NMME_z200_anomaly,Jun,42.32781219482422,m,z200 anomaly provides upper-level circulation context. Positive anomalies may indicate ridging/subsidence-supporting circulation depending on location.,nmme_rainfall_z200_diagnostics,congo_moisture_corridor,positive_height_anomaly
NMME_z200_anomaly,Jun,41.8331413269043,m,z200 anomaly provides upper-level circulation context. Positive anomalies may indicate ridging/subsidence-supporting circulation depending on location.,nmme_rainfall_z200_diagnostics,western_moisture_entry,positive_height_anomaly
NMME_z200_anomaly,Jun,43.625465393066406,m,z200 anomaly provides upper-level circulation context. Positive anomalies may indicate ridging/subsidence-supporting circulation depending on location.,nmme_rainfall_z200_diagnostics,western_indian_ocean,positive_height_anomaly
NMME_z200_anomaly,Jun,43.9582633972168,m,z200 anomaly provides upper-level circulation context. Positive anomalies may indicate ridging/subsidence-supporting circulation depending on location.,nmme_rainfall_z200_diagnostics,arabia_red_sea,positive_height_anomaly
NMME_z200_anomaly,Jun,38.907676696777344,m,z200 anomaly provides upper-level circulation context. Positive anomalies may indicate ridging/subsidence-supporting circulation depending on location.,nmme_rainfall_z200_diagnostics,north_africa_arabia,positive_height_anomaly
NMME_z200_anomaly,Jun,42.036033630371094,m,z200 anomaly provides upper-level circulation context. Positive anomalies may indicate ridging/subsidence-supporting circulation depending on location.,nmme_rainfall_z200_diagnostics,tej_core,positive_height_anomaly
NMME_z200_anomaly,Jun,43.2891845703125,m,z200 anomaly provides upper-level circulation context. Positive anomalies may indicate ridging/subsidence-supporting circulation depending on location.,nmme_rainfall_z200_diagnostics,somali_jet_box,positive_height_anomaly
NMME_z200_anomaly,Jun,43.077392578125,m,z200 anomaly provides upper-level circulation context. Positive anomalies may indicate ridging/subsidence-supporting circulation depending on location.,nmme_rainfall_z200_diagnostics,turkana_corridor,positive_height_anomaly
NMME_z200_anomaly,Jul,51.259090423583984,m,z200 anomaly provides upper-level circulation context. Positive anomalies may indicate ridging/subsidence-supporting circulation depending on location.,nmme_rainfall_z200_diagnostics,ethiopia,positive_height_anomaly
NMME_z200_anomaly,Jul,50.882755279541016,m,z200 anomaly provides upper-level circulation context. Positive anomalies may indicate ridging/subsidence-supporting circulation depending on location.,nmme_rainfall_z200_diagnostics,ethiopia_highlands_broad,positive_height_anomaly
NMME_z200_anomaly,Jul,49.32575225830078,m,z200 anomaly provides upper-level circulation context. Positive anomalies may indicate ridging/subsidence-supporting circulation depending on location.,nmme_rainfall_z200_diagnostics,north_ethiopia,positive_height_anomaly
NMME_z200_anomaly,Jul,51.55961227416992,m,z200 anomaly provides upper-level circulation context. Positive anomalies may indicate ridging/subsidence-supporting circulation depending on location.,nmme_rainfall_z200_diagnostics,central_ethiopia,positive_height_anomaly
NMME_z200_anomaly,Jul,51.305084228515625,m,z200 anomaly provides upper-level circulation context. Positive anomalies may indicate ridging/subsidence-supporting circulation depending on location.,nmme_rainfall_z200_diagnostics,west_ethiopia,positive_height_anomaly
NMME_z200_anomaly,Jul,51.88908004760742,m,z200 anomaly provides upper-level circulation context. Positive anomalies may indicate ridging/subsidence-supporting circulation depending on location.,nmme_rainfall_z200_diagnostics,east_ethiopia,positive_height_anomaly
NMME_z200_anomaly,Jul,48.52931594848633,m,z200 anomaly provides upper-level circulation context. Positive anomalies may indicate ridging/subsidence-supporting circulation depending on location.,nmme_rainfall_z200_diagnostics,greater_horn,positive_height_anomaly
NMME_z200_anomaly,Jul,50.35972595214844,m,z200 anomaly provides upper-level circulation context. Positive anomalies may indicate ridging/subsidence-supporting circulation depending on location.,nmme_rainfall_z200_diagnostics,east_africa,positive_height_anomaly
NMME_z200_anomaly,Jul,49.610530853271484,m,z200 anomaly provides upper-level circulation context. Positive anomalies may indicate ridging/subsidence-supporting circulation depending on location.,nmme_rainfall_z200_diagnostics,atlantic_congo_ethiopia,positive_height_anomaly
NMME_z200_anomaly,Jul,53.303035736083984,m,z200 anomaly provides upper-level circulation context. Positive anomalies may indicate ridging/subsidence-supporting circulation depending on location.,nmme_rainfall_z200_diagnostics,congo_moisture_corridor,positive_height_anomaly
NMME_z200_anomaly,Jul,52.55893325805664,m,z200 anomaly provides upper-level circulation context. Positive anomalies may indicate ridging/subsidence-supporting circulation depending on location.,nmme_rainfall_z200_diagnostics,western_moisture_entry,positive_height_anomaly
NMME_z200_anomaly,Jul,51.561866760253906,m,z200 anomaly provides upper-level circulation context. Positive anomalies may indicate ridging/subsidence-supporting circulation depending on location.,nmme_rainfall_z200_diagnostics,western_indian_ocean,positive_height_anomaly
NMME_z200_anomaly,Jul,39.65713882446289,m,z200 anomaly provides upper-level circulation context. Positive anomalies may indicate ridging/subsidence-supporting circulation depending on location.,nmme_rainfall_z200_diagnostics,arabia_red_sea,positive_height_anomaly
NMME_z200_anomaly,Jul,34.529876708984375,m,z200 anomaly provides upper-level circulation context. Positive anomalies may indicate ridging/subsidence-supporting circulation depending on location.,nmme_rainfall_z200_diagnostics,north_africa_arabia,positive_height_anomaly
NMME_z200_anomaly,Jul,49.12051010131836,m,z200 anomaly provides upper-level circulation context. Positive anomalies may indicate ridging/subsidence-supporting circulation depending on location.,nmme_rainfall_z200_diagnostics,tej_core,positive_height_anomaly
NMME_z200_anomaly,Jul,52.24709701538086,m,z200 anomaly provides upper-level circulation context. Positive anomalies may indicate ridging/subsidence-supporting circulation depending on location.,nmme_rainfall_z200_diagnostics,somali_jet_box,positive_height_anomaly
NMME_z200_anomaly,Jul,53.43950271606445,m,z200 anomaly provides upper-level circulation context. Positive anomalies may indicate ridging/subsidence-supporting circulation depending on location.,nmme_rainfall_z200_diagnostics,turkana_corridor,positive_height_anomaly
NMME_z200_anomaly,Aug,56.654388427734375,m,z200 anomaly provides upper-level circulation context. Positive anomalies may indicate ridging/subsidence-supporting circulation depending on location.,nmme_rainfall_z200_diagnostics,ethiopia,positive_height_anomaly
NMME_z200_anomaly,Aug,56.388450622558594,m,z200 anomaly provides upper-level circulation context. Positive anomalies may indicate ridging/subsidence-supporting circulation depending on location.,nmme_rainfall_z200_diagnostics,ethiopia_highlands_broad,positive_height_anomaly
NMME_z200_anomaly,Aug,55.13604736328125,m,z200 anomaly provides upper-level circulation context. Positive anomalies may indicate ridging/subsidence-supporting circulation depending on location.,nmme_rainfall_z200_diagnostics,north_ethiopia,positive_height_anomaly
NMME_z200_anomaly,Aug,56.92875289916992,m,z200 anomaly provides upper-level circulation context. Positive anomalies may indicate ridging/subsidence-supporting circulation depending on location.,nmme_rainfall_z200_diagnostics,central_ethiopia,positive_height_anomaly
NMME_z200_anomaly,Aug,56.91212463378906,m,z200 anomaly provides upper-level circulation context. Positive anomalies may indicate ridging/subsidence-supporting circulation depending on location.,nmme_rainfall_z200_diagnostics,west_ethiopia,positive_height_anomaly
NMME_z200_anomaly,Aug,56.982120513916016,m,z200 anomaly provides upper-level circulation context. Positive anomalies may indicate ridging/subsidence-supporting circulation depending on location.,nmme_rainfall_z200_diagnostics,east_ethiopia,positive_height_anomaly
NMME_z200_anomaly,Aug,54.59540557861328,m,z200 anomaly provides upper-level circulation context. Positive anomalies may indicate ridging/subsidence-supporting circulation depending on location.,nmme_rainfall_z200_diagnostics,greater_horn,positive_height_anomaly
NMME_z200_anomaly,Aug,55.472755432128906,m,z200 anomaly provides upper-level circulation context. Positive anomalies may indicate ridging/subsidence-supporting circulation depending on location.,nmme_rainfall_z200_diagnostics,east_africa,positive_height_anomaly
NMME_z200_anomaly,Aug,54.33928680419922,m,z200 anomaly provides upper-level circulation context. Positive anomalies may indicate ridging/subsidence-supporting circulation depending on location.,nmme_rainfall_z200_diagnostics,atlantic_congo_ethiopia,positive_height_anomaly
NMME_z200_anomaly,Aug,57.90468215942383,m,z200 anomaly provides upper-level circulation context. Positive anomalies may indicate ridging/subsidence-supporting circulation depending on location.,nmme_rainfall_z200_diagnostics,congo_moisture_corridor,positive_height_anomaly
NMME_z200_anomaly,Aug,57.56427764892578,m,z200 anomaly provides upper-level circulation context. Positive anomalies may indicate ridging/subsidence-supporting circulation depending on location.,nmme_rainfall_z200_diagnostics,western_moisture_entry,positive_height_anomaly
NMME_z200_anomaly,Aug,55.88182830810547,m,z200 anomaly provides upper-level circulation context. Positive anomalies may indicate ridging/subsidence-supporting circulation depending on location.,nmme_rainfall_z200_diagnostics,western_indian_ocean,positive_height_anomaly
NMME_z200_anomaly,Aug,50.394229888916016,m,z200 anomaly provides upper-level circulation context. Positive anomalies may indicate ridging/subsidence-supporting circulation depending on location.,nmme_rainfall_z200_diagnostics,arabia_red_sea,positive_height_anomaly
NMME_z200_anomaly,Aug,48.025146484375,m,z200 anomaly provides upper-level circulation context. Positive anomalies may indicate ridging/subsidence-supporting circulation depending on location.,nmme_rainfall_z200_diagnostics,north_africa_arabia,positive_height_anomaly
NMME_z200_anomaly,Aug,53.53395080566406,m,z200 anomaly provides upper-level circulation context. Positive anomalies may indicate ridging/subsidence-supporting circulation depending on location.,nmme_rainfall_z200_diagnostics,tej_core,positive_height_anomaly
NMME_z200_anomaly,Aug,57.34156799316406,m,z200 anomaly provides upper-level circulation context. Positive anomalies may indicate ridging/subsidence-supporting circulation depending on location.,nmme_rainfall_z200_diagnostics,somali_jet_box,positive_height_anomaly
NMME_z200_anomaly,Aug,58.35084533691406,m,z200 anomaly provides upper-level circulation context. Positive anomalies may indicate ridging/subsidence-supporting circulation depending on location.,nmme_rainfall_z200_diagnostics,turkana_corridor,positive_height_anomaly
NMME_z200_anomaly,Sep,60.55434799194336,m,z200 anomaly provides upper-level circulation context. Positive anomalies may indicate ridging/subsidence-supporting circulation depending on location.,nmme_rainfall_z200_diagnostics,ethiopia,positive_height_anomaly
NMME_z200_anomaly,Sep,60.07587432861328,m,z200 anomaly provides upper-level circulation context. Positive anomalies may indicate ridging/subsidence-supporting circulation depending on location.,nmme_rainfall_z200_diagnostics,ethiopia_highlands_broad,positive_height_anomaly
NMME_z200_anomaly,Sep,58.13137435913086,m,z200 anomaly provides upper-level circulation context. Positive anomalies may indicate ridging/subsidence-supporting circulation depending on location.,nmme_rainfall_z200_diagnostics,north_ethiopia,positive_height_anomaly
NMME_z200_anomaly,Sep,60.78740692138672,m,z200 anomaly provides upper-level circulation context. Positive anomalies may indicate ridging/subsidence-supporting circulation depending on location.,nmme_rainfall_z200_diagnostics,central_ethiopia,positive_height_anomaly
NMME_z200_anomaly,Sep,61.03349685668945,m,z200 anomaly provides upper-level circulation context. Positive anomalies may indicate ridging/subsidence-supporting circulation depending on location.,nmme_rainfall_z200_diagnostics,west_ethiopia,positive_height_anomaly
NMME_z200_anomaly,Sep,60.959129333496094,m,z200 anomaly provides upper-level circulation context. Positive anomalies may indicate ridging/subsidence-supporting circulation depending on location.,nmme_rainfall_z200_diagnostics,east_ethiopia,positive_height_anomaly
NMME_z200_anomaly,Sep,58.748023986816406,m,z200 anomaly provides upper-level circulation context. Positive anomalies may indicate ridging/subsidence-supporting circulation depending on location.,nmme_rainfall_z200_diagnostics,greater_horn,positive_height_anomaly
NMME_z200_anomaly,Sep,60.249393463134766,m,z200 anomaly provides upper-level circulation context. Positive anomalies may indicate ridging/subsidence-supporting circulation depending on location.,nmme_rainfall_z200_diagnostics,east_africa,positive_height_anomaly
NMME_z200_anomaly,Sep,59.09977722167969,m,z200 anomaly provides upper-level circulation context. Positive anomalies may indicate ridging/subsidence-supporting circulation depending on location.,nmme_rainfall_z200_diagnostics,atlantic_congo_ethiopia,positive_height_anomaly
NMME_z200_anomaly,Sep,62.779293060302734,m,z200 anomaly provides upper-level circulation context. Positive anomalies may indicate ridging/subsidence-supporting circulation depending on location.,nmme_rainfall_z200_diagnostics,congo_moisture_corridor,positive_height_anomaly
NMME_z200_anomaly,Sep,62.277931213378906,m,z200 anomaly provides upper-level circulation context. Positive anomalies may indicate ridging/subsidence-supporting circulation depending on location.,nmme_rainfall_z200_diagnostics,western_moisture_entry,positive_height_anomaly
NMME_z200_anomaly,Sep,61.64627456665039,m,z200 anomaly provides upper-level circulation context. Positive anomalies may indicate ridging/subsidence-supporting circulation depending on location.,nmme_rainfall_z200_diagnostics,western_indian_ocean,positive_height_anomaly
NMME_z200_anomaly,Sep,51.58401107788086,m,z200 anomaly provides upper-level circulation context. Positive anomalies may indicate ridging/subsidence-supporting circulation depending on location.,nmme_rainfall_z200_diagnostics,arabia_red_sea,positive_height_anomaly
NMME_z200_anomaly,Sep,48.92173385620117,m,z200 anomaly provides upper-level circulation context. Positive anomalies may indicate ridging/subsidence-supporting circulation depending on location.,nmme_rainfall_z200_diagnostics,north_africa_arabia,positive_height_anomaly
NMME_z200_anomaly,Sep,56.849517822265625,m,z200 anomaly provides upper-level circulation context. Positive anomalies may indicate ridging/subsidence-supporting circulation depending on location.,nmme_rainfall_z200_diagnostics,tej_core,positive_height_anomaly
NMME_z200_anomaly,Sep,62.2828254699707,m,z200 anomaly provides upper-level circulation context. Positive anomalies may indicate ridging/subsidence-supporting circulation depending on location.,nmme_rainfall_z200_diagnostics,somali_jet_box,positive_height_anomaly
NMME_z200_anomaly,Sep,63.46599197387695,m,z200 anomaly provides upper-level circulation context. Positive anomalies may indicate ridging/subsidence-supporting circulation depending on location.,nmme_rainfall_z200_diagnostics,turkana_corridor,positive_height_anomaly
NMME_z200_anomaly,JJA,50.243995666503906,m,z200 anomaly provides upper-level circulation context. Positive anomalies may indicate ridging/subsidence-supporting circulation depending on location.,nmme_rainfall_z200_diagnostics,ethiopia,positive_height_anomaly
NMME_z200_anomaly,JJA,49.92357635498047,m,z200 anomaly provides upper-level circulation context. Positive anomalies may indicate ridging/subsidence-supporting circulation depending on location.,nmme_rainfall_z200_diagnostics,ethiopia_highlands_broad,positive_height_anomaly
NMME_z200_anomaly,JJA,49.011844635009766,m,z200 anomaly provides upper-level circulation context. Positive anomalies may indicate ridging/subsidence-supporting circulation depending on location.,nmme_rainfall_z200_diagnostics,north_ethiopia,positive_height_anomaly
NMME_z200_anomaly,JJA,50.363216400146484,m,z200 anomaly provides upper-level circulation context. Positive anomalies may indicate ridging/subsidence-supporting circulation depending on location.,nmme_rainfall_z200_diagnostics,central_ethiopia,positive_height_anomaly
NMME_z200_anomaly,JJA,50.026031494140625,m,z200 anomaly provides upper-level circulation context. Positive anomalies may indicate ridging/subsidence-supporting circulation depending on location.,nmme_rainfall_z200_diagnostics,west_ethiopia,positive_height_anomaly
NMME_z200_anomaly,JJA,50.75060272216797,m,z200 anomaly provides upper-level circulation context. Positive anomalies may indicate ridging/subsidence-supporting circulation depending on location.,nmme_rainfall_z200_diagnostics,east_ethiopia,positive_height_anomaly
NMME_z200_anomaly,JJA,48.276676177978516,m,z200 anomaly provides upper-level circulation context. Positive anomalies may indicate ridging/subsidence-supporting circulation depending on location.,nmme_rainfall_z200_diagnostics,greater_horn,positive_height_anomaly
NMME_z200_anomaly,JJA,49.302772521972656,m,z200 anomaly provides upper-level circulation context. Positive anomalies may indicate ridging/subsidence-supporting circulation depending on location.,nmme_rainfall_z200_diagnostics,east_africa,positive_height_anomaly
NMME_z200_anomaly,JJA,48.39646530151367,m,z200 anomaly provides upper-level circulation context. Positive anomalies may indicate ridging/subsidence-supporting circulation depending on location.,nmme_rainfall_z200_diagnostics,atlantic_congo_ethiopia,positive_height_anomaly
NMME_z200_anomaly,JJA,51.178504943847656,m,z200 anomaly provides upper-level circulation context. Positive anomalies may indicate ridging/subsidence-supporting circulation depending on location.,nmme_rainfall_z200_diagnostics,congo_moisture_corridor,positive_height_anomaly
NMME_z200_anomaly,JJA,50.65211486816406,m,z200 anomaly provides upper-level circulation context. Positive anomalies may indicate ridging/subsidence-supporting circulation depending on location.,nmme_rainfall_z200_diagnostics,western_moisture_entry,positive_height_anomaly
NMME_z200_anomaly,JJA,50.356388092041016,m,z200 anomaly provides upper-level circulation context. Positive anomalies may indicate ridging/subsidence-supporting circulation depending on location.,nmme_rainfall_z200_diagnostics,western_indian_ocean,positive_height_anomaly
NMME_z200_anomaly,JJA,44.66987228393555,m,z200 anomaly provides upper-level circulation context. Positive anomalies may indicate ridging/subsidence-supporting circulation depending on location.,nmme_rainfall_z200_diagnostics,arabia_red_sea,positive_height_anomaly
NMME_z200_anomaly,JJA,40.48756408691406,m,z200 anomaly provides upper-level circulation context. Positive anomalies may indicate ridging/subsidence-supporting circulation depending on location.,nmme_rainfall_z200_diagnostics,north_africa_arabia,positive_height_anomaly
NMME_z200_anomaly,JJA,48.230167388916016,m,z200 anomaly provides upper-level circulation context. Positive anomalies may indicate ridging/subsidence-supporting circulation depending on location.,nmme_rainfall_z200_diagnostics,tej_core,positive_height_anomaly
NMME_z200_anomaly,JJA,50.95927429199219,m,z200 anomaly provides upper-level circulation context. Positive anomalies may indicate ridging/subsidence-supporting circulation depending on location.,nmme_rainfall_z200_diagnostics,somali_jet_box,positive_height_anomaly
NMME_z200_anomaly,JJA,51.622581481933594,m,z200 anomaly provides upper-level circulation context. Positive anomalies may indicate ridging/subsidence-supporting circulation depending on location.,nmme_rainfall_z200_diagnostics,turkana_corridor,positive_height_anomaly
NMME_z200_anomaly,JJAS,52.82157897949219,m,z200 anomaly provides upper-level circulation context. Positive anomalies may indicate ridging/subsidence-supporting circulation depending on location.,nmme_rainfall_z200_diagnostics,ethiopia,positive_height_anomaly
NMME_z200_anomaly,JJAS,52.461647033691406,m,z200 anomaly provides upper-level circulation context. Positive anomalies may indicate ridging/subsidence-supporting circulation depending on location.,nmme_rainfall_z200_diagnostics,ethiopia_highlands_broad,positive_height_anomaly
NMME_z200_anomaly,JJAS,51.29172134399414,m,z200 anomaly provides upper-level circulation context. Positive anomalies may indicate ridging/subsidence-supporting circulation depending on location.,nmme_rainfall_z200_diagnostics,north_ethiopia,positive_height_anomaly
NMME_z200_anomaly,JJAS,52.969261169433594,m,z200 anomaly provides upper-level circulation context. Positive anomalies may indicate ridging/subsidence-supporting circulation depending on location.,nmme_rainfall_z200_diagnostics,central_ethiopia,positive_height_anomaly
NMME_z200_anomaly,JJAS,52.77789306640625,m,z200 anomaly provides upper-level circulation context. Positive anomalies may indicate ridging/subsidence-supporting circulation depending on location.,nmme_rainfall_z200_diagnostics,west_ethiopia,positive_height_anomaly
NMME_z200_anomaly,JJAS,53.302734375,m,z200 anomaly provides upper-level circulation context. Positive anomalies may indicate ridging/subsidence-supporting circulation depending on location.,nmme_rainfall_z200_diagnostics,east_ethiopia,positive_height_anomaly
NMME_z200_anomaly,JJAS,50.894508361816406,m,z200 anomaly provides upper-level circulation context. Positive anomalies may indicate ridging/subsidence-supporting circulation depending on location.,nmme_rainfall_z200_diagnostics,greater_horn,positive_height_anomaly
NMME_z200_anomaly,JJAS,52.0394287109375,m,z200 anomaly provides upper-level circulation context. Positive anomalies may indicate ridging/subsidence-supporting circulation depending on location.,nmme_rainfall_z200_diagnostics,east_africa,positive_height_anomaly
NMME_z200_anomaly,JJAS,51.07230758666992,m,z200 anomaly provides upper-level circulation context. Positive anomalies may indicate ridging/subsidence-supporting circulation depending on location.,nmme_rainfall_z200_diagnostics,atlantic_congo_ethiopia,positive_height_anomaly
NMME_z200_anomaly,JJAS,54.07870101928711,m,z200 anomaly provides upper-level circulation context. Positive anomalies may indicate ridging/subsidence-supporting circulation depending on location.,nmme_rainfall_z200_diagnostics,congo_moisture_corridor,positive_height_anomaly
NMME_z200_anomaly,JJAS,53.558570861816406,m,z200 anomaly provides upper-level circulation context. Positive anomalies may indicate ridging/subsidence-supporting circulation depending on location.,nmme_rainfall_z200_diagnostics,western_moisture_entry,positive_height_anomaly
NMME_z200_anomaly,JJAS,53.17885971069336,m,z200 anomaly provides upper-level circulation context. Positive anomalies may indicate ridging/subsidence-supporting circulation depending on location.,nmme_rainfall_z200_diagnostics,western_indian_ocean,positive_height_anomaly
NMME_z200_anomaly,JJAS,46.39841079711914,m,z200 anomaly provides upper-level circulation context. Positive anomalies may indicate ridging/subsidence-supporting circulation depending on location.,nmme_rainfall_z200_diagnostics,arabia_red_sea,positive_height_anomaly
NMME_z200_anomaly,JJAS,42.59611129760742,m,z200 anomaly provides upper-level circulation context. Positive anomalies may indicate ridging/subsidence-supporting circulation depending on location.,nmme_rainfall_z200_diagnostics,north_africa_arabia,positive_height_anomaly
NMME_z200_anomaly,JJAS,50.385005950927734,m,z200 anomaly provides upper-level circulation context. Positive anomalies may indicate ridging/subsidence-supporting circulation depending on location.,nmme_rainfall_z200_diagnostics,tej_core,positive_height_anomaly
NMME_z200_anomaly,JJAS,53.790164947509766,m,z200 anomaly provides upper-level circulation context. Positive anomalies may indicate ridging/subsidence-supporting circulation depending on location.,nmme_rainfall_z200_diagnostics,somali_jet_box,positive_height_anomaly
NMME_z200_anomaly,JJAS,54.583431243896484,m,z200 anomaly provides upper-level circulation context. Positive anomalies may indicate ridging/subsidence-supporting circulation depending on location.,nmme_rainfall_z200_diagnostics,turkana_corridor,positive_height_anomaly
