evidence_group,diagnostic,period,period_label,period_order,domain,value,units,classification,score,evidence_strength,support_direction,confidence,interpretation,source_table,limitation
circulation_baseline,ERA5 TEJ strength climatology,Jun,June 2026,1,tej_core,14.382869242257376,m s**-1,baseline_only,0,neutral_or_mixed,neutral_mixed_or_baseline,high_for_climatology,TEJ strength climatology is from ERA5 1991-2020 climatology. It describes normal Kiremt circulation but does not confirm 2026 anomaly by itself.,era5_tej_index_climatology.csv,Baseline only; not a 2026 forecast anomaly.
circulation_baseline,ERA5 divergence200 climatology,Jun,June 2026,1,arabia_red_sea,-5.626030050473188e-07,s**-1,baseline_only,0,neutral_or_mixed,neutral_mixed_or_baseline,high_for_climatology,divergence200 is from ERA5 1991-2020 climatology. It describes normal Kiremt circulation but does not confirm 2026 anomaly by itself.,era5_vertical_divergence_height_diagnostics.csv,Baseline only; not a 2026 forecast anomaly.
circulation_baseline,ERA5 divergence200 climatology,Jun,June 2026,1,ethiopia,-1.229693986470377e-06,s**-1,baseline_only,0,neutral_or_mixed,neutral_mixed_or_baseline,high_for_climatology,divergence200 is from ERA5 1991-2020 climatology. It describes normal Kiremt circulation but does not confirm 2026 anomaly by itself.,era5_vertical_divergence_height_diagnostics.csv,Baseline only; not a 2026 forecast anomaly.
circulation_baseline,ERA5 divergence200 climatology,Jun,June 2026,1,greater_horn,-5.822870727898359e-07,s**-1,baseline_only,0,neutral_or_mixed,neutral_mixed_or_baseline,high_for_climatology,divergence200 is from ERA5 1991-2020 climatology. It describes normal Kiremt circulation but does not confirm 2026 anomaly by itself.,era5_vertical_divergence_height_diagnostics.csv,Baseline only; not a 2026 forecast anomaly.
circulation_baseline,ERA5 divergence200 climatology,Jun,June 2026,1,north_africa_arabia,-9.70028714289416e-07,s**-1,baseline_only,0,neutral_or_mixed,neutral_mixed_or_baseline,high_for_climatology,divergence200 is from ERA5 1991-2020 climatology. It describes normal Kiremt circulation but does not confirm 2026 anomaly by itself.,era5_vertical_divergence_height_diagnostics.csv,Baseline only; not a 2026 forecast anomaly.
circulation_baseline,ERA5 mfc850 climatology,Jun,June 2026,1,congo_moisture_corridor,1.0849996274523716e-08,kg kg-1 s-1 approximately,baseline_only,0,neutral_or_mixed,neutral_mixed_or_baseline,high_for_climatology,mfc850 is from ERA5 1991-2020 climatology. It describes normal Kiremt circulation but does not confirm 2026 anomaly by itself.,era5_850hpa_moisture_flux_diagnostics.csv,Baseline only; not a 2026 forecast anomaly.
circulation_baseline,ERA5 mfc850 climatology,Jun,June 2026,1,ethiopia,1.6314964027514647e-08,kg kg-1 s-1 approximately,baseline_only,0,neutral_or_mixed,neutral_mixed_or_baseline,high_for_climatology,mfc850 is from ERA5 1991-2020 climatology. It describes normal Kiremt circulation but does not confirm 2026 anomaly by itself.,era5_850hpa_moisture_flux_diagnostics.csv,Baseline only; not a 2026 forecast anomaly.
circulation_baseline,ERA5 mfc850 climatology,Jun,June 2026,1,greater_horn,5.665506088649996e-10,kg kg-1 s-1 approximately,baseline_only,0,neutral_or_mixed,neutral_mixed_or_baseline,high_for_climatology,mfc850 is from ERA5 1991-2020 climatology. It describes normal Kiremt circulation but does not confirm 2026 anomaly by itself.,era5_850hpa_moisture_flux_diagnostics.csv,Baseline only; not a 2026 forecast anomaly.
circulation_baseline,ERA5 mfc850 climatology,Jun,June 2026,1,western_moisture_entry,1.3402588988745524e-08,kg kg-1 s-1 approximately,baseline_only,0,neutral_or_mixed,neutral_mixed_or_baseline,high_for_climatology,mfc850 is from ERA5 1991-2020 climatology. It describes normal Kiremt circulation but does not confirm 2026 anomaly by itself.,era5_850hpa_moisture_flux_diagnostics.csv,Baseline only; not a 2026 forecast anomaly.
circulation_baseline,ERA5 omega500 climatology,Jun,June 2026,1,arabia_red_sea,0.0057750960212573,Pa s**-1,baseline_only,0,neutral_or_mixed,neutral_mixed_or_baseline,high_for_climatology,omega500 is from ERA5 1991-2020 climatology. It describes normal Kiremt circulation but does not confirm 2026 anomaly by itself.,era5_vertical_divergence_height_diagnostics.csv,Baseline only; not a 2026 forecast anomaly.
circulation_baseline,ERA5 omega500 climatology,Jun,June 2026,1,ethiopia,-0.0186295593885048,Pa s**-1,baseline_only,0,neutral_or_mixed,neutral_mixed_or_baseline,high_for_climatology,omega500 is from ERA5 1991-2020 climatology. It describes normal Kiremt circulation but does not confirm 2026 anomaly by itself.,era5_vertical_divergence_height_diagnostics.csv,Baseline only; not a 2026 forecast anomaly.
circulation_baseline,ERA5 omega500 climatology,Jun,June 2026,1,greater_horn,0.0070385716542677,Pa s**-1,baseline_only,0,neutral_or_mixed,neutral_mixed_or_baseline,high_for_climatology,omega500 is from ERA5 1991-2020 climatology. It describes normal Kiremt circulation but does not confirm 2026 anomaly by itself.,era5_vertical_divergence_height_diagnostics.csv,Baseline only; not a 2026 forecast anomaly.
circulation_baseline,ERA5 omega500 climatology,Jun,June 2026,1,north_africa_arabia,0.0196927282572538,Pa s**-1,baseline_only,0,neutral_or_mixed,neutral_mixed_or_baseline,high_for_climatology,omega500 is from ERA5 1991-2020 climatology. It describes normal Kiremt circulation but does not confirm 2026 anomaly by itself.,era5_vertical_divergence_height_diagnostics.csv,Baseline only; not a 2026 forecast anomaly.
circulation_baseline,ERA5 omega700 climatology,Jun,June 2026,1,arabia_red_sea,-0.0278802445668463,Pa s**-1,baseline_only,0,neutral_or_mixed,neutral_mixed_or_baseline,high_for_climatology,omega700 is from ERA5 1991-2020 climatology. It describes normal Kiremt circulation but does not confirm 2026 anomaly by itself.,era5_vertical_divergence_height_diagnostics.csv,Baseline only; not a 2026 forecast anomaly.
circulation_baseline,ERA5 omega700 climatology,Jun,June 2026,1,ethiopia,-0.0475806262846961,Pa s**-1,baseline_only,0,neutral_or_mixed,neutral_mixed_or_baseline,high_for_climatology,omega700 is from ERA5 1991-2020 climatology. It describes normal Kiremt circulation but does not confirm 2026 anomaly by itself.,era5_vertical_divergence_height_diagnostics.csv,Baseline only; not a 2026 forecast anomaly.
circulation_baseline,ERA5 omega700 climatology,Jun,June 2026,1,greater_horn,-0.0050631348027532,Pa s**-1,baseline_only,0,neutral_or_mixed,neutral_mixed_or_baseline,high_for_climatology,omega700 is from ERA5 1991-2020 climatology. It describes normal Kiremt circulation but does not confirm 2026 anomaly by itself.,era5_vertical_divergence_height_diagnostics.csv,Baseline only; not a 2026 forecast anomaly.
circulation_baseline,ERA5 omega700 climatology,Jun,June 2026,1,north_africa_arabia,-0.0054444192425468,Pa s**-1,baseline_only,0,neutral_or_mixed,neutral_mixed_or_baseline,high_for_climatology,omega700 is from ERA5 1991-2020 climatology. It describes normal Kiremt circulation but does not confirm 2026 anomaly by itself.,era5_vertical_divergence_height_diagnostics.csv,Baseline only; not a 2026 forecast anomaly.
circulation_baseline,ERA5 qu850 climatology,Jun,June 2026,1,congo_moisture_corridor,0.0029692399587288,kg kg-1 m s-1,baseline_only,0,neutral_or_mixed,neutral_mixed_or_baseline,high_for_climatology,qu850 is from ERA5 1991-2020 climatology. It describes normal Kiremt circulation but does not confirm 2026 anomaly by itself.,era5_850hpa_moisture_flux_diagnostics.csv,Baseline only; not a 2026 forecast anomaly.
circulation_baseline,ERA5 qu850 climatology,Jun,June 2026,1,ethiopia,0.0297100945738296,kg kg-1 m s-1,baseline_only,0,neutral_or_mixed,neutral_mixed_or_baseline,high_for_climatology,qu850 is from ERA5 1991-2020 climatology. It describes normal Kiremt circulation but does not confirm 2026 anomaly by itself.,era5_850hpa_moisture_flux_diagnostics.csv,Baseline only; not a 2026 forecast anomaly.
circulation_baseline,ERA5 qu850 climatology,Jun,June 2026,1,greater_horn,0.0013215765809669,kg kg-1 m s-1,baseline_only,0,neutral_or_mixed,neutral_mixed_or_baseline,high_for_climatology,qu850 is from ERA5 1991-2020 climatology. It describes normal Kiremt circulation but does not confirm 2026 anomaly by itself.,era5_850hpa_moisture_flux_diagnostics.csv,Baseline only; not a 2026 forecast anomaly.
circulation_baseline,ERA5 qu850 climatology,Jun,June 2026,1,western_moisture_entry,0.0122167947062938,kg kg-1 m s-1,baseline_only,0,neutral_or_mixed,neutral_mixed_or_baseline,high_for_climatology,qu850 is from ERA5 1991-2020 climatology. It describes normal Kiremt circulation but does not confirm 2026 anomaly by itself.,era5_850hpa_moisture_flux_diagnostics.csv,Baseline only; not a 2026 forecast anomaly.
circulation_baseline,ERA5 qv850 climatology,Jun,June 2026,1,congo_moisture_corridor,0.0200881202099065,kg kg-1 m s-1,baseline_only,0,neutral_or_mixed,neutral_mixed_or_baseline,high_for_climatology,qv850 is from ERA5 1991-2020 climatology. It describes normal Kiremt circulation but does not confirm 2026 anomaly by itself.,era5_850hpa_moisture_flux_diagnostics.csv,Baseline only; not a 2026 forecast anomaly.
circulation_baseline,ERA5 qv850 climatology,Jun,June 2026,1,ethiopia,0.0396153475358776,kg kg-1 m s-1,baseline_only,0,neutral_or_mixed,neutral_mixed_or_baseline,high_for_climatology,qv850 is from ERA5 1991-2020 climatology. It describes normal Kiremt circulation but does not confirm 2026 anomaly by itself.,era5_850hpa_moisture_flux_diagnostics.csv,Baseline only; not a 2026 forecast anomaly.
circulation_baseline,ERA5 qv850 climatology,Jun,June 2026,1,greater_horn,0.0292989389850945,kg kg-1 m s-1,baseline_only,0,neutral_or_mixed,neutral_mixed_or_baseline,high_for_climatology,qv850 is from ERA5 1991-2020 climatology. It describes normal Kiremt circulation but does not confirm 2026 anomaly by itself.,era5_850hpa_moisture_flux_diagnostics.csv,Baseline only; not a 2026 forecast anomaly.
circulation_baseline,ERA5 qv850 climatology,Jun,June 2026,1,western_moisture_entry,0.0260190190174837,kg kg-1 m s-1,baseline_only,0,neutral_or_mixed,neutral_mixed_or_baseline,high_for_climatology,qv850 is from ERA5 1991-2020 climatology. It describes normal Kiremt circulation but does not confirm 2026 anomaly by itself.,era5_850hpa_moisture_flux_diagnostics.csv,Baseline only; not a 2026 forecast anomaly.
circulation_baseline,ERA5 wind_speed850 climatology,Jun,June 2026,1,congo_moisture_corridor,2.5499597173683264,m s**-1,baseline_only,0,neutral_or_mixed,neutral_mixed_or_baseline,high_for_climatology,wind_speed850 is from ERA5 1991-2020 climatology. It describes normal Kiremt circulation but does not confirm 2026 anomaly by itself.,era5_850hpa_moisture_flux_diagnostics.csv,Baseline only; not a 2026 forecast anomaly.
circulation_baseline,ERA5 wind_speed850 climatology,Jun,June 2026,1,ethiopia,6.264500310591341,m s**-1,baseline_only,0,neutral_or_mixed,neutral_mixed_or_baseline,high_for_climatology,wind_speed850 is from ERA5 1991-2020 climatology. It describes normal Kiremt circulation but does not confirm 2026 anomaly by itself.,era5_850hpa_moisture_flux_diagnostics.csv,Baseline only; not a 2026 forecast anomaly.
circulation_baseline,ERA5 wind_speed850 climatology,Jun,June 2026,1,greater_horn,6.218188422850244,m s**-1,baseline_only,0,neutral_or_mixed,neutral_mixed_or_baseline,high_for_climatology,wind_speed850 is from ERA5 1991-2020 climatology. It describes normal Kiremt circulation but does not confirm 2026 anomaly by itself.,era5_850hpa_moisture_flux_diagnostics.csv,Baseline only; not a 2026 forecast anomaly.
circulation_baseline,ERA5 wind_speed850 climatology,Jun,June 2026,1,western_moisture_entry,2.895638798442488,m s**-1,baseline_only,0,neutral_or_mixed,neutral_mixed_or_baseline,high_for_climatology,wind_speed850 is from ERA5 1991-2020 climatology. It describes normal Kiremt circulation but does not confirm 2026 anomaly by itself.,era5_850hpa_moisture_flux_diagnostics.csv,Baseline only; not a 2026 forecast anomaly.
circulation_baseline,ERA5 z200 climatology,Jun,June 2026,1,arabia_red_sea,12483.46792215492,m,baseline_only,0,neutral_or_mixed,neutral_mixed_or_baseline,high_for_climatology,z200 is from ERA5 1991-2020 climatology. It describes normal Kiremt circulation but does not confirm 2026 anomaly by itself.,era5_vertical_divergence_height_diagnostics.csv,Baseline only; not a 2026 forecast anomaly.
circulation_baseline,ERA5 z200 climatology,Jun,June 2026,1,ethiopia,12442.076433051265,m,baseline_only,0,neutral_or_mixed,neutral_mixed_or_baseline,high_for_climatology,z200 is from ERA5 1991-2020 climatology. It describes normal Kiremt circulation but does not confirm 2026 anomaly by itself.,era5_vertical_divergence_height_diagnostics.csv,Baseline only; not a 2026 forecast anomaly.
circulation_baseline,ERA5 z200 climatology,Jun,June 2026,1,greater_horn,12443.560515546858,m,baseline_only,0,neutral_or_mixed,neutral_mixed_or_baseline,high_for_climatology,z200 is from ERA5 1991-2020 climatology. It describes normal Kiremt circulation but does not confirm 2026 anomaly by itself.,era5_vertical_divergence_height_diagnostics.csv,Baseline only; not a 2026 forecast anomaly.
circulation_baseline,ERA5 z200 climatology,Jun,June 2026,1,north_africa_arabia,12443.40301452266,m,baseline_only,0,neutral_or_mixed,neutral_mixed_or_baseline,high_for_climatology,z200 is from ERA5 1991-2020 climatology. It describes normal Kiremt circulation but does not confirm 2026 anomaly by itself.,era5_vertical_divergence_height_diagnostics.csv,Baseline only; not a 2026 forecast anomaly.
circulation_baseline,ERA5 z500 climatology,Jun,June 2026,1,arabia_red_sea,5878.16575117815,m,baseline_only,0,neutral_or_mixed,neutral_mixed_or_baseline,high_for_climatology,z500 is from ERA5 1991-2020 climatology. It describes normal Kiremt circulation but does not confirm 2026 anomaly by itself.,era5_vertical_divergence_height_diagnostics.csv,Baseline only; not a 2026 forecast anomaly.
circulation_baseline,ERA5 z500 climatology,Jun,June 2026,1,ethiopia,5874.503758989358,m,baseline_only,0,neutral_or_mixed,neutral_mixed_or_baseline,high_for_climatology,z500 is from ERA5 1991-2020 climatology. It describes normal Kiremt circulation but does not confirm 2026 anomaly by itself.,era5_vertical_divergence_height_diagnostics.csv,Baseline only; not a 2026 forecast anomaly.
circulation_baseline,ERA5 z500 climatology,Jun,June 2026,1,greater_horn,5875.584097097581,m,baseline_only,0,neutral_or_mixed,neutral_mixed_or_baseline,high_for_climatology,z500 is from ERA5 1991-2020 climatology. It describes normal Kiremt circulation but does not confirm 2026 anomaly by itself.,era5_vertical_divergence_height_diagnostics.csv,Baseline only; not a 2026 forecast anomaly.
circulation_baseline,ERA5 z500 climatology,Jun,June 2026,1,north_africa_arabia,5878.098173799232,m,baseline_only,0,neutral_or_mixed,neutral_mixed_or_baseline,high_for_climatology,z500 is from ERA5 1991-2020 climatology. It describes normal Kiremt circulation but does not confirm 2026 anomaly by itself.,era5_vertical_divergence_height_diagnostics.csv,Baseline only; not a 2026 forecast anomaly.
ocean_driver,DMI / IOD proxy from NMME tmpsfc,Jun,June 2026,1,iod_west_minus_iod_east,0.0303340852260589,K,iod_neutral_or_weak,0,neutral_or_mixed,neutral_mixed_or_baseline,low_to_moderate,IOD signal is neutral or weak.,nmme_sst_driver_diagnostics_from_tmpsfc.csv,IOD influence on Ethiopia Kiremt can be spatially mixed; use official DMI products where possible.
ocean_driver,Niño3.4 SST anomaly proxy from NMME tmpsfc,Jun,June 2026,1,nino34_box,1.0088821649551392,K,el_nino_like,1,moderate_dry_support,supports_dry_kiremt,moderate,El Niño-like SST forcing; supports dry-risk for Ethiopia Kiremt.,nmme_sst_driver_diagnostics_from_tmpsfc.csv,"Computed from NMME tmpsfc anomaly as an SST proxy, not an official Niño3.4 index product."
rainfall_forecast,NMME precipitation anomaly,Jun,June 2026,1,central_ethiopia,-25.71006774902344,mm/month,moderate_below_normal,1,moderate_dry_support,supports_dry_kiremt,moderate,Moderate monthly rainfall deficit signal.,nmme_rainfall_z200_diagnostics.csv,Direct NMME ensemble-mean anomaly; does not show probability or model agreement.
rainfall_forecast,NMME precipitation anomaly,Jun,June 2026,1,east_ethiopia,-14.941167831420898,mm/month,weak_below_normal,1,moderate_dry_support,supports_dry_kiremt,moderate,Weak monthly rainfall deficit signal.,nmme_rainfall_z200_diagnostics.csv,Direct NMME ensemble-mean anomaly; does not show probability or model agreement.
rainfall_forecast,NMME precipitation anomaly,Jun,June 2026,1,ethiopia,-15.69118595123291,mm/month,weak_below_normal,1,moderate_dry_support,supports_dry_kiremt,moderate,Weak monthly rainfall deficit signal.,nmme_rainfall_z200_diagnostics.csv,Direct NMME ensemble-mean anomaly; does not show probability or model agreement.
rainfall_forecast,NMME precipitation anomaly,Jun,June 2026,1,greater_horn,-11.14507007598877,mm/month,weak_below_normal,1,moderate_dry_support,supports_dry_kiremt,moderate,Weak monthly rainfall deficit signal.,nmme_rainfall_z200_diagnostics.csv,Direct NMME ensemble-mean anomaly; does not show probability or model agreement.
rainfall_forecast,NMME precipitation anomaly,Jun,June 2026,1,north_ethiopia,-12.926945686340332,mm/month,weak_below_normal,1,moderate_dry_support,supports_dry_kiremt,moderate,Weak monthly rainfall deficit signal.,nmme_rainfall_z200_diagnostics.csv,Direct NMME ensemble-mean anomaly; does not show probability or model agreement.
rainfall_forecast,NMME precipitation anomaly,Jun,June 2026,1,west_ethiopia,-14.751564025878906,mm/month,weak_below_normal,1,moderate_dry_support,supports_dry_kiremt,moderate,Weak monthly rainfall deficit signal.,nmme_rainfall_z200_diagnostics.csv,Direct NMME ensemble-mean anomaly; does not show probability or model agreement.
upper_level_circulation,NMME z200 anomaly,Jun,June 2026,1,arabia_red_sea,43.9582633972168,m,positive_height_anomaly,1,moderate_dry_support,supports_dry_kiremt,low_to_moderate,Positive z200 anomaly may suggest ridging/subsidence-supporting circulation.,nmme_rainfall_z200_diagnostics.csv,"z200 alone is not sufficient; interpret together with u200, divergence, omega, and rainfall."
upper_level_circulation,NMME z200 anomaly,Jun,June 2026,1,east_africa,42.075828552246094,m,positive_height_anomaly,1,moderate_dry_support,supports_dry_kiremt,low_to_moderate,Positive z200 anomaly may suggest ridging/subsidence-supporting circulation.,nmme_rainfall_z200_diagnostics.csv,"z200 alone is not sufficient; interpret together with u200, divergence, omega, and rainfall."
upper_level_circulation,NMME z200 anomaly,Jun,June 2026,1,ethiopia,42.81846618652344,m,positive_height_anomaly,1,moderate_dry_support,supports_dry_kiremt,low_to_moderate,Positive z200 anomaly may suggest ridging/subsidence-supporting circulation.,nmme_rainfall_z200_diagnostics.csv,"z200 alone is not sufficient; interpret together with u200, divergence, omega, and rainfall."
upper_level_circulation,NMME z200 anomaly,Jun,June 2026,1,greater_horn,41.7053108215332,m,positive_height_anomaly,1,moderate_dry_support,supports_dry_kiremt,low_to_moderate,Positive z200 anomaly may suggest ridging/subsidence-supporting circulation.,nmme_rainfall_z200_diagnostics.csv,"z200 alone is not sufficient; interpret together with u200, divergence, omega, and rainfall."
upper_level_circulation,NMME z200 anomaly,Jun,June 2026,1,north_africa_arabia,38.907676696777344,m,positive_height_anomaly,1,moderate_dry_support,supports_dry_kiremt,low_to_moderate,Positive z200 anomaly may suggest ridging/subsidence-supporting circulation.,nmme_rainfall_z200_diagnostics.csv,"z200 alone is not sufficient; interpret together with u200, divergence, omega, and rainfall."
circulation_baseline,ERA5 TEJ strength climatology,Jul,July 2026,2,tej_core,19.84536803014227,m s**-1,baseline_only,0,neutral_or_mixed,neutral_mixed_or_baseline,high_for_climatology,TEJ strength climatology is from ERA5 1991-2020 climatology. It describes normal Kiremt circulation but does not confirm 2026 anomaly by itself.,era5_tej_index_climatology.csv,Baseline only; not a 2026 forecast anomaly.
circulation_baseline,ERA5 divergence200 climatology,Jul,July 2026,2,arabia_red_sea,-2.360226183625667e-07,s**-1,baseline_only,0,neutral_or_mixed,neutral_mixed_or_baseline,high_for_climatology,divergence200 is from ERA5 1991-2020 climatology. It describes normal Kiremt circulation but does not confirm 2026 anomaly by itself.,era5_vertical_divergence_height_diagnostics.csv,Baseline only; not a 2026 forecast anomaly.
circulation_baseline,ERA5 divergence200 climatology,Jul,July 2026,2,ethiopia,-3.581771402497405e-07,s**-1,baseline_only,0,neutral_or_mixed,neutral_mixed_or_baseline,high_for_climatology,divergence200 is from ERA5 1991-2020 climatology. It describes normal Kiremt circulation but does not confirm 2026 anomaly by itself.,era5_vertical_divergence_height_diagnostics.csv,Baseline only; not a 2026 forecast anomaly.
circulation_baseline,ERA5 divergence200 climatology,Jul,July 2026,2,greater_horn,-5.462492932944533e-07,s**-1,baseline_only,0,neutral_or_mixed,neutral_mixed_or_baseline,high_for_climatology,divergence200 is from ERA5 1991-2020 climatology. It describes normal Kiremt circulation but does not confirm 2026 anomaly by itself.,era5_vertical_divergence_height_diagnostics.csv,Baseline only; not a 2026 forecast anomaly.
circulation_baseline,ERA5 divergence200 climatology,Jul,July 2026,2,north_africa_arabia,-3.4222552587428685e-07,s**-1,baseline_only,0,neutral_or_mixed,neutral_mixed_or_baseline,high_for_climatology,divergence200 is from ERA5 1991-2020 climatology. It describes normal Kiremt circulation but does not confirm 2026 anomaly by itself.,era5_vertical_divergence_height_diagnostics.csv,Baseline only; not a 2026 forecast anomaly.
circulation_baseline,ERA5 mfc850 climatology,Jul,July 2026,2,congo_moisture_corridor,1.2920285023214024e-08,kg kg-1 s-1 approximately,baseline_only,0,neutral_or_mixed,neutral_mixed_or_baseline,high_for_climatology,mfc850 is from ERA5 1991-2020 climatology. It describes normal Kiremt circulation but does not confirm 2026 anomaly by itself.,era5_850hpa_moisture_flux_diagnostics.csv,Baseline only; not a 2026 forecast anomaly.
circulation_baseline,ERA5 mfc850 climatology,Jul,July 2026,2,ethiopia,7.097439548807148e-09,kg kg-1 s-1 approximately,baseline_only,0,neutral_or_mixed,neutral_mixed_or_baseline,high_for_climatology,mfc850 is from ERA5 1991-2020 climatology. It describes normal Kiremt circulation but does not confirm 2026 anomaly by itself.,era5_850hpa_moisture_flux_diagnostics.csv,Baseline only; not a 2026 forecast anomaly.
circulation_baseline,ERA5 mfc850 climatology,Jul,July 2026,2,greater_horn,2.1210609535669848e-09,kg kg-1 s-1 approximately,baseline_only,0,neutral_or_mixed,neutral_mixed_or_baseline,high_for_climatology,mfc850 is from ERA5 1991-2020 climatology. It describes normal Kiremt circulation but does not confirm 2026 anomaly by itself.,era5_850hpa_moisture_flux_diagnostics.csv,Baseline only; not a 2026 forecast anomaly.
circulation_baseline,ERA5 mfc850 climatology,Jul,July 2026,2,western_moisture_entry,8.781335754311556e-09,kg kg-1 s-1 approximately,baseline_only,0,neutral_or_mixed,neutral_mixed_or_baseline,high_for_climatology,mfc850 is from ERA5 1991-2020 climatology. It describes normal Kiremt circulation but does not confirm 2026 anomaly by itself.,era5_850hpa_moisture_flux_diagnostics.csv,Baseline only; not a 2026 forecast anomaly.
circulation_baseline,ERA5 omega500 climatology,Jul,July 2026,2,arabia_red_sea,-0.0093218148473478,Pa s**-1,baseline_only,0,neutral_or_mixed,neutral_mixed_or_baseline,high_for_climatology,omega500 is from ERA5 1991-2020 climatology. It describes normal Kiremt circulation but does not confirm 2026 anomaly by itself.,era5_vertical_divergence_height_diagnostics.csv,Baseline only; not a 2026 forecast anomaly.
circulation_baseline,ERA5 omega500 climatology,Jul,July 2026,2,ethiopia,-0.0342398304405595,Pa s**-1,baseline_only,0,neutral_or_mixed,neutral_mixed_or_baseline,high_for_climatology,omega500 is from ERA5 1991-2020 climatology. It describes normal Kiremt circulation but does not confirm 2026 anomaly by itself.,era5_vertical_divergence_height_diagnostics.csv,Baseline only; not a 2026 forecast anomaly.
circulation_baseline,ERA5 omega500 climatology,Jul,July 2026,2,greater_horn,0.0012197104375305,Pa s**-1,baseline_only,0,neutral_or_mixed,neutral_mixed_or_baseline,high_for_climatology,omega500 is from ERA5 1991-2020 climatology. It describes normal Kiremt circulation but does not confirm 2026 anomaly by itself.,era5_vertical_divergence_height_diagnostics.csv,Baseline only; not a 2026 forecast anomaly.
circulation_baseline,ERA5 omega500 climatology,Jul,July 2026,2,north_africa_arabia,0.0069806180998667,Pa s**-1,baseline_only,0,neutral_or_mixed,neutral_mixed_or_baseline,high_for_climatology,omega500 is from ERA5 1991-2020 climatology. It describes normal Kiremt circulation but does not confirm 2026 anomaly by itself.,era5_vertical_divergence_height_diagnostics.csv,Baseline only; not a 2026 forecast anomaly.
circulation_baseline,ERA5 omega700 climatology,Jul,July 2026,2,arabia_red_sea,-0.0405522604460068,Pa s**-1,baseline_only,0,neutral_or_mixed,neutral_mixed_or_baseline,high_for_climatology,omega700 is from ERA5 1991-2020 climatology. It describes normal Kiremt circulation but does not confirm 2026 anomaly by itself.,era5_vertical_divergence_height_diagnostics.csv,Baseline only; not a 2026 forecast anomaly.
circulation_baseline,ERA5 omega700 climatology,Jul,July 2026,2,ethiopia,-0.0381764765957205,Pa s**-1,baseline_only,0,neutral_or_mixed,neutral_mixed_or_baseline,high_for_climatology,omega700 is from ERA5 1991-2020 climatology. It describes normal Kiremt circulation but does not confirm 2026 anomaly by itself.,era5_vertical_divergence_height_diagnostics.csv,Baseline only; not a 2026 forecast anomaly.
circulation_baseline,ERA5 omega700 climatology,Jul,July 2026,2,greater_horn,-0.0074394948646964,Pa s**-1,baseline_only,0,neutral_or_mixed,neutral_mixed_or_baseline,high_for_climatology,omega700 is from ERA5 1991-2020 climatology. It describes normal Kiremt circulation but does not confirm 2026 anomaly by itself.,era5_vertical_divergence_height_diagnostics.csv,Baseline only; not a 2026 forecast anomaly.
circulation_baseline,ERA5 omega700 climatology,Jul,July 2026,2,north_africa_arabia,-0.0122928075018801,Pa s**-1,baseline_only,0,neutral_or_mixed,neutral_mixed_or_baseline,high_for_climatology,omega700 is from ERA5 1991-2020 climatology. It describes normal Kiremt circulation but does not confirm 2026 anomaly by itself.,era5_vertical_divergence_height_diagnostics.csv,Baseline only; not a 2026 forecast anomaly.
circulation_baseline,ERA5 qu850 climatology,Jul,July 2026,2,congo_moisture_corridor,0.0111101260382293,kg kg-1 m s-1,baseline_only,0,neutral_or_mixed,neutral_mixed_or_baseline,high_for_climatology,qu850 is from ERA5 1991-2020 climatology. It describes normal Kiremt circulation but does not confirm 2026 anomaly by itself.,era5_850hpa_moisture_flux_diagnostics.csv,Baseline only; not a 2026 forecast anomaly.
circulation_baseline,ERA5 qu850 climatology,Jul,July 2026,2,ethiopia,0.0372761824103889,kg kg-1 m s-1,baseline_only,0,neutral_or_mixed,neutral_mixed_or_baseline,high_for_climatology,qu850 is from ERA5 1991-2020 climatology. It describes normal Kiremt circulation but does not confirm 2026 anomaly by itself.,era5_850hpa_moisture_flux_diagnostics.csv,Baseline only; not a 2026 forecast anomaly.
circulation_baseline,ERA5 qu850 climatology,Jul,July 2026,2,greater_horn,0.0082882540020743,kg kg-1 m s-1,baseline_only,0,neutral_or_mixed,neutral_mixed_or_baseline,high_for_climatology,qu850 is from ERA5 1991-2020 climatology. It describes normal Kiremt circulation but does not confirm 2026 anomaly by itself.,era5_850hpa_moisture_flux_diagnostics.csv,Baseline only; not a 2026 forecast anomaly.
circulation_baseline,ERA5 qu850 climatology,Jul,July 2026,2,western_moisture_entry,0.0203752566530054,kg kg-1 m s-1,baseline_only,0,neutral_or_mixed,neutral_mixed_or_baseline,high_for_climatology,qu850 is from ERA5 1991-2020 climatology. It describes normal Kiremt circulation but does not confirm 2026 anomaly by itself.,era5_850hpa_moisture_flux_diagnostics.csv,Baseline only; not a 2026 forecast anomaly.
circulation_baseline,ERA5 qv850 climatology,Jul,July 2026,2,congo_moisture_corridor,0.0157365677423988,kg kg-1 m s-1,baseline_only,0,neutral_or_mixed,neutral_mixed_or_baseline,high_for_climatology,qv850 is from ERA5 1991-2020 climatology. It describes normal Kiremt circulation but does not confirm 2026 anomaly by itself.,era5_850hpa_moisture_flux_diagnostics.csv,Baseline only; not a 2026 forecast anomaly.
circulation_baseline,ERA5 qv850 climatology,Jul,July 2026,2,ethiopia,0.0413842084021816,kg kg-1 m s-1,baseline_only,0,neutral_or_mixed,neutral_mixed_or_baseline,high_for_climatology,qv850 is from ERA5 1991-2020 climatology. It describes normal Kiremt circulation but does not confirm 2026 anomaly by itself.,era5_850hpa_moisture_flux_diagnostics.csv,Baseline only; not a 2026 forecast anomaly.
circulation_baseline,ERA5 qv850 climatology,Jul,July 2026,2,greater_horn,0.0298567816225571,kg kg-1 m s-1,baseline_only,0,neutral_or_mixed,neutral_mixed_or_baseline,high_for_climatology,qv850 is from ERA5 1991-2020 climatology. It describes normal Kiremt circulation but does not confirm 2026 anomaly by itself.,era5_850hpa_moisture_flux_diagnostics.csv,Baseline only; not a 2026 forecast anomaly.
circulation_baseline,ERA5 qv850 climatology,Jul,July 2026,2,western_moisture_entry,0.0220657722174513,kg kg-1 m s-1,baseline_only,0,neutral_or_mixed,neutral_mixed_or_baseline,high_for_climatology,qv850 is from ERA5 1991-2020 climatology. It describes normal Kiremt circulation but does not confirm 2026 anomaly by itself.,era5_850hpa_moisture_flux_diagnostics.csv,Baseline only; not a 2026 forecast anomaly.
circulation_baseline,ERA5 wind_speed850 climatology,Jul,July 2026,2,congo_moisture_corridor,2.7307954223787947,m s**-1,baseline_only,0,neutral_or_mixed,neutral_mixed_or_baseline,high_for_climatology,wind_speed850 is from ERA5 1991-2020 climatology. It describes normal Kiremt circulation but does not confirm 2026 anomaly by itself.,era5_850hpa_moisture_flux_diagnostics.csv,Baseline only; not a 2026 forecast anomaly.
circulation_baseline,ERA5 wind_speed850 climatology,Jul,July 2026,2,ethiopia,7.12726854986664,m s**-1,baseline_only,0,neutral_or_mixed,neutral_mixed_or_baseline,high_for_climatology,wind_speed850 is from ERA5 1991-2020 climatology. It describes normal Kiremt circulation but does not confirm 2026 anomaly by itself.,era5_850hpa_moisture_flux_diagnostics.csv,Baseline only; not a 2026 forecast anomaly.
circulation_baseline,ERA5 wind_speed850 climatology,Jul,July 2026,2,greater_horn,6.841995934036357,m s**-1,baseline_only,0,neutral_or_mixed,neutral_mixed_or_baseline,high_for_climatology,wind_speed850 is from ERA5 1991-2020 climatology. It describes normal Kiremt circulation but does not confirm 2026 anomaly by itself.,era5_850hpa_moisture_flux_diagnostics.csv,Baseline only; not a 2026 forecast anomaly.
circulation_baseline,ERA5 wind_speed850 climatology,Jul,July 2026,2,western_moisture_entry,3.1512091543275664,m s**-1,baseline_only,0,neutral_or_mixed,neutral_mixed_or_baseline,high_for_climatology,wind_speed850 is from ERA5 1991-2020 climatology. It describes normal Kiremt circulation but does not confirm 2026 anomaly by itself.,era5_850hpa_moisture_flux_diagnostics.csv,Baseline only; not a 2026 forecast anomaly.
circulation_baseline,ERA5 z200 climatology,Jul,July 2026,2,arabia_red_sea,12502.408211871902,m,baseline_only,0,neutral_or_mixed,neutral_mixed_or_baseline,high_for_climatology,z200 is from ERA5 1991-2020 climatology. It describes normal Kiremt circulation but does not confirm 2026 anomaly by itself.,era5_vertical_divergence_height_diagnostics.csv,Baseline only; not a 2026 forecast anomaly.
circulation_baseline,ERA5 z200 climatology,Jul,July 2026,2,ethiopia,12423.639607590088,m,baseline_only,0,neutral_or_mixed,neutral_mixed_or_baseline,high_for_climatology,z200 is from ERA5 1991-2020 climatology. It describes normal Kiremt circulation but does not confirm 2026 anomaly by itself.,era5_vertical_divergence_height_diagnostics.csv,Baseline only; not a 2026 forecast anomaly.
circulation_baseline,ERA5 z200 climatology,Jul,July 2026,2,greater_horn,12431.985649568076,m,baseline_only,0,neutral_or_mixed,neutral_mixed_or_baseline,high_for_climatology,z200 is from ERA5 1991-2020 climatology. It describes normal Kiremt circulation but does not confirm 2026 anomaly by itself.,era5_vertical_divergence_height_diagnostics.csv,Baseline only; not a 2026 forecast anomaly.
circulation_baseline,ERA5 z200 climatology,Jul,July 2026,2,north_africa_arabia,12494.348439766458,m,baseline_only,0,neutral_or_mixed,neutral_mixed_or_baseline,high_for_climatology,z200 is from ERA5 1991-2020 climatology. It describes normal Kiremt circulation but does not confirm 2026 anomaly by itself.,era5_vertical_divergence_height_diagnostics.csv,Baseline only; not a 2026 forecast anomaly.
circulation_baseline,ERA5 z500 climatology,Jul,July 2026,2,arabia_red_sea,5875.075847148575,m,baseline_only,0,neutral_or_mixed,neutral_mixed_or_baseline,high_for_climatology,z500 is from ERA5 1991-2020 climatology. It describes normal Kiremt circulation but does not confirm 2026 anomaly by itself.,era5_vertical_divergence_height_diagnostics.csv,Baseline only; not a 2026 forecast anomaly.
circulation_baseline,ERA5 z500 climatology,Jul,July 2026,2,ethiopia,5868.635037247624,m,baseline_only,0,neutral_or_mixed,neutral_mixed_or_baseline,high_for_climatology,z500 is from ERA5 1991-2020 climatology. It describes normal Kiremt circulation but does not confirm 2026 anomaly by itself.,era5_vertical_divergence_height_diagnostics.csv,Baseline only; not a 2026 forecast anomaly.
circulation_baseline,ERA5 z500 climatology,Jul,July 2026,2,greater_horn,5869.828050180087,m,baseline_only,0,neutral_or_mixed,neutral_mixed_or_baseline,high_for_climatology,z500 is from ERA5 1991-2020 climatology. It describes normal Kiremt circulation but does not confirm 2026 anomaly by itself.,era5_vertical_divergence_height_diagnostics.csv,Baseline only; not a 2026 forecast anomaly.
circulation_baseline,ERA5 z500 climatology,Jul,July 2026,2,north_africa_arabia,5880.535779332114,m,baseline_only,0,neutral_or_mixed,neutral_mixed_or_baseline,high_for_climatology,z500 is from ERA5 1991-2020 climatology. It describes normal Kiremt circulation but does not confirm 2026 anomaly by itself.,era5_vertical_divergence_height_diagnostics.csv,Baseline only; not a 2026 forecast anomaly.
ocean_driver,DMI / IOD proxy from NMME tmpsfc,Jul,July 2026,2,iod_west_minus_iod_east,0.1543942391872406,K,iod_neutral_or_weak,0,neutral_or_mixed,neutral_mixed_or_baseline,low_to_moderate,IOD signal is neutral or weak.,nmme_sst_driver_diagnostics_from_tmpsfc.csv,IOD influence on Ethiopia Kiremt can be spatially mixed; use official DMI products where possible.
ocean_driver,Niño3.4 SST anomaly proxy from NMME tmpsfc,Jul,July 2026,2,nino34_box,1.4020531177520752,K,el_nino_like,1,moderate_dry_support,supports_dry_kiremt,moderate,El Niño-like SST forcing; supports dry-risk for Ethiopia Kiremt.,nmme_sst_driver_diagnostics_from_tmpsfc.csv,"Computed from NMME tmpsfc anomaly as an SST proxy, not an official Niño3.4 index product."
rainfall_forecast,NMME precipitation anomaly,Jul,July 2026,2,central_ethiopia,-8.147616386413574,mm/month,near_normal,0,neutral_or_mixed,neutral_mixed_or_baseline,moderate,Near-normal monthly rainfall anomaly.,nmme_rainfall_z200_diagnostics.csv,Direct NMME ensemble-mean anomaly; does not show probability or model agreement.
rainfall_forecast,NMME precipitation anomaly,Jul,July 2026,2,east_ethiopia,-6.676438808441162,mm/month,near_normal,0,neutral_or_mixed,neutral_mixed_or_baseline,moderate,Near-normal monthly rainfall anomaly.,nmme_rainfall_z200_diagnostics.csv,Direct NMME ensemble-mean anomaly; does not show probability or model agreement.
rainfall_forecast,NMME precipitation anomaly,Jul,July 2026,2,ethiopia,-8.790461540222168,mm/month,near_normal,0,neutral_or_mixed,neutral_mixed_or_baseline,moderate,Near-normal monthly rainfall anomaly.,nmme_rainfall_z200_diagnostics.csv,Direct NMME ensemble-mean anomaly; does not show probability or model agreement.
rainfall_forecast,NMME precipitation anomaly,Jul,July 2026,2,greater_horn,-7.298348903656006,mm/month,near_normal,0,neutral_or_mixed,neutral_mixed_or_baseline,moderate,Near-normal monthly rainfall anomaly.,nmme_rainfall_z200_diagnostics.csv,Direct NMME ensemble-mean anomaly; does not show probability or model agreement.
rainfall_forecast,NMME precipitation anomaly,Jul,July 2026,2,north_ethiopia,-0.9921156764030457,mm/month,near_normal,0,neutral_or_mixed,neutral_mixed_or_baseline,moderate,Near-normal monthly rainfall anomaly.,nmme_rainfall_z200_diagnostics.csv,Direct NMME ensemble-mean anomaly; does not show probability or model agreement.
rainfall_forecast,NMME precipitation anomaly,Jul,July 2026,2,west_ethiopia,-12.105708122253418,mm/month,weak_below_normal,1,moderate_dry_support,supports_dry_kiremt,moderate,Weak monthly rainfall deficit signal.,nmme_rainfall_z200_diagnostics.csv,Direct NMME ensemble-mean anomaly; does not show probability or model agreement.
upper_level_circulation,NMME z200 anomaly,Jul,July 2026,2,arabia_red_sea,39.65713882446289,m,positive_height_anomaly,1,moderate_dry_support,supports_dry_kiremt,low_to_moderate,Positive z200 anomaly may suggest ridging/subsidence-supporting circulation.,nmme_rainfall_z200_diagnostics.csv,"z200 alone is not sufficient; interpret together with u200, divergence, omega, and rainfall."
upper_level_circulation,NMME z200 anomaly,Jul,July 2026,2,east_africa,50.35972595214844,m,positive_height_anomaly,1,moderate_dry_support,supports_dry_kiremt,low_to_moderate,Positive z200 anomaly may suggest ridging/subsidence-supporting circulation.,nmme_rainfall_z200_diagnostics.csv,"z200 alone is not sufficient; interpret together with u200, divergence, omega, and rainfall."
upper_level_circulation,NMME z200 anomaly,Jul,July 2026,2,ethiopia,51.259090423583984,m,positive_height_anomaly,1,moderate_dry_support,supports_dry_kiremt,low_to_moderate,Positive z200 anomaly may suggest ridging/subsidence-supporting circulation.,nmme_rainfall_z200_diagnostics.csv,"z200 alone is not sufficient; interpret together with u200, divergence, omega, and rainfall."
upper_level_circulation,NMME z200 anomaly,Jul,July 2026,2,greater_horn,48.52931594848633,m,positive_height_anomaly,1,moderate_dry_support,supports_dry_kiremt,low_to_moderate,Positive z200 anomaly may suggest ridging/subsidence-supporting circulation.,nmme_rainfall_z200_diagnostics.csv,"z200 alone is not sufficient; interpret together with u200, divergence, omega, and rainfall."
upper_level_circulation,NMME z200 anomaly,Jul,July 2026,2,north_africa_arabia,34.529876708984375,m,positive_height_anomaly,1,moderate_dry_support,supports_dry_kiremt,low_to_moderate,Positive z200 anomaly may suggest ridging/subsidence-supporting circulation.,nmme_rainfall_z200_diagnostics.csv,"z200 alone is not sufficient; interpret together with u200, divergence, omega, and rainfall."
circulation_baseline,ERA5 TEJ strength climatology,Aug,August 2026,3,tej_core,18.94883529319876,m s**-1,baseline_only,0,neutral_or_mixed,neutral_mixed_or_baseline,high_for_climatology,TEJ strength climatology is from ERA5 1991-2020 climatology. It describes normal Kiremt circulation but does not confirm 2026 anomaly by itself.,era5_tej_index_climatology.csv,Baseline only; not a 2026 forecast anomaly.
circulation_baseline,ERA5 divergence200 climatology,Aug,August 2026,3,arabia_red_sea,-4.346348408461343e-07,s**-1,baseline_only,0,neutral_or_mixed,neutral_mixed_or_baseline,high_for_climatology,divergence200 is from ERA5 1991-2020 climatology. It describes normal Kiremt circulation but does not confirm 2026 anomaly by itself.,era5_vertical_divergence_height_diagnostics.csv,Baseline only; not a 2026 forecast anomaly.
circulation_baseline,ERA5 divergence200 climatology,Aug,August 2026,3,ethiopia,-4.1827435630500473e-07,s**-1,baseline_only,0,neutral_or_mixed,neutral_mixed_or_baseline,high_for_climatology,divergence200 is from ERA5 1991-2020 climatology. It describes normal Kiremt circulation but does not confirm 2026 anomaly by itself.,era5_vertical_divergence_height_diagnostics.csv,Baseline only; not a 2026 forecast anomaly.
circulation_baseline,ERA5 divergence200 climatology,Aug,August 2026,3,greater_horn,-5.351188758982833e-07,s**-1,baseline_only,0,neutral_or_mixed,neutral_mixed_or_baseline,high_for_climatology,divergence200 is from ERA5 1991-2020 climatology. It describes normal Kiremt circulation but does not confirm 2026 anomaly by itself.,era5_vertical_divergence_height_diagnostics.csv,Baseline only; not a 2026 forecast anomaly.
circulation_baseline,ERA5 divergence200 climatology,Aug,August 2026,3,north_africa_arabia,-3.005737784756161e-07,s**-1,baseline_only,0,neutral_or_mixed,neutral_mixed_or_baseline,high_for_climatology,divergence200 is from ERA5 1991-2020 climatology. It describes normal Kiremt circulation but does not confirm 2026 anomaly by itself.,era5_vertical_divergence_height_diagnostics.csv,Baseline only; not a 2026 forecast anomaly.
circulation_baseline,ERA5 mfc850 climatology,Aug,August 2026,3,congo_moisture_corridor,1.6862801455109383e-08,kg kg-1 s-1 approximately,baseline_only,0,neutral_or_mixed,neutral_mixed_or_baseline,high_for_climatology,mfc850 is from ERA5 1991-2020 climatology. It describes normal Kiremt circulation but does not confirm 2026 anomaly by itself.,era5_850hpa_moisture_flux_diagnostics.csv,Baseline only; not a 2026 forecast anomaly.
circulation_baseline,ERA5 mfc850 climatology,Aug,August 2026,3,ethiopia,3.352033710967661e-09,kg kg-1 s-1 approximately,baseline_only,0,neutral_or_mixed,neutral_mixed_or_baseline,high_for_climatology,mfc850 is from ERA5 1991-2020 climatology. It describes normal Kiremt circulation but does not confirm 2026 anomaly by itself.,era5_850hpa_moisture_flux_diagnostics.csv,Baseline only; not a 2026 forecast anomaly.
circulation_baseline,ERA5 mfc850 climatology,Aug,August 2026,3,greater_horn,3.322412499435929e-09,kg kg-1 s-1 approximately,baseline_only,0,neutral_or_mixed,neutral_mixed_or_baseline,high_for_climatology,mfc850 is from ERA5 1991-2020 climatology. It describes normal Kiremt circulation but does not confirm 2026 anomaly by itself.,era5_850hpa_moisture_flux_diagnostics.csv,Baseline only; not a 2026 forecast anomaly.
circulation_baseline,ERA5 mfc850 climatology,Aug,August 2026,3,western_moisture_entry,8.958377267188029e-09,kg kg-1 s-1 approximately,baseline_only,0,neutral_or_mixed,neutral_mixed_or_baseline,high_for_climatology,mfc850 is from ERA5 1991-2020 climatology. It describes normal Kiremt circulation but does not confirm 2026 anomaly by itself.,era5_850hpa_moisture_flux_diagnostics.csv,Baseline only; not a 2026 forecast anomaly.
circulation_baseline,ERA5 omega500 climatology,Aug,August 2026,3,arabia_red_sea,-0.00693059795847,Pa s**-1,baseline_only,0,neutral_or_mixed,neutral_mixed_or_baseline,high_for_climatology,omega500 is from ERA5 1991-2020 climatology. It describes normal Kiremt circulation but does not confirm 2026 anomaly by itself.,era5_vertical_divergence_height_diagnostics.csv,Baseline only; not a 2026 forecast anomaly.
circulation_baseline,ERA5 omega500 climatology,Aug,August 2026,3,ethiopia,-0.0319308966646348,Pa s**-1,baseline_only,0,neutral_or_mixed,neutral_mixed_or_baseline,high_for_climatology,omega500 is from ERA5 1991-2020 climatology. It describes normal Kiremt circulation but does not confirm 2026 anomaly by itself.,era5_vertical_divergence_height_diagnostics.csv,Baseline only; not a 2026 forecast anomaly.
circulation_baseline,ERA5 omega500 climatology,Aug,August 2026,3,greater_horn,-0.0010222855800493,Pa s**-1,baseline_only,0,neutral_or_mixed,neutral_mixed_or_baseline,high_for_climatology,omega500 is from ERA5 1991-2020 climatology. It describes normal Kiremt circulation but does not confirm 2026 anomaly by itself.,era5_vertical_divergence_height_diagnostics.csv,Baseline only; not a 2026 forecast anomaly.
circulation_baseline,ERA5 omega500 climatology,Aug,August 2026,3,north_africa_arabia,0.0059679793602798,Pa s**-1,baseline_only,0,neutral_or_mixed,neutral_mixed_or_baseline,high_for_climatology,omega500 is from ERA5 1991-2020 climatology. It describes normal Kiremt circulation but does not confirm 2026 anomaly by itself.,era5_vertical_divergence_height_diagnostics.csv,Baseline only; not a 2026 forecast anomaly.
circulation_baseline,ERA5 omega700 climatology,Aug,August 2026,3,arabia_red_sea,-0.037732739377639,Pa s**-1,baseline_only,0,neutral_or_mixed,neutral_mixed_or_baseline,high_for_climatology,omega700 is from ERA5 1991-2020 climatology. It describes normal Kiremt circulation but does not confirm 2026 anomaly by itself.,era5_vertical_divergence_height_diagnostics.csv,Baseline only; not a 2026 forecast anomaly.
circulation_baseline,ERA5 omega700 climatology,Aug,August 2026,3,ethiopia,-0.0301825834434688,Pa s**-1,baseline_only,0,neutral_or_mixed,neutral_mixed_or_baseline,high_for_climatology,omega700 is from ERA5 1991-2020 climatology. It describes normal Kiremt circulation but does not confirm 2026 anomaly by itself.,era5_vertical_divergence_height_diagnostics.csv,Baseline only; not a 2026 forecast anomaly.
circulation_baseline,ERA5 omega700 climatology,Aug,August 2026,3,greater_horn,-0.009233478735298,Pa s**-1,baseline_only,0,neutral_or_mixed,neutral_mixed_or_baseline,high_for_climatology,omega700 is from ERA5 1991-2020 climatology. It describes normal Kiremt circulation but does not confirm 2026 anomaly by itself.,era5_vertical_divergence_height_diagnostics.csv,Baseline only; not a 2026 forecast anomaly.
circulation_baseline,ERA5 omega700 climatology,Aug,August 2026,3,north_africa_arabia,-0.0096337448805074,Pa s**-1,baseline_only,0,neutral_or_mixed,neutral_mixed_or_baseline,high_for_climatology,omega700 is from ERA5 1991-2020 climatology. It describes normal Kiremt circulation but does not confirm 2026 anomaly by itself.,era5_vertical_divergence_height_diagnostics.csv,Baseline only; not a 2026 forecast anomaly.
circulation_baseline,ERA5 qu850 climatology,Aug,August 2026,3,congo_moisture_corridor,0.0118860079450659,kg kg-1 m s-1,baseline_only,0,neutral_or_mixed,neutral_mixed_or_baseline,high_for_climatology,qu850 is from ERA5 1991-2020 climatology. It describes normal Kiremt circulation but does not confirm 2026 anomaly by itself.,era5_850hpa_moisture_flux_diagnostics.csv,Baseline only; not a 2026 forecast anomaly.
circulation_baseline,ERA5 qu850 climatology,Aug,August 2026,3,ethiopia,0.0319880638811592,kg kg-1 m s-1,baseline_only,0,neutral_or_mixed,neutral_mixed_or_baseline,high_for_climatology,qu850 is from ERA5 1991-2020 climatology. It describes normal Kiremt circulation but does not confirm 2026 anomaly by itself.,era5_850hpa_moisture_flux_diagnostics.csv,Baseline only; not a 2026 forecast anomaly.
circulation_baseline,ERA5 qu850 climatology,Aug,August 2026,3,greater_horn,0.0033267912777407,kg kg-1 m s-1,baseline_only,0,neutral_or_mixed,neutral_mixed_or_baseline,high_for_climatology,qu850 is from ERA5 1991-2020 climatology. It describes normal Kiremt circulation but does not confirm 2026 anomaly by itself.,era5_850hpa_moisture_flux_diagnostics.csv,Baseline only; not a 2026 forecast anomaly.
circulation_baseline,ERA5 qu850 climatology,Aug,August 2026,3,western_moisture_entry,0.0147081523267444,kg kg-1 m s-1,baseline_only,0,neutral_or_mixed,neutral_mixed_or_baseline,high_for_climatology,qu850 is from ERA5 1991-2020 climatology. It describes normal Kiremt circulation but does not confirm 2026 anomaly by itself.,era5_850hpa_moisture_flux_diagnostics.csv,Baseline only; not a 2026 forecast anomaly.
circulation_baseline,ERA5 qv850 climatology,Aug,August 2026,3,congo_moisture_corridor,0.0067546416684409,kg kg-1 m s-1,baseline_only,0,neutral_or_mixed,neutral_mixed_or_baseline,high_for_climatology,qv850 is from ERA5 1991-2020 climatology. It describes normal Kiremt circulation but does not confirm 2026 anomaly by itself.,era5_850hpa_moisture_flux_diagnostics.csv,Baseline only; not a 2026 forecast anomaly.
circulation_baseline,ERA5 qv850 climatology,Aug,August 2026,3,ethiopia,0.0383461241535035,kg kg-1 m s-1,baseline_only,0,neutral_or_mixed,neutral_mixed_or_baseline,high_for_climatology,qv850 is from ERA5 1991-2020 climatology. It describes normal Kiremt circulation but does not confirm 2026 anomaly by itself.,era5_850hpa_moisture_flux_diagnostics.csv,Baseline only; not a 2026 forecast anomaly.
circulation_baseline,ERA5 qv850 climatology,Aug,August 2026,3,greater_horn,0.0232116308796059,kg kg-1 m s-1,baseline_only,0,neutral_or_mixed,neutral_mixed_or_baseline,high_for_climatology,qv850 is from ERA5 1991-2020 climatology. It describes normal Kiremt circulation but does not confirm 2026 anomaly by itself.,era5_850hpa_moisture_flux_diagnostics.csv,Baseline only; not a 2026 forecast anomaly.
circulation_baseline,ERA5 qv850 climatology,Aug,August 2026,3,western_moisture_entry,0.0147048846554092,kg kg-1 m s-1,baseline_only,0,neutral_or_mixed,neutral_mixed_or_baseline,high_for_climatology,qv850 is from ERA5 1991-2020 climatology. It describes normal Kiremt circulation but does not confirm 2026 anomaly by itself.,era5_850hpa_moisture_flux_diagnostics.csv,Baseline only; not a 2026 forecast anomaly.
circulation_baseline,ERA5 wind_speed850 climatology,Aug,August 2026,3,congo_moisture_corridor,2.4770799198315188,m s**-1,baseline_only,0,neutral_or_mixed,neutral_mixed_or_baseline,high_for_climatology,wind_speed850 is from ERA5 1991-2020 climatology. It describes normal Kiremt circulation but does not confirm 2026 anomaly by itself.,era5_850hpa_moisture_flux_diagnostics.csv,Baseline only; not a 2026 forecast anomaly.
circulation_baseline,ERA5 wind_speed850 climatology,Aug,August 2026,3,ethiopia,6.415302618369951,m s**-1,baseline_only,0,neutral_or_mixed,neutral_mixed_or_baseline,high_for_climatology,wind_speed850 is from ERA5 1991-2020 climatology. It describes normal Kiremt circulation but does not confirm 2026 anomaly by itself.,era5_850hpa_moisture_flux_diagnostics.csv,Baseline only; not a 2026 forecast anomaly.
circulation_baseline,ERA5 wind_speed850 climatology,Aug,August 2026,3,greater_horn,6.154539149291889,m s**-1,baseline_only,0,neutral_or_mixed,neutral_mixed_or_baseline,high_for_climatology,wind_speed850 is from ERA5 1991-2020 climatology. It describes normal Kiremt circulation but does not confirm 2026 anomaly by itself.,era5_850hpa_moisture_flux_diagnostics.csv,Baseline only; not a 2026 forecast anomaly.
circulation_baseline,ERA5 wind_speed850 climatology,Aug,August 2026,3,western_moisture_entry,2.5536185310562005,m s**-1,baseline_only,0,neutral_or_mixed,neutral_mixed_or_baseline,high_for_climatology,wind_speed850 is from ERA5 1991-2020 climatology. It describes normal Kiremt circulation but does not confirm 2026 anomaly by itself.,era5_850hpa_moisture_flux_diagnostics.csv,Baseline only; not a 2026 forecast anomaly.
circulation_baseline,ERA5 z200 climatology,Aug,August 2026,3,arabia_red_sea,12496.135833178208,m,baseline_only,0,neutral_or_mixed,neutral_mixed_or_baseline,high_for_climatology,z200 is from ERA5 1991-2020 climatology. It describes normal Kiremt circulation but does not confirm 2026 anomaly by itself.,era5_vertical_divergence_height_diagnostics.csv,Baseline only; not a 2026 forecast anomaly.
circulation_baseline,ERA5 z200 climatology,Aug,August 2026,3,ethiopia,12425.462519276763,m,baseline_only,0,neutral_or_mixed,neutral_mixed_or_baseline,high_for_climatology,z200 is from ERA5 1991-2020 climatology. It describes normal Kiremt circulation but does not confirm 2026 anomaly by itself.,era5_vertical_divergence_height_diagnostics.csv,Baseline only; not a 2026 forecast anomaly.
circulation_baseline,ERA5 z200 climatology,Aug,August 2026,3,greater_horn,12431.88397999646,m,baseline_only,0,neutral_or_mixed,neutral_mixed_or_baseline,high_for_climatology,z200 is from ERA5 1991-2020 climatology. It describes normal Kiremt circulation but does not confirm 2026 anomaly by itself.,era5_vertical_divergence_height_diagnostics.csv,Baseline only; not a 2026 forecast anomaly.
circulation_baseline,ERA5 z200 climatology,Aug,August 2026,3,north_africa_arabia,12484.340308485504,m,baseline_only,0,neutral_or_mixed,neutral_mixed_or_baseline,high_for_climatology,z200 is from ERA5 1991-2020 climatology. It describes normal Kiremt circulation but does not confirm 2026 anomaly by itself.,era5_vertical_divergence_height_diagnostics.csv,Baseline only; not a 2026 forecast anomaly.
circulation_baseline,ERA5 z500 climatology,Aug,August 2026,3,arabia_red_sea,5880.37273024253,m,baseline_only,0,neutral_or_mixed,neutral_mixed_or_baseline,high_for_climatology,z500 is from ERA5 1991-2020 climatology. It describes normal Kiremt circulation but does not confirm 2026 anomaly by itself.,era5_vertical_divergence_height_diagnostics.csv,Baseline only; not a 2026 forecast anomaly.
circulation_baseline,ERA5 z500 climatology,Aug,August 2026,3,ethiopia,5868.855900514815,m,baseline_only,0,neutral_or_mixed,neutral_mixed_or_baseline,high_for_climatology,z500 is from ERA5 1991-2020 climatology. It describes normal Kiremt circulation but does not confirm 2026 anomaly by itself.,era5_vertical_divergence_height_diagnostics.csv,Baseline only; not a 2026 forecast anomaly.
circulation_baseline,ERA5 z500 climatology,Aug,August 2026,3,greater_horn,5871.786496867663,m,baseline_only,0,neutral_or_mixed,neutral_mixed_or_baseline,high_for_climatology,z500 is from ERA5 1991-2020 climatology. It describes normal Kiremt circulation but does not confirm 2026 anomaly by itself.,era5_vertical_divergence_height_diagnostics.csv,Baseline only; not a 2026 forecast anomaly.
circulation_baseline,ERA5 z500 climatology,Aug,August 2026,3,north_africa_arabia,5884.892855649657,m,baseline_only,0,neutral_or_mixed,neutral_mixed_or_baseline,high_for_climatology,z500 is from ERA5 1991-2020 climatology. It describes normal Kiremt circulation but does not confirm 2026 anomaly by itself.,era5_vertical_divergence_height_diagnostics.csv,Baseline only; not a 2026 forecast anomaly.
ocean_driver,DMI / IOD proxy from NMME tmpsfc,Aug,August 2026,3,iod_west_minus_iod_east,0.4907215684652328,K,positive_iod_like,0,neutral_or_mixed,neutral_mixed_or_baseline,low_to_moderate,Positive IOD-like signal; may introduce regional contrasts.,nmme_sst_driver_diagnostics_from_tmpsfc.csv,IOD influence on Ethiopia Kiremt can be spatially mixed; use official DMI products where possible.
ocean_driver,Niño3.4 SST anomaly proxy from NMME tmpsfc,Aug,August 2026,3,nino34_box,1.9275705814361568,K,strong_el_nino_like,2,strong_dry_support,supports_dry_kiremt,moderate,Strong El Niño-like SST forcing; supports dry-risk for Ethiopia Kiremt.,nmme_sst_driver_diagnostics_from_tmpsfc.csv,"Computed from NMME tmpsfc anomaly as an SST proxy, not an official Niño3.4 index product."
rainfall_forecast,NMME precipitation anomaly,Aug,August 2026,3,central_ethiopia,-4.5875244140625,mm/month,near_normal,0,neutral_or_mixed,neutral_mixed_or_baseline,moderate,Near-normal monthly rainfall anomaly.,nmme_rainfall_z200_diagnostics.csv,Direct NMME ensemble-mean anomaly; does not show probability or model agreement.
rainfall_forecast,NMME precipitation anomaly,Aug,August 2026,3,east_ethiopia,-4.500892639160156,mm/month,near_normal,0,neutral_or_mixed,neutral_mixed_or_baseline,moderate,Near-normal monthly rainfall anomaly.,nmme_rainfall_z200_diagnostics.csv,Direct NMME ensemble-mean anomaly; does not show probability or model agreement.
rainfall_forecast,NMME precipitation anomaly,Aug,August 2026,3,ethiopia,-7.342073440551758,mm/month,near_normal,0,neutral_or_mixed,neutral_mixed_or_baseline,moderate,Near-normal monthly rainfall anomaly.,nmme_rainfall_z200_diagnostics.csv,Direct NMME ensemble-mean anomaly; does not show probability or model agreement.
rainfall_forecast,NMME precipitation anomaly,Aug,August 2026,3,greater_horn,-4.116758346557617,mm/month,near_normal,0,neutral_or_mixed,neutral_mixed_or_baseline,moderate,Near-normal monthly rainfall anomaly.,nmme_rainfall_z200_diagnostics.csv,Direct NMME ensemble-mean anomaly; does not show probability or model agreement.
rainfall_forecast,NMME precipitation anomaly,Aug,August 2026,3,north_ethiopia,-2.18837308883667,mm/month,near_normal,0,neutral_or_mixed,neutral_mixed_or_baseline,moderate,Near-normal monthly rainfall anomaly.,nmme_rainfall_z200_diagnostics.csv,Direct NMME ensemble-mean anomaly; does not show probability or model agreement.
rainfall_forecast,NMME precipitation anomaly,Aug,August 2026,3,west_ethiopia,-9.90558910369873,mm/month,near_normal,0,neutral_or_mixed,neutral_mixed_or_baseline,moderate,Near-normal monthly rainfall anomaly.,nmme_rainfall_z200_diagnostics.csv,Direct NMME ensemble-mean anomaly; does not show probability or model agreement.
upper_level_circulation,NMME z200 anomaly,Aug,August 2026,3,arabia_red_sea,50.394229888916016,m,positive_height_anomaly,1,moderate_dry_support,supports_dry_kiremt,low_to_moderate,Positive z200 anomaly may suggest ridging/subsidence-supporting circulation.,nmme_rainfall_z200_diagnostics.csv,"z200 alone is not sufficient; interpret together with u200, divergence, omega, and rainfall."
upper_level_circulation,NMME z200 anomaly,Aug,August 2026,3,east_africa,55.472755432128906,m,positive_height_anomaly,1,moderate_dry_support,supports_dry_kiremt,low_to_moderate,Positive z200 anomaly may suggest ridging/subsidence-supporting circulation.,nmme_rainfall_z200_diagnostics.csv,"z200 alone is not sufficient; interpret together with u200, divergence, omega, and rainfall."
upper_level_circulation,NMME z200 anomaly,Aug,August 2026,3,ethiopia,56.654388427734375,m,positive_height_anomaly,1,moderate_dry_support,supports_dry_kiremt,low_to_moderate,Positive z200 anomaly may suggest ridging/subsidence-supporting circulation.,nmme_rainfall_z200_diagnostics.csv,"z200 alone is not sufficient; interpret together with u200, divergence, omega, and rainfall."
upper_level_circulation,NMME z200 anomaly,Aug,August 2026,3,greater_horn,54.59540557861328,m,positive_height_anomaly,1,moderate_dry_support,supports_dry_kiremt,low_to_moderate,Positive z200 anomaly may suggest ridging/subsidence-supporting circulation.,nmme_rainfall_z200_diagnostics.csv,"z200 alone is not sufficient; interpret together with u200, divergence, omega, and rainfall."
upper_level_circulation,NMME z200 anomaly,Aug,August 2026,3,north_africa_arabia,48.025146484375,m,positive_height_anomaly,1,moderate_dry_support,supports_dry_kiremt,low_to_moderate,Positive z200 anomaly may suggest ridging/subsidence-supporting circulation.,nmme_rainfall_z200_diagnostics.csv,"z200 alone is not sufficient; interpret together with u200, divergence, omega, and rainfall."
circulation_baseline,ERA5 TEJ strength climatology,Sep,September 2026,4,tej_core,13.85333243398602,m s**-1,baseline_only,0,neutral_or_mixed,neutral_mixed_or_baseline,high_for_climatology,TEJ strength climatology is from ERA5 1991-2020 climatology. It describes normal Kiremt circulation but does not confirm 2026 anomaly by itself.,era5_tej_index_climatology.csv,Baseline only; not a 2026 forecast anomaly.
circulation_baseline,ERA5 divergence200 climatology,Sep,September 2026,4,arabia_red_sea,-1.1366024362015051e-06,s**-1,baseline_only,0,neutral_or_mixed,neutral_mixed_or_baseline,high_for_climatology,divergence200 is from ERA5 1991-2020 climatology. It describes normal Kiremt circulation but does not confirm 2026 anomaly by itself.,era5_vertical_divergence_height_diagnostics.csv,Baseline only; not a 2026 forecast anomaly.
circulation_baseline,ERA5 divergence200 climatology,Sep,September 2026,4,ethiopia,-1.264375788241099e-06,s**-1,baseline_only,0,neutral_or_mixed,neutral_mixed_or_baseline,high_for_climatology,divergence200 is from ERA5 1991-2020 climatology. It describes normal Kiremt circulation but does not confirm 2026 anomaly by itself.,era5_vertical_divergence_height_diagnostics.csv,Baseline only; not a 2026 forecast anomaly.
circulation_baseline,ERA5 divergence200 climatology,Sep,September 2026,4,greater_horn,-6.08704468705871e-07,s**-1,baseline_only,0,neutral_or_mixed,neutral_mixed_or_baseline,high_for_climatology,divergence200 is from ERA5 1991-2020 climatology. It describes normal Kiremt circulation but does not confirm 2026 anomaly by itself.,era5_vertical_divergence_height_diagnostics.csv,Baseline only; not a 2026 forecast anomaly.
circulation_baseline,ERA5 divergence200 climatology,Sep,September 2026,4,north_africa_arabia,-9.736957218061758e-07,s**-1,baseline_only,0,neutral_or_mixed,neutral_mixed_or_baseline,high_for_climatology,divergence200 is from ERA5 1991-2020 climatology. It describes normal Kiremt circulation but does not confirm 2026 anomaly by itself.,era5_vertical_divergence_height_diagnostics.csv,Baseline only; not a 2026 forecast anomaly.
circulation_baseline,ERA5 mfc850 climatology,Sep,September 2026,4,congo_moisture_corridor,1.6493423654237512e-08,kg kg-1 s-1 approximately,baseline_only,0,neutral_or_mixed,neutral_mixed_or_baseline,high_for_climatology,mfc850 is from ERA5 1991-2020 climatology. It describes normal Kiremt circulation but does not confirm 2026 anomaly by itself.,era5_850hpa_moisture_flux_diagnostics.csv,Baseline only; not a 2026 forecast anomaly.
circulation_baseline,ERA5 mfc850 climatology,Sep,September 2026,4,ethiopia,9.197296828251948e-09,kg kg-1 s-1 approximately,baseline_only,0,neutral_or_mixed,neutral_mixed_or_baseline,high_for_climatology,mfc850 is from ERA5 1991-2020 climatology. It describes normal Kiremt circulation but does not confirm 2026 anomaly by itself.,era5_850hpa_moisture_flux_diagnostics.csv,Baseline only; not a 2026 forecast anomaly.
circulation_baseline,ERA5 mfc850 climatology,Sep,September 2026,4,greater_horn,3.384706414062242e-09,kg kg-1 s-1 approximately,baseline_only,0,neutral_or_mixed,neutral_mixed_or_baseline,high_for_climatology,mfc850 is from ERA5 1991-2020 climatology. It describes normal Kiremt circulation but does not confirm 2026 anomaly by itself.,era5_850hpa_moisture_flux_diagnostics.csv,Baseline only; not a 2026 forecast anomaly.
circulation_baseline,ERA5 mfc850 climatology,Sep,September 2026,4,western_moisture_entry,8.533495969197075e-09,kg kg-1 s-1 approximately,baseline_only,0,neutral_or_mixed,neutral_mixed_or_baseline,high_for_climatology,mfc850 is from ERA5 1991-2020 climatology. It describes normal Kiremt circulation but does not confirm 2026 anomaly by itself.,era5_850hpa_moisture_flux_diagnostics.csv,Baseline only; not a 2026 forecast anomaly.
circulation_baseline,ERA5 omega500 climatology,Sep,September 2026,4,arabia_red_sea,0.0120658241814846,Pa s**-1,baseline_only,0,neutral_or_mixed,neutral_mixed_or_baseline,high_for_climatology,omega500 is from ERA5 1991-2020 climatology. It describes normal Kiremt circulation but does not confirm 2026 anomaly by itself.,era5_vertical_divergence_height_diagnostics.csv,Baseline only; not a 2026 forecast anomaly.
circulation_baseline,ERA5 omega500 climatology,Sep,September 2026,4,ethiopia,-0.0104308491339577,Pa s**-1,baseline_only,0,neutral_or_mixed,neutral_mixed_or_baseline,high_for_climatology,omega500 is from ERA5 1991-2020 climatology. It describes normal Kiremt circulation but does not confirm 2026 anomaly by itself.,era5_vertical_divergence_height_diagnostics.csv,Baseline only; not a 2026 forecast anomaly.
circulation_baseline,ERA5 omega500 climatology,Sep,September 2026,4,greater_horn,0.0044503043798489,Pa s**-1,baseline_only,0,neutral_or_mixed,neutral_mixed_or_baseline,high_for_climatology,omega500 is from ERA5 1991-2020 climatology. It describes normal Kiremt circulation but does not confirm 2026 anomaly by itself.,era5_vertical_divergence_height_diagnostics.csv,Baseline only; not a 2026 forecast anomaly.
circulation_baseline,ERA5 omega500 climatology,Sep,September 2026,4,north_africa_arabia,0.0183738096619356,Pa s**-1,baseline_only,0,neutral_or_mixed,neutral_mixed_or_baseline,high_for_climatology,omega500 is from ERA5 1991-2020 climatology. It describes normal Kiremt circulation but does not confirm 2026 anomaly by itself.,era5_vertical_divergence_height_diagnostics.csv,Baseline only; not a 2026 forecast anomaly.
circulation_baseline,ERA5 omega700 climatology,Sep,September 2026,4,arabia_red_sea,-0.0172574555504806,Pa s**-1,baseline_only,0,neutral_or_mixed,neutral_mixed_or_baseline,high_for_climatology,omega700 is from ERA5 1991-2020 climatology. It describes normal Kiremt circulation but does not confirm 2026 anomaly by itself.,era5_vertical_divergence_height_diagnostics.csv,Baseline only; not a 2026 forecast anomaly.
circulation_baseline,ERA5 omega700 climatology,Sep,September 2026,4,ethiopia,-0.0340428654370769,Pa s**-1,baseline_only,0,neutral_or_mixed,neutral_mixed_or_baseline,high_for_climatology,omega700 is from ERA5 1991-2020 climatology. It describes normal Kiremt circulation but does not confirm 2026 anomaly by itself.,era5_vertical_divergence_height_diagnostics.csv,Baseline only; not a 2026 forecast anomaly.
circulation_baseline,ERA5 omega700 climatology,Sep,September 2026,4,greater_horn,-0.008217183334702,Pa s**-1,baseline_only,0,neutral_or_mixed,neutral_mixed_or_baseline,high_for_climatology,omega700 is from ERA5 1991-2020 climatology. It describes normal Kiremt circulation but does not confirm 2026 anomaly by itself.,era5_vertical_divergence_height_diagnostics.csv,Baseline only; not a 2026 forecast anomaly.
circulation_baseline,ERA5 omega700 climatology,Sep,September 2026,4,north_africa_arabia,0.0009094401218551,Pa s**-1,baseline_only,0,neutral_or_mixed,neutral_mixed_or_baseline,high_for_climatology,omega700 is from ERA5 1991-2020 climatology. It describes normal Kiremt circulation but does not confirm 2026 anomaly by itself.,era5_vertical_divergence_height_diagnostics.csv,Baseline only; not a 2026 forecast anomaly.
circulation_baseline,ERA5 qu850 climatology,Sep,September 2026,4,congo_moisture_corridor,0.0018554464078693,kg kg-1 m s-1,baseline_only,0,neutral_or_mixed,neutral_mixed_or_baseline,high_for_climatology,qu850 is from ERA5 1991-2020 climatology. It describes normal Kiremt circulation but does not confirm 2026 anomaly by itself.,era5_850hpa_moisture_flux_diagnostics.csv,Baseline only; not a 2026 forecast anomaly.
circulation_baseline,ERA5 qu850 climatology,Sep,September 2026,4,ethiopia,0.0138390036270331,kg kg-1 m s-1,baseline_only,0,neutral_or_mixed,neutral_mixed_or_baseline,high_for_climatology,qu850 is from ERA5 1991-2020 climatology. It describes normal Kiremt circulation but does not confirm 2026 anomaly by itself.,era5_850hpa_moisture_flux_diagnostics.csv,Baseline only; not a 2026 forecast anomaly.
circulation_baseline,ERA5 qu850 climatology,Sep,September 2026,4,greater_horn,-0.0090423893400072,kg kg-1 m s-1,baseline_only,0,neutral_or_mixed,neutral_mixed_or_baseline,high_for_climatology,qu850 is from ERA5 1991-2020 climatology. It describes normal Kiremt circulation but does not confirm 2026 anomaly by itself.,era5_850hpa_moisture_flux_diagnostics.csv,Baseline only; not a 2026 forecast anomaly.
circulation_baseline,ERA5 qu850 climatology,Sep,September 2026,4,western_moisture_entry,-0.001258421268671,kg kg-1 m s-1,baseline_only,0,neutral_or_mixed,neutral_mixed_or_baseline,high_for_climatology,qu850 is from ERA5 1991-2020 climatology. It describes normal Kiremt circulation but does not confirm 2026 anomaly by itself.,era5_850hpa_moisture_flux_diagnostics.csv,Baseline only; not a 2026 forecast anomaly.
circulation_baseline,ERA5 qv850 climatology,Sep,September 2026,4,congo_moisture_corridor,0.0008050843431874,kg kg-1 m s-1,baseline_only,0,neutral_or_mixed,neutral_mixed_or_baseline,high_for_climatology,qv850 is from ERA5 1991-2020 climatology. It describes normal Kiremt circulation but does not confirm 2026 anomaly by itself.,era5_850hpa_moisture_flux_diagnostics.csv,Baseline only; not a 2026 forecast anomaly.
circulation_baseline,ERA5 qv850 climatology,Sep,September 2026,4,ethiopia,0.0291441201007995,kg kg-1 m s-1,baseline_only,0,neutral_or_mixed,neutral_mixed_or_baseline,high_for_climatology,qv850 is from ERA5 1991-2020 climatology. It describes normal Kiremt circulation but does not confirm 2026 anomaly by itself.,era5_850hpa_moisture_flux_diagnostics.csv,Baseline only; not a 2026 forecast anomaly.
circulation_baseline,ERA5 qv850 climatology,Sep,September 2026,4,greater_horn,0.0141728205903068,kg kg-1 m s-1,baseline_only,0,neutral_or_mixed,neutral_mixed_or_baseline,high_for_climatology,qv850 is from ERA5 1991-2020 climatology. It describes normal Kiremt circulation but does not confirm 2026 anomaly by itself.,era5_850hpa_moisture_flux_diagnostics.csv,Baseline only; not a 2026 forecast anomaly.
circulation_baseline,ERA5 qv850 climatology,Sep,September 2026,4,western_moisture_entry,0.0076015353660014,kg kg-1 m s-1,baseline_only,0,neutral_or_mixed,neutral_mixed_or_baseline,high_for_climatology,qv850 is from ERA5 1991-2020 climatology. It describes normal Kiremt circulation but does not confirm 2026 anomaly by itself.,era5_850hpa_moisture_flux_diagnostics.csv,Baseline only; not a 2026 forecast anomaly.
circulation_baseline,ERA5 wind_speed850 climatology,Sep,September 2026,4,congo_moisture_corridor,1.9888436127224451,m s**-1,baseline_only,0,neutral_or_mixed,neutral_mixed_or_baseline,high_for_climatology,wind_speed850 is from ERA5 1991-2020 climatology. It describes normal Kiremt circulation but does not confirm 2026 anomaly by itself.,era5_850hpa_moisture_flux_diagnostics.csv,Baseline only; not a 2026 forecast anomaly.
circulation_baseline,ERA5 wind_speed850 climatology,Sep,September 2026,4,ethiopia,4.506037489083042,m s**-1,baseline_only,0,neutral_or_mixed,neutral_mixed_or_baseline,high_for_climatology,wind_speed850 is from ERA5 1991-2020 climatology. It describes normal Kiremt circulation but does not confirm 2026 anomaly by itself.,era5_850hpa_moisture_flux_diagnostics.csv,Baseline only; not a 2026 forecast anomaly.
circulation_baseline,ERA5 wind_speed850 climatology,Sep,September 2026,4,greater_horn,5.031436236011822,m s**-1,baseline_only,0,neutral_or_mixed,neutral_mixed_or_baseline,high_for_climatology,wind_speed850 is from ERA5 1991-2020 climatology. It describes normal Kiremt circulation but does not confirm 2026 anomaly by itself.,era5_850hpa_moisture_flux_diagnostics.csv,Baseline only; not a 2026 forecast anomaly.
circulation_baseline,ERA5 wind_speed850 climatology,Sep,September 2026,4,western_moisture_entry,1.6458054195866607,m s**-1,baseline_only,0,neutral_or_mixed,neutral_mixed_or_baseline,high_for_climatology,wind_speed850 is from ERA5 1991-2020 climatology. It describes normal Kiremt circulation but does not confirm 2026 anomaly by itself.,era5_850hpa_moisture_flux_diagnostics.csv,Baseline only; not a 2026 forecast anomaly.
circulation_baseline,ERA5 z200 climatology,Sep,September 2026,4,arabia_red_sea,12460.679855162349,m,baseline_only,0,neutral_or_mixed,neutral_mixed_or_baseline,high_for_climatology,z200 is from ERA5 1991-2020 climatology. It describes normal Kiremt circulation but does not confirm 2026 anomaly by itself.,era5_vertical_divergence_height_diagnostics.csv,Baseline only; not a 2026 forecast anomaly.
circulation_baseline,ERA5 z200 climatology,Sep,September 2026,4,ethiopia,12422.64815393405,m,baseline_only,0,neutral_or_mixed,neutral_mixed_or_baseline,high_for_climatology,z200 is from ERA5 1991-2020 climatology. It describes normal Kiremt circulation but does not confirm 2026 anomaly by itself.,era5_vertical_divergence_height_diagnostics.csv,Baseline only; not a 2026 forecast anomaly.
circulation_baseline,ERA5 z200 climatology,Sep,September 2026,4,greater_horn,12423.813204887483,m,baseline_only,0,neutral_or_mixed,neutral_mixed_or_baseline,high_for_climatology,z200 is from ERA5 1991-2020 climatology. It describes normal Kiremt circulation but does not confirm 2026 anomaly by itself.,era5_vertical_divergence_height_diagnostics.csv,Baseline only; not a 2026 forecast anomaly.
circulation_baseline,ERA5 z200 climatology,Sep,September 2026,4,north_africa_arabia,12427.457342683889,m,baseline_only,0,neutral_or_mixed,neutral_mixed_or_baseline,high_for_climatology,z200 is from ERA5 1991-2020 climatology. It describes normal Kiremt circulation but does not confirm 2026 anomaly by itself.,era5_vertical_divergence_height_diagnostics.csv,Baseline only; not a 2026 forecast anomaly.
circulation_baseline,ERA5 z500 climatology,Sep,September 2026,4,arabia_red_sea,5877.921128357394,m,baseline_only,0,neutral_or_mixed,neutral_mixed_or_baseline,high_for_climatology,z500 is from ERA5 1991-2020 climatology. It describes normal Kiremt circulation but does not confirm 2026 anomaly by itself.,era5_vertical_divergence_height_diagnostics.csv,Baseline only; not a 2026 forecast anomaly.
circulation_baseline,ERA5 z500 climatology,Sep,September 2026,4,ethiopia,5868.468994944927,m,baseline_only,0,neutral_or_mixed,neutral_mixed_or_baseline,high_for_climatology,z500 is from ERA5 1991-2020 climatology. It describes normal Kiremt circulation but does not confirm 2026 anomaly by itself.,era5_vertical_divergence_height_diagnostics.csv,Baseline only; not a 2026 forecast anomaly.
circulation_baseline,ERA5 z500 climatology,Sep,September 2026,4,greater_horn,5871.086150001962,m,baseline_only,0,neutral_or_mixed,neutral_mixed_or_baseline,high_for_climatology,z500 is from ERA5 1991-2020 climatology. It describes normal Kiremt circulation but does not confirm 2026 anomaly by itself.,era5_vertical_divergence_height_diagnostics.csv,Baseline only; not a 2026 forecast anomaly.
circulation_baseline,ERA5 z500 climatology,Sep,September 2026,4,north_africa_arabia,5878.201730118113,m,baseline_only,0,neutral_or_mixed,neutral_mixed_or_baseline,high_for_climatology,z500 is from ERA5 1991-2020 climatology. It describes normal Kiremt circulation but does not confirm 2026 anomaly by itself.,era5_vertical_divergence_height_diagnostics.csv,Baseline only; not a 2026 forecast anomaly.
ocean_driver,DMI / IOD proxy from NMME tmpsfc,Sep,September 2026,4,iod_west_minus_iod_east,0.8428046032786369,K,strong_positive_iod_like,0,neutral_or_mixed,neutral_mixed_or_baseline,low_to_moderate,Strong positive IOD-like signal; effect over Ethiopia can be spatially mixed.,nmme_sst_driver_diagnostics_from_tmpsfc.csv,IOD influence on Ethiopia Kiremt can be spatially mixed; use official DMI products where possible.
ocean_driver,Niño3.4 SST anomaly proxy from NMME tmpsfc,Sep,September 2026,4,nino34_box,2.4057507514953613,K,strong_el_nino_like,2,strong_dry_support,supports_dry_kiremt,moderate,Strong El Niño-like SST forcing; supports dry-risk for Ethiopia Kiremt.,nmme_sst_driver_diagnostics_from_tmpsfc.csv,"Computed from NMME tmpsfc anomaly as an SST proxy, not an official Niño3.4 index product."
rainfall_forecast,NMME precipitation anomaly,Sep,September 2026,4,central_ethiopia,-10.93967056274414,mm/month,weak_below_normal,1,moderate_dry_support,supports_dry_kiremt,moderate,Weak monthly rainfall deficit signal.,nmme_rainfall_z200_diagnostics.csv,Direct NMME ensemble-mean anomaly; does not show probability or model agreement.
rainfall_forecast,NMME precipitation anomaly,Sep,September 2026,4,east_ethiopia,-6.4642415046691895,mm/month,near_normal,0,neutral_or_mixed,neutral_mixed_or_baseline,moderate,Near-normal monthly rainfall anomaly.,nmme_rainfall_z200_diagnostics.csv,Direct NMME ensemble-mean anomaly; does not show probability or model agreement.
rainfall_forecast,NMME precipitation anomaly,Sep,September 2026,4,ethiopia,-9.07041358947754,mm/month,near_normal,0,neutral_or_mixed,neutral_mixed_or_baseline,moderate,Near-normal monthly rainfall anomaly.,nmme_rainfall_z200_diagnostics.csv,Direct NMME ensemble-mean anomaly; does not show probability or model agreement.
rainfall_forecast,NMME precipitation anomaly,Sep,September 2026,4,greater_horn,-3.740128517150879,mm/month,near_normal,0,neutral_or_mixed,neutral_mixed_or_baseline,moderate,Near-normal monthly rainfall anomaly.,nmme_rainfall_z200_diagnostics.csv,Direct NMME ensemble-mean anomaly; does not show probability or model agreement.
rainfall_forecast,NMME precipitation anomaly,Sep,September 2026,4,north_ethiopia,-1.7755680084228516,mm/month,near_normal,0,neutral_or_mixed,neutral_mixed_or_baseline,moderate,Near-normal monthly rainfall anomaly.,nmme_rainfall_z200_diagnostics.csv,Direct NMME ensemble-mean anomaly; does not show probability or model agreement.
rainfall_forecast,NMME precipitation anomaly,Sep,September 2026,4,west_ethiopia,-13.083205223083496,mm/month,weak_below_normal,1,moderate_dry_support,supports_dry_kiremt,moderate,Weak monthly rainfall deficit signal.,nmme_rainfall_z200_diagnostics.csv,Direct NMME ensemble-mean anomaly; does not show probability or model agreement.
upper_level_circulation,NMME z200 anomaly,Sep,September 2026,4,arabia_red_sea,51.58401107788086,m,positive_height_anomaly,1,moderate_dry_support,supports_dry_kiremt,low_to_moderate,Positive z200 anomaly may suggest ridging/subsidence-supporting circulation.,nmme_rainfall_z200_diagnostics.csv,"z200 alone is not sufficient; interpret together with u200, divergence, omega, and rainfall."
upper_level_circulation,NMME z200 anomaly,Sep,September 2026,4,east_africa,60.249393463134766,m,positive_height_anomaly,1,moderate_dry_support,supports_dry_kiremt,low_to_moderate,Positive z200 anomaly may suggest ridging/subsidence-supporting circulation.,nmme_rainfall_z200_diagnostics.csv,"z200 alone is not sufficient; interpret together with u200, divergence, omega, and rainfall."
upper_level_circulation,NMME z200 anomaly,Sep,September 2026,4,ethiopia,60.55434799194336,m,positive_height_anomaly,1,moderate_dry_support,supports_dry_kiremt,low_to_moderate,Positive z200 anomaly may suggest ridging/subsidence-supporting circulation.,nmme_rainfall_z200_diagnostics.csv,"z200 alone is not sufficient; interpret together with u200, divergence, omega, and rainfall."
upper_level_circulation,NMME z200 anomaly,Sep,September 2026,4,greater_horn,58.748023986816406,m,positive_height_anomaly,1,moderate_dry_support,supports_dry_kiremt,low_to_moderate,Positive z200 anomaly may suggest ridging/subsidence-supporting circulation.,nmme_rainfall_z200_diagnostics.csv,"z200 alone is not sufficient; interpret together with u200, divergence, omega, and rainfall."
upper_level_circulation,NMME z200 anomaly,Sep,September 2026,4,north_africa_arabia,48.92173385620117,m,positive_height_anomaly,1,moderate_dry_support,supports_dry_kiremt,low_to_moderate,Positive z200 anomaly may suggest ridging/subsidence-supporting circulation.,nmme_rainfall_z200_diagnostics.csv,"z200 alone is not sufficient; interpret together with u200, divergence, omega, and rainfall."
circulation_baseline,ERA5 TEJ strength climatology,JJA,June-August 2026,5,tej_core,17.725690855199467,m s**-1,baseline_only,0,neutral_or_mixed,neutral_mixed_or_baseline,high_for_climatology,TEJ strength climatology is from ERA5 1991-2020 climatology. It describes normal Kiremt circulation but does not confirm 2026 anomaly by itself.,era5_tej_index_climatology.csv,Baseline only; not a 2026 forecast anomaly.
circulation_baseline,ERA5 divergence200 climatology,JJA,June-August 2026,5,arabia_red_sea,-4.110867753268658e-07,s**-1,baseline_only,0,neutral_or_mixed,neutral_mixed_or_baseline,high_for_climatology,divergence200 is from ERA5 1991-2020 climatology. It describes normal Kiremt circulation but does not confirm 2026 anomaly by itself.,era5_vertical_divergence_height_diagnostics.csv,Baseline only; not a 2026 forecast anomaly.
circulation_baseline,ERA5 divergence200 climatology,JJA,June-August 2026,5,ethiopia,-6.68714864554884e-07,s**-1,baseline_only,0,neutral_or_mixed,neutral_mixed_or_baseline,high_for_climatology,divergence200 is from ERA5 1991-2020 climatology. It describes normal Kiremt circulation but does not confirm 2026 anomaly by itself.,era5_vertical_divergence_height_diagnostics.csv,Baseline only; not a 2026 forecast anomaly.
circulation_baseline,ERA5 divergence200 climatology,JJA,June-August 2026,5,greater_horn,-5.545516409753287e-07,s**-1,baseline_only,0,neutral_or_mixed,neutral_mixed_or_baseline,high_for_climatology,divergence200 is from ERA5 1991-2020 climatology. It describes normal Kiremt circulation but does not confirm 2026 anomaly by itself.,era5_vertical_divergence_height_diagnostics.csv,Baseline only; not a 2026 forecast anomaly.
circulation_baseline,ERA5 divergence200 climatology,JJA,June-August 2026,5,north_africa_arabia,-5.376092855620463e-07,s**-1,baseline_only,0,neutral_or_mixed,neutral_mixed_or_baseline,high_for_climatology,divergence200 is from ERA5 1991-2020 climatology. It describes normal Kiremt circulation but does not confirm 2026 anomaly by itself.,era5_vertical_divergence_height_diagnostics.csv,Baseline only; not a 2026 forecast anomaly.
circulation_baseline,ERA5 mfc850 climatology,JJA,June-August 2026,5,congo_moisture_corridor,1.3544360917615706e-08,kg kg-1 s-1 approximately,baseline_only,0,neutral_or_mixed,neutral_mixed_or_baseline,high_for_climatology,mfc850 is from ERA5 1991-2020 climatology. It describes normal Kiremt circulation but does not confirm 2026 anomaly by itself.,era5_850hpa_moisture_flux_diagnostics.csv,Baseline only; not a 2026 forecast anomaly.
circulation_baseline,ERA5 mfc850 climatology,JJA,June-August 2026,5,ethiopia,8.921479095763144e-09,kg kg-1 s-1 approximately,baseline_only,0,neutral_or_mixed,neutral_mixed_or_baseline,high_for_climatology,mfc850 is from ERA5 1991-2020 climatology. It describes normal Kiremt circulation but does not confirm 2026 anomaly by itself.,era5_850hpa_moisture_flux_diagnostics.csv,Baseline only; not a 2026 forecast anomaly.
circulation_baseline,ERA5 mfc850 climatology,JJA,June-August 2026,5,greater_horn,2.0033413539559754e-09,kg kg-1 s-1 approximately,baseline_only,0,neutral_or_mixed,neutral_mixed_or_baseline,high_for_climatology,mfc850 is from ERA5 1991-2020 climatology. It describes normal Kiremt circulation but does not confirm 2026 anomaly by itself.,era5_850hpa_moisture_flux_diagnostics.csv,Baseline only; not a 2026 forecast anomaly.
circulation_baseline,ERA5 mfc850 climatology,JJA,June-August 2026,5,western_moisture_entry,1.0380767336748371e-08,kg kg-1 s-1 approximately,baseline_only,0,neutral_or_mixed,neutral_mixed_or_baseline,high_for_climatology,mfc850 is from ERA5 1991-2020 climatology. It describes normal Kiremt circulation but does not confirm 2026 anomaly by itself.,era5_850hpa_moisture_flux_diagnostics.csv,Baseline only; not a 2026 forecast anomaly.
circulation_baseline,ERA5 omega500 climatology,JJA,June-August 2026,5,arabia_red_sea,-0.003492438685926,Pa s**-1,baseline_only,0,neutral_or_mixed,neutral_mixed_or_baseline,high_for_climatology,omega500 is from ERA5 1991-2020 climatology. It describes normal Kiremt circulation but does not confirm 2026 anomaly by itself.,era5_vertical_divergence_height_diagnostics.csv,Baseline only; not a 2026 forecast anomaly.
circulation_baseline,ERA5 omega500 climatology,JJA,June-August 2026,5,ethiopia,-0.0282667613253039,Pa s**-1,baseline_only,0,neutral_or_mixed,neutral_mixed_or_baseline,high_for_climatology,omega500 is from ERA5 1991-2020 climatology. It describes normal Kiremt circulation but does not confirm 2026 anomaly by itself.,era5_vertical_divergence_height_diagnostics.csv,Baseline only; not a 2026 forecast anomaly.
circulation_baseline,ERA5 omega500 climatology,JJA,June-August 2026,5,greater_horn,0.0024119987956915,Pa s**-1,baseline_only,0,neutral_or_mixed,neutral_mixed_or_baseline,high_for_climatology,omega500 is from ERA5 1991-2020 climatology. It describes normal Kiremt circulation but does not confirm 2026 anomaly by itself.,era5_vertical_divergence_height_diagnostics.csv,Baseline only; not a 2026 forecast anomaly.
circulation_baseline,ERA5 omega500 climatology,JJA,June-August 2026,5,north_africa_arabia,0.0108804423464428,Pa s**-1,baseline_only,0,neutral_or_mixed,neutral_mixed_or_baseline,high_for_climatology,omega500 is from ERA5 1991-2020 climatology. It describes normal Kiremt circulation but does not confirm 2026 anomaly by itself.,era5_vertical_divergence_height_diagnostics.csv,Baseline only; not a 2026 forecast anomaly.
circulation_baseline,ERA5 omega700 climatology,JJA,June-August 2026,5,arabia_red_sea,-0.0353884191471635,Pa s**-1,baseline_only,0,neutral_or_mixed,neutral_mixed_or_baseline,high_for_climatology,omega700 is from ERA5 1991-2020 climatology. It describes normal Kiremt circulation but does not confirm 2026 anomaly by itself.,era5_vertical_divergence_height_diagnostics.csv,Baseline only; not a 2026 forecast anomaly.
circulation_baseline,ERA5 omega700 climatology,JJA,June-August 2026,5,ethiopia,-0.0386465646246982,Pa s**-1,baseline_only,0,neutral_or_mixed,neutral_mixed_or_baseline,high_for_climatology,omega700 is from ERA5 1991-2020 climatology. It describes normal Kiremt circulation but does not confirm 2026 anomaly by itself.,era5_vertical_divergence_height_diagnostics.csv,Baseline only; not a 2026 forecast anomaly.
circulation_baseline,ERA5 omega700 climatology,JJA,June-August 2026,5,greater_horn,-0.0072453709497243,Pa s**-1,baseline_only,0,neutral_or_mixed,neutral_mixed_or_baseline,high_for_climatology,omega700 is from ERA5 1991-2020 climatology. It describes normal Kiremt circulation but does not confirm 2026 anomaly by itself.,era5_vertical_divergence_height_diagnostics.csv,Baseline only; not a 2026 forecast anomaly.
circulation_baseline,ERA5 omega700 climatology,JJA,June-August 2026,5,north_africa_arabia,-0.0091236599415449,Pa s**-1,baseline_only,0,neutral_or_mixed,neutral_mixed_or_baseline,high_for_climatology,omega700 is from ERA5 1991-2020 climatology. It describes normal Kiremt circulation but does not confirm 2026 anomaly by itself.,era5_vertical_divergence_height_diagnostics.csv,Baseline only; not a 2026 forecast anomaly.
circulation_baseline,ERA5 qu850 climatology,JJA,June-August 2026,5,congo_moisture_corridor,0.0086551246730842,kg kg-1 m s-1,baseline_only,0,neutral_or_mixed,neutral_mixed_or_baseline,high_for_climatology,qu850 is from ERA5 1991-2020 climatology. It describes normal Kiremt circulation but does not confirm 2026 anomaly by itself.,era5_850hpa_moisture_flux_diagnostics.csv,Baseline only; not a 2026 forecast anomaly.
circulation_baseline,ERA5 qu850 climatology,JJA,June-August 2026,5,ethiopia,0.0329914470180774,kg kg-1 m s-1,baseline_only,0,neutral_or_mixed,neutral_mixed_or_baseline,high_for_climatology,qu850 is from ERA5 1991-2020 climatology. It describes normal Kiremt circulation but does not confirm 2026 anomaly by itself.,era5_850hpa_moisture_flux_diagnostics.csv,Baseline only; not a 2026 forecast anomaly.
circulation_baseline,ERA5 qu850 climatology,JJA,June-August 2026,5,greater_horn,0.0043122073734144,kg kg-1 m s-1,baseline_only,0,neutral_or_mixed,neutral_mixed_or_baseline,high_for_climatology,qu850 is from ERA5 1991-2020 climatology. It describes normal Kiremt circulation but does not confirm 2026 anomaly by itself.,era5_850hpa_moisture_flux_diagnostics.csv,Baseline only; not a 2026 forecast anomaly.
circulation_baseline,ERA5 qu850 climatology,JJA,June-August 2026,5,western_moisture_entry,0.0157667344850515,kg kg-1 m s-1,baseline_only,0,neutral_or_mixed,neutral_mixed_or_baseline,high_for_climatology,qu850 is from ERA5 1991-2020 climatology. It describes normal Kiremt circulation but does not confirm 2026 anomaly by itself.,era5_850hpa_moisture_flux_diagnostics.csv,Baseline only; not a 2026 forecast anomaly.
circulation_baseline,ERA5 qv850 climatology,JJA,June-August 2026,5,congo_moisture_corridor,0.0141931098230217,kg kg-1 m s-1,baseline_only,0,neutral_or_mixed,neutral_mixed_or_baseline,high_for_climatology,qv850 is from ERA5 1991-2020 climatology. It describes normal Kiremt circulation but does not confirm 2026 anomaly by itself.,era5_850hpa_moisture_flux_diagnostics.csv,Baseline only; not a 2026 forecast anomaly.
circulation_baseline,ERA5 qv850 climatology,JJA,June-August 2026,5,ethiopia,0.039781893470599,kg kg-1 m s-1,baseline_only,0,neutral_or_mixed,neutral_mixed_or_baseline,high_for_climatology,qv850 is from ERA5 1991-2020 climatology. It describes normal Kiremt circulation but does not confirm 2026 anomaly by itself.,era5_850hpa_moisture_flux_diagnostics.csv,Baseline only; not a 2026 forecast anomaly.
circulation_baseline,ERA5 qv850 climatology,JJA,June-August 2026,5,greater_horn,0.0274557838250706,kg kg-1 m s-1,baseline_only,0,neutral_or_mixed,neutral_mixed_or_baseline,high_for_climatology,qv850 is from ERA5 1991-2020 climatology. It describes normal Kiremt circulation but does not confirm 2026 anomaly by itself.,era5_850hpa_moisture_flux_diagnostics.csv,Baseline only; not a 2026 forecast anomaly.
circulation_baseline,ERA5 qv850 climatology,JJA,June-August 2026,5,western_moisture_entry,0.0209298919762236,kg kg-1 m s-1,baseline_only,0,neutral_or_mixed,neutral_mixed_or_baseline,high_for_climatology,qv850 is from ERA5 1991-2020 climatology. It describes normal Kiremt circulation but does not confirm 2026 anomaly by itself.,era5_850hpa_moisture_flux_diagnostics.csv,Baseline only; not a 2026 forecast anomaly.
circulation_baseline,ERA5 wind_speed850 climatology,JJA,June-August 2026,5,congo_moisture_corridor,2.585945017361741,m s**-1,baseline_only,0,neutral_or_mixed,neutral_mixed_or_baseline,high_for_climatology,wind_speed850 is from ERA5 1991-2020 climatology. It describes normal Kiremt circulation but does not confirm 2026 anomaly by itself.,era5_850hpa_moisture_flux_diagnostics.csv,Baseline only; not a 2026 forecast anomaly.
circulation_baseline,ERA5 wind_speed850 climatology,JJA,June-August 2026,5,ethiopia,6.602357156315042,m s**-1,baseline_only,0,neutral_or_mixed,neutral_mixed_or_baseline,high_for_climatology,wind_speed850 is from ERA5 1991-2020 climatology. It describes normal Kiremt circulation but does not confirm 2026 anomaly by itself.,era5_850hpa_moisture_flux_diagnostics.csv,Baseline only; not a 2026 forecast anomaly.
circulation_baseline,ERA5 wind_speed850 climatology,JJA,June-August 2026,5,greater_horn,6.404907835573809,m s**-1,baseline_only,0,neutral_or_mixed,neutral_mixed_or_baseline,high_for_climatology,wind_speed850 is from ERA5 1991-2020 climatology. It describes normal Kiremt circulation but does not confirm 2026 anomaly by itself.,era5_850hpa_moisture_flux_diagnostics.csv,Baseline only; not a 2026 forecast anomaly.
circulation_baseline,ERA5 wind_speed850 climatology,JJA,June-August 2026,5,western_moisture_entry,2.866822164982296,m s**-1,baseline_only,0,neutral_or_mixed,neutral_mixed_or_baseline,high_for_climatology,wind_speed850 is from ERA5 1991-2020 climatology. It describes normal Kiremt circulation but does not confirm 2026 anomaly by itself.,era5_850hpa_moisture_flux_diagnostics.csv,Baseline only; not a 2026 forecast anomaly.
circulation_baseline,ERA5 z200 climatology,JJA,June-August 2026,5,arabia_red_sea,12494.003951662804,m,baseline_only,0,neutral_or_mixed,neutral_mixed_or_baseline,high_for_climatology,z200 is from ERA5 1991-2020 climatology. It describes normal Kiremt circulation but does not confirm 2026 anomaly by itself.,era5_vertical_divergence_height_diagnostics.csv,Baseline only; not a 2026 forecast anomaly.
circulation_baseline,ERA5 z200 climatology,JJA,June-August 2026,5,ethiopia,12430.392802027922,m,baseline_only,0,neutral_or_mixed,neutral_mixed_or_baseline,high_for_climatology,z200 is from ERA5 1991-2020 climatology. It describes normal Kiremt circulation but does not confirm 2026 anomaly by itself.,era5_vertical_divergence_height_diagnostics.csv,Baseline only; not a 2026 forecast anomaly.
circulation_baseline,ERA5 z200 climatology,JJA,June-August 2026,5,greater_horn,12435.810039754995,m,baseline_only,0,neutral_or_mixed,neutral_mixed_or_baseline,high_for_climatology,z200 is from ERA5 1991-2020 climatology. It describes normal Kiremt circulation but does not confirm 2026 anomaly by itself.,era5_vertical_divergence_height_diagnostics.csv,Baseline only; not a 2026 forecast anomaly.
circulation_baseline,ERA5 z200 climatology,JJA,June-August 2026,5,north_africa_arabia,12474.030580126717,m,baseline_only,0,neutral_or_mixed,neutral_mixed_or_baseline,high_for_climatology,z200 is from ERA5 1991-2020 climatology. It describes normal Kiremt circulation but does not confirm 2026 anomaly by itself.,era5_vertical_divergence_height_diagnostics.csv,Baseline only; not a 2026 forecast anomaly.
circulation_baseline,ERA5 z500 climatology,JJA,June-August 2026,5,arabia_red_sea,5877.871449817184,m,baseline_only,0,neutral_or_mixed,neutral_mixed_or_baseline,high_for_climatology,z500 is from ERA5 1991-2020 climatology. It describes normal Kiremt circulation but does not confirm 2026 anomaly by itself.,era5_vertical_divergence_height_diagnostics.csv,Baseline only; not a 2026 forecast anomaly.
circulation_baseline,ERA5 z500 climatology,JJA,June-August 2026,5,ethiopia,5870.664920002976,m,baseline_only,0,neutral_or_mixed,neutral_mixed_or_baseline,high_for_climatology,z500 is from ERA5 1991-2020 climatology. It describes normal Kiremt circulation but does not confirm 2026 anomaly by itself.,era5_vertical_divergence_height_diagnostics.csv,Baseline only; not a 2026 forecast anomaly.
circulation_baseline,ERA5 z500 climatology,JJA,June-August 2026,5,greater_horn,5872.399552383643,m,baseline_only,0,neutral_or_mixed,neutral_mixed_or_baseline,high_for_climatology,z500 is from ERA5 1991-2020 climatology. It describes normal Kiremt circulation but does not confirm 2026 anomaly by itself.,era5_vertical_divergence_height_diagnostics.csv,Baseline only; not a 2026 forecast anomaly.
circulation_baseline,ERA5 z500 climatology,JJA,June-August 2026,5,north_africa_arabia,5881.175600023847,m,baseline_only,0,neutral_or_mixed,neutral_mixed_or_baseline,high_for_climatology,z500 is from ERA5 1991-2020 climatology. It describes normal Kiremt circulation but does not confirm 2026 anomaly by itself.,era5_vertical_divergence_height_diagnostics.csv,Baseline only; not a 2026 forecast anomaly.
ocean_driver,DMI / IOD proxy from NMME tmpsfc,JJA,June-August 2026,5,iod_west_minus_iod_east,0.2251499891281128,K,iod_neutral_or_weak,0,neutral_or_mixed,neutral_mixed_or_baseline,low_to_moderate,IOD signal is neutral or weak.,nmme_sst_driver_diagnostics_from_tmpsfc.csv,IOD influence on Ethiopia Kiremt can be spatially mixed; use official DMI products where possible.
ocean_driver,Niño3.4 SST anomaly proxy from NMME tmpsfc,JJA,June-August 2026,5,nino34_box,1.4461687803268433,K,el_nino_like,1,moderate_dry_support,supports_dry_kiremt,moderate,El Niño-like SST forcing; supports dry-risk for Ethiopia Kiremt.,nmme_sst_driver_diagnostics_from_tmpsfc.csv,"Computed from NMME tmpsfc anomaly as an SST proxy, not an official Niño3.4 index product."
rainfall_forecast,NMME precipitation anomaly,JJA,June-August 2026,5,central_ethiopia,-38.44520950317383,mm/season,weak_below_normal,1,moderate_dry_support,supports_dry_kiremt,moderate,Weak seasonal rainfall deficit signal.,nmme_rainfall_z200_diagnostics.csv,Direct NMME ensemble-mean anomaly; does not show probability or model agreement.
rainfall_forecast,NMME precipitation anomaly,JJA,June-August 2026,5,east_ethiopia,-26.118497848510746,mm/season,weak_below_normal,1,moderate_dry_support,supports_dry_kiremt,moderate,Weak seasonal rainfall deficit signal.,nmme_rainfall_z200_diagnostics.csv,Direct NMME ensemble-mean anomaly; does not show probability or model agreement.
rainfall_forecast,NMME precipitation anomaly,JJA,June-August 2026,5,ethiopia,-31.82372093200684,mm/season,weak_below_normal,1,moderate_dry_support,supports_dry_kiremt,moderate,Weak seasonal rainfall deficit signal.,nmme_rainfall_z200_diagnostics.csv,Direct NMME ensemble-mean anomaly; does not show probability or model agreement.
rainfall_forecast,NMME precipitation anomaly,JJA,June-August 2026,5,greater_horn,-22.560176849365234,mm/season,weak_below_normal,1,moderate_dry_support,supports_dry_kiremt,moderate,Weak seasonal rainfall deficit signal.,nmme_rainfall_z200_diagnostics.csv,Direct NMME ensemble-mean anomaly; does not show probability or model agreement.
rainfall_forecast,NMME precipitation anomaly,JJA,June-August 2026,5,north_ethiopia,-16.10743522644043,mm/season,weak_below_normal,1,moderate_dry_support,supports_dry_kiremt,moderate,Weak seasonal rainfall deficit signal.,nmme_rainfall_z200_diagnostics.csv,Direct NMME ensemble-mean anomaly; does not show probability or model agreement.
rainfall_forecast,NMME precipitation anomaly,JJA,June-August 2026,5,west_ethiopia,-36.76286315917969,mm/season,weak_below_normal,1,moderate_dry_support,supports_dry_kiremt,moderate,Weak seasonal rainfall deficit signal.,nmme_rainfall_z200_diagnostics.csv,Direct NMME ensemble-mean anomaly; does not show probability or model agreement.
upper_level_circulation,NMME z200 anomaly,JJA,June-August 2026,5,arabia_red_sea,44.66987228393555,m,positive_height_anomaly,1,moderate_dry_support,supports_dry_kiremt,low_to_moderate,Positive z200 anomaly may suggest ridging/subsidence-supporting circulation.,nmme_rainfall_z200_diagnostics.csv,"z200 alone is not sufficient; interpret together with u200, divergence, omega, and rainfall."
upper_level_circulation,NMME z200 anomaly,JJA,June-August 2026,5,east_africa,49.302772521972656,m,positive_height_anomaly,1,moderate_dry_support,supports_dry_kiremt,low_to_moderate,Positive z200 anomaly may suggest ridging/subsidence-supporting circulation.,nmme_rainfall_z200_diagnostics.csv,"z200 alone is not sufficient; interpret together with u200, divergence, omega, and rainfall."
upper_level_circulation,NMME z200 anomaly,JJA,June-August 2026,5,ethiopia,50.24399566650391,m,positive_height_anomaly,1,moderate_dry_support,supports_dry_kiremt,low_to_moderate,Positive z200 anomaly may suggest ridging/subsidence-supporting circulation.,nmme_rainfall_z200_diagnostics.csv,"z200 alone is not sufficient; interpret together with u200, divergence, omega, and rainfall."
upper_level_circulation,NMME z200 anomaly,JJA,June-August 2026,5,greater_horn,48.27667617797852,m,positive_height_anomaly,1,moderate_dry_support,supports_dry_kiremt,low_to_moderate,Positive z200 anomaly may suggest ridging/subsidence-supporting circulation.,nmme_rainfall_z200_diagnostics.csv,"z200 alone is not sufficient; interpret together with u200, divergence, omega, and rainfall."
upper_level_circulation,NMME z200 anomaly,JJA,June-August 2026,5,north_africa_arabia,40.48756408691406,m,positive_height_anomaly,1,moderate_dry_support,supports_dry_kiremt,low_to_moderate,Positive z200 anomaly may suggest ridging/subsidence-supporting circulation.,nmme_rainfall_z200_diagnostics.csv,"z200 alone is not sufficient; interpret together with u200, divergence, omega, and rainfall."
circulation_baseline,ERA5 TEJ strength climatology,JJAS,June-September 2026,6,tej_core,16.757601249896105,m s**-1,baseline_only,0,neutral_or_mixed,neutral_mixed_or_baseline,high_for_climatology,TEJ strength climatology is from ERA5 1991-2020 climatology. It describes normal Kiremt circulation but does not confirm 2026 anomaly by itself.,era5_tej_index_climatology.csv,Baseline only; not a 2026 forecast anomaly.
circulation_baseline,ERA5 divergence200 climatology,JJAS,June-September 2026,6,arabia_red_sea,-5.92465699523411e-07,s**-1,baseline_only,0,neutral_or_mixed,neutral_mixed_or_baseline,high_for_climatology,divergence200 is from ERA5 1991-2020 climatology. It describes normal Kiremt circulation but does not confirm 2026 anomaly by itself.,era5_vertical_divergence_height_diagnostics.csv,Baseline only; not a 2026 forecast anomaly.
circulation_baseline,ERA5 divergence200 climatology,JJAS,June-September 2026,6,ethiopia,-8.176301199516803e-07,s**-1,baseline_only,0,neutral_or_mixed,neutral_mixed_or_baseline,high_for_climatology,divergence200 is from ERA5 1991-2020 climatology. It describes normal Kiremt circulation but does not confirm 2026 anomaly by itself.,era5_vertical_divergence_height_diagnostics.csv,Baseline only; not a 2026 forecast anomaly.
circulation_baseline,ERA5 divergence200 climatology,JJAS,June-September 2026,6,greater_horn,-5.680899177697516e-07,s**-1,baseline_only,0,neutral_or_mixed,neutral_mixed_or_baseline,high_for_climatology,divergence200 is from ERA5 1991-2020 climatology. It describes normal Kiremt circulation but does not confirm 2026 anomaly by itself.,era5_vertical_divergence_height_diagnostics.csv,Baseline only; not a 2026 forecast anomaly.
circulation_baseline,ERA5 divergence200 climatology,JJAS,June-September 2026,6,north_africa_arabia,-6.466309388299316e-07,s**-1,baseline_only,0,neutral_or_mixed,neutral_mixed_or_baseline,high_for_climatology,divergence200 is from ERA5 1991-2020 climatology. It describes normal Kiremt circulation but does not confirm 2026 anomaly by itself.,era5_vertical_divergence_height_diagnostics.csv,Baseline only; not a 2026 forecast anomaly.
circulation_baseline,ERA5 mfc850 climatology,JJAS,June-September 2026,6,congo_moisture_corridor,1.4281626601771161e-08,kg kg-1 s-1 approximately,baseline_only,0,neutral_or_mixed,neutral_mixed_or_baseline,high_for_climatology,mfc850 is from ERA5 1991-2020 climatology. It describes normal Kiremt circulation but does not confirm 2026 anomaly by itself.,era5_850hpa_moisture_flux_diagnostics.csv,Baseline only; not a 2026 forecast anomaly.
circulation_baseline,ERA5 mfc850 climatology,JJAS,June-September 2026,6,ethiopia,8.990433528885353e-09,kg kg-1 s-1 approximately,baseline_only,0,neutral_or_mixed,neutral_mixed_or_baseline,high_for_climatology,mfc850 is from ERA5 1991-2020 climatology. It describes normal Kiremt circulation but does not confirm 2026 anomaly by itself.,era5_850hpa_moisture_flux_diagnostics.csv,Baseline only; not a 2026 forecast anomaly.
circulation_baseline,ERA5 mfc850 climatology,JJAS,June-September 2026,6,greater_horn,2.3486826189825396e-09,kg kg-1 s-1 approximately,baseline_only,0,neutral_or_mixed,neutral_mixed_or_baseline,high_for_climatology,mfc850 is from ERA5 1991-2020 climatology. It describes normal Kiremt circulation but does not confirm 2026 anomaly by itself.,era5_850hpa_moisture_flux_diagnostics.csv,Baseline only; not a 2026 forecast anomaly.
circulation_baseline,ERA5 mfc850 climatology,JJAS,June-September 2026,6,western_moisture_entry,9.918949494860545e-09,kg kg-1 s-1 approximately,baseline_only,0,neutral_or_mixed,neutral_mixed_or_baseline,high_for_climatology,mfc850 is from ERA5 1991-2020 climatology. It describes normal Kiremt circulation but does not confirm 2026 anomaly by itself.,era5_850hpa_moisture_flux_diagnostics.csv,Baseline only; not a 2026 forecast anomaly.
circulation_baseline,ERA5 omega500 climatology,JJAS,June-September 2026,6,arabia_red_sea,0.0003971271838613,Pa s**-1,baseline_only,0,neutral_or_mixed,neutral_mixed_or_baseline,high_for_climatology,omega500 is from ERA5 1991-2020 climatology. It describes normal Kiremt circulation but does not confirm 2026 anomaly by itself.,era5_vertical_divergence_height_diagnostics.csv,Baseline only; not a 2026 forecast anomaly.
circulation_baseline,ERA5 omega500 climatology,JJAS,June-September 2026,6,ethiopia,-0.0238077827864308,Pa s**-1,baseline_only,0,neutral_or_mixed,neutral_mixed_or_baseline,high_for_climatology,omega500 is from ERA5 1991-2020 climatology. It describes normal Kiremt circulation but does not confirm 2026 anomaly by itself.,era5_vertical_divergence_height_diagnostics.csv,Baseline only; not a 2026 forecast anomaly.
circulation_baseline,ERA5 omega500 climatology,JJAS,June-September 2026,6,greater_horn,0.0029215753902888,Pa s**-1,baseline_only,0,neutral_or_mixed,neutral_mixed_or_baseline,high_for_climatology,omega500 is from ERA5 1991-2020 climatology. It describes normal Kiremt circulation but does not confirm 2026 anomaly by itself.,era5_vertical_divergence_height_diagnostics.csv,Baseline only; not a 2026 forecast anomaly.
circulation_baseline,ERA5 omega500 climatology,JJAS,June-September 2026,6,north_africa_arabia,0.0127537844137894,Pa s**-1,baseline_only,0,neutral_or_mixed,neutral_mixed_or_baseline,high_for_climatology,omega500 is from ERA5 1991-2020 climatology. It describes normal Kiremt circulation but does not confirm 2026 anomaly by itself.,era5_vertical_divergence_height_diagnostics.csv,Baseline only; not a 2026 forecast anomaly.
circulation_baseline,ERA5 omega700 climatology,JJAS,June-September 2026,6,arabia_red_sea,-0.0308556682355177,Pa s**-1,baseline_only,0,neutral_or_mixed,neutral_mixed_or_baseline,high_for_climatology,omega700 is from ERA5 1991-2020 climatology. It describes normal Kiremt circulation but does not confirm 2026 anomaly by itself.,era5_vertical_divergence_height_diagnostics.csv,Baseline only; not a 2026 forecast anomaly.
circulation_baseline,ERA5 omega700 climatology,JJAS,June-September 2026,6,ethiopia,-0.0374956332735818,Pa s**-1,baseline_only,0,neutral_or_mixed,neutral_mixed_or_baseline,high_for_climatology,omega700 is from ERA5 1991-2020 climatology. It describes normal Kiremt circulation but does not confirm 2026 anomaly by itself.,era5_vertical_divergence_height_diagnostics.csv,Baseline only; not a 2026 forecast anomaly.
circulation_baseline,ERA5 omega700 climatology,JJAS,June-September 2026,6,greater_horn,-0.0074883201051789,Pa s**-1,baseline_only,0,neutral_or_mixed,neutral_mixed_or_baseline,high_for_climatology,omega700 is from ERA5 1991-2020 climatology. It describes normal Kiremt circulation but does not confirm 2026 anomaly by itself.,era5_vertical_divergence_height_diagnostics.csv,Baseline only; not a 2026 forecast anomaly.
circulation_baseline,ERA5 omega700 climatology,JJAS,June-September 2026,6,north_africa_arabia,-0.0066153784985771,Pa s**-1,baseline_only,0,neutral_or_mixed,neutral_mixed_or_baseline,high_for_climatology,omega700 is from ERA5 1991-2020 climatology. It describes normal Kiremt circulation but does not confirm 2026 anomaly by itself.,era5_vertical_divergence_height_diagnostics.csv,Baseline only; not a 2026 forecast anomaly.
circulation_baseline,ERA5 qu850 climatology,JJAS,June-September 2026,6,congo_moisture_corridor,0.0069552051239324,kg kg-1 m s-1,baseline_only,0,neutral_or_mixed,neutral_mixed_or_baseline,high_for_climatology,qu850 is from ERA5 1991-2020 climatology. It describes normal Kiremt circulation but does not confirm 2026 anomaly by itself.,era5_850hpa_moisture_flux_diagnostics.csv,Baseline only; not a 2026 forecast anomaly.
circulation_baseline,ERA5 qu850 climatology,JJAS,June-September 2026,6,ethiopia,0.028203336005932,kg kg-1 m s-1,baseline_only,0,neutral_or_mixed,neutral_mixed_or_baseline,high_for_climatology,qu850 is from ERA5 1991-2020 climatology. It describes normal Kiremt circulation but does not confirm 2026 anomaly by itself.,era5_850hpa_moisture_flux_diagnostics.csv,Baseline only; not a 2026 forecast anomaly.
circulation_baseline,ERA5 qu850 climatology,JJAS,June-September 2026,6,greater_horn,0.0009735581645029,kg kg-1 m s-1,baseline_only,0,neutral_or_mixed,neutral_mixed_or_baseline,high_for_climatology,qu850 is from ERA5 1991-2020 climatology. It describes normal Kiremt circulation but does not confirm 2026 anomaly by itself.,era5_850hpa_moisture_flux_diagnostics.csv,Baseline only; not a 2026 forecast anomaly.
circulation_baseline,ERA5 qu850 climatology,JJAS,June-September 2026,6,western_moisture_entry,0.0115104456155562,kg kg-1 m s-1,baseline_only,0,neutral_or_mixed,neutral_mixed_or_baseline,high_for_climatology,qu850 is from ERA5 1991-2020 climatology. It describes normal Kiremt circulation but does not confirm 2026 anomaly by itself.,era5_850hpa_moisture_flux_diagnostics.csv,Baseline only; not a 2026 forecast anomaly.
circulation_baseline,ERA5 qv850 climatology,JJAS,June-September 2026,6,congo_moisture_corridor,0.0108461034617354,kg kg-1 m s-1,baseline_only,0,neutral_or_mixed,neutral_mixed_or_baseline,high_for_climatology,qv850 is from ERA5 1991-2020 climatology. It describes normal Kiremt circulation but does not confirm 2026 anomaly by itself.,era5_850hpa_moisture_flux_diagnostics.csv,Baseline only; not a 2026 forecast anomaly.
circulation_baseline,ERA5 qv850 climatology,JJAS,June-September 2026,6,ethiopia,0.037122450318186,kg kg-1 m s-1,baseline_only,0,neutral_or_mixed,neutral_mixed_or_baseline,high_for_climatology,qv850 is from ERA5 1991-2020 climatology. It describes normal Kiremt circulation but does not confirm 2026 anomaly by itself.,era5_850hpa_moisture_flux_diagnostics.csv,Baseline only; not a 2026 forecast anomaly.
circulation_baseline,ERA5 qv850 climatology,JJAS,June-September 2026,6,greater_horn,0.0241350429948207,kg kg-1 m s-1,baseline_only,0,neutral_or_mixed,neutral_mixed_or_baseline,high_for_climatology,qv850 is from ERA5 1991-2020 climatology. It describes normal Kiremt circulation but does not confirm 2026 anomaly by itself.,era5_850hpa_moisture_flux_diagnostics.csv,Baseline only; not a 2026 forecast anomaly.
circulation_baseline,ERA5 qv850 climatology,JJAS,June-September 2026,6,western_moisture_entry,0.0175978028856868,kg kg-1 m s-1,baseline_only,0,neutral_or_mixed,neutral_mixed_or_baseline,high_for_climatology,qv850 is from ERA5 1991-2020 climatology. It describes normal Kiremt circulation but does not confirm 2026 anomaly by itself.,era5_850hpa_moisture_flux_diagnostics.csv,Baseline only; not a 2026 forecast anomaly.
circulation_baseline,ERA5 wind_speed850 climatology,JJAS,June-September 2026,6,congo_moisture_corridor,2.436669669312466,m s**-1,baseline_only,0,neutral_or_mixed,neutral_mixed_or_baseline,high_for_climatology,wind_speed850 is from ERA5 1991-2020 climatology. It describes normal Kiremt circulation but does not confirm 2026 anomaly by itself.,era5_850hpa_moisture_flux_diagnostics.csv,Baseline only; not a 2026 forecast anomaly.
circulation_baseline,ERA5 wind_speed850 climatology,JJAS,June-September 2026,6,ethiopia,6.078277217582907,m s**-1,baseline_only,0,neutral_or_mixed,neutral_mixed_or_baseline,high_for_climatology,wind_speed850 is from ERA5 1991-2020 climatology. It describes normal Kiremt circulation but does not confirm 2026 anomaly by itself.,era5_850hpa_moisture_flux_diagnostics.csv,Baseline only; not a 2026 forecast anomaly.
circulation_baseline,ERA5 wind_speed850 climatology,JJAS,June-September 2026,6,greater_horn,6.061539925810691,m s**-1,baseline_only,0,neutral_or_mixed,neutral_mixed_or_baseline,high_for_climatology,wind_speed850 is from ERA5 1991-2020 climatology. It describes normal Kiremt circulation but does not confirm 2026 anomaly by itself.,era5_850hpa_moisture_flux_diagnostics.csv,Baseline only; not a 2026 forecast anomaly.
circulation_baseline,ERA5 wind_speed850 climatology,JJAS,June-September 2026,6,western_moisture_entry,2.561567998227158,m s**-1,baseline_only,0,neutral_or_mixed,neutral_mixed_or_baseline,high_for_climatology,wind_speed850 is from ERA5 1991-2020 climatology. It describes normal Kiremt circulation but does not confirm 2026 anomaly by itself.,era5_850hpa_moisture_flux_diagnostics.csv,Baseline only; not a 2026 forecast anomaly.
circulation_baseline,ERA5 z200 climatology,JJAS,June-September 2026,6,arabia_red_sea,12485.672948907582,m,baseline_only,0,neutral_or_mixed,neutral_mixed_or_baseline,high_for_climatology,z200 is from ERA5 1991-2020 climatology. It describes normal Kiremt circulation but does not confirm 2026 anomaly by itself.,era5_vertical_divergence_height_diagnostics.csv,Baseline only; not a 2026 forecast anomaly.
circulation_baseline,ERA5 z200 climatology,JJAS,June-September 2026,6,ethiopia,12428.456717553388,m,baseline_only,0,neutral_or_mixed,neutral_mixed_or_baseline,high_for_climatology,z200 is from ERA5 1991-2020 climatology. It describes normal Kiremt circulation but does not confirm 2026 anomaly by itself.,era5_vertical_divergence_height_diagnostics.csv,Baseline only; not a 2026 forecast anomaly.
circulation_baseline,ERA5 z200 climatology,JJAS,June-September 2026,6,greater_horn,12432.810849076985,m,baseline_only,0,neutral_or_mixed,neutral_mixed_or_baseline,high_for_climatology,z200 is from ERA5 1991-2020 climatology. It describes normal Kiremt circulation but does not confirm 2026 anomaly by itself.,era5_vertical_divergence_height_diagnostics.csv,Baseline only; not a 2026 forecast anomaly.
circulation_baseline,ERA5 z200 climatology,JJAS,June-September 2026,6,north_africa_arabia,12462.38726947016,m,baseline_only,0,neutral_or_mixed,neutral_mixed_or_baseline,high_for_climatology,z200 is from ERA5 1991-2020 climatology. It describes normal Kiremt circulation but does not confirm 2026 anomaly by itself.,era5_vertical_divergence_height_diagnostics.csv,Baseline only; not a 2026 forecast anomaly.
circulation_baseline,ERA5 z500 climatology,JJAS,June-September 2026,6,arabia_red_sea,5877.883892114006,m,baseline_only,0,neutral_or_mixed,neutral_mixed_or_baseline,high_for_climatology,z500 is from ERA5 1991-2020 climatology. It describes normal Kiremt circulation but does not confirm 2026 anomaly by itself.,era5_vertical_divergence_height_diagnostics.csv,Baseline only; not a 2026 forecast anomaly.
circulation_baseline,ERA5 z500 climatology,JJAS,June-September 2026,6,ethiopia,5870.115965339222,m,baseline_only,0,neutral_or_mixed,neutral_mixed_or_baseline,high_for_climatology,z500 is from ERA5 1991-2020 climatology. It describes normal Kiremt circulation but does not confirm 2026 anomaly by itself.,era5_vertical_divergence_height_diagnostics.csv,Baseline only; not a 2026 forecast anomaly.
circulation_baseline,ERA5 z500 climatology,JJAS,June-September 2026,6,greater_horn,5872.071225043201,m,baseline_only,0,neutral_or_mixed,neutral_mixed_or_baseline,high_for_climatology,z500 is from ERA5 1991-2020 climatology. It describes normal Kiremt circulation but does not confirm 2026 anomaly by itself.,era5_vertical_divergence_height_diagnostics.csv,Baseline only; not a 2026 forecast anomaly.
circulation_baseline,ERA5 z500 climatology,JJAS,June-September 2026,6,north_africa_arabia,5880.432147422445,m,baseline_only,0,neutral_or_mixed,neutral_mixed_or_baseline,high_for_climatology,z500 is from ERA5 1991-2020 climatology. It describes normal Kiremt circulation but does not confirm 2026 anomaly by itself.,era5_vertical_divergence_height_diagnostics.csv,Baseline only; not a 2026 forecast anomaly.
ocean_driver,DMI / IOD proxy from NMME tmpsfc,JJAS,June-September 2026,6,iod_west_minus_iod_east,0.379563644528389,K,iod_neutral_or_weak,0,neutral_or_mixed,neutral_mixed_or_baseline,low_to_moderate,IOD signal is neutral or weak.,nmme_sst_driver_diagnostics_from_tmpsfc.csv,IOD influence on Ethiopia Kiremt can be spatially mixed; use official DMI products where possible.
ocean_driver,Niño3.4 SST anomaly proxy from NMME tmpsfc,JJAS,June-September 2026,6,nino34_box,1.6860640048980713,K,strong_el_nino_like,2,strong_dry_support,supports_dry_kiremt,moderate,Strong El Niño-like SST forcing; supports dry-risk for Ethiopia Kiremt.,nmme_sst_driver_diagnostics_from_tmpsfc.csv,"Computed from NMME tmpsfc anomaly as an SST proxy, not an official Niño3.4 index product."
rainfall_forecast,NMME precipitation anomaly,JJAS,June-September 2026,6,central_ethiopia,-49.3848762512207,mm/season,moderate_below_normal,1,moderate_dry_support,supports_dry_kiremt,moderate,Moderate seasonal rainfall deficit signal.,nmme_rainfall_z200_diagnostics.csv,Direct NMME ensemble-mean anomaly; does not show probability or model agreement.
rainfall_forecast,NMME precipitation anomaly,JJAS,June-September 2026,6,east_ethiopia,-32.58273696899414,mm/season,weak_below_normal,1,moderate_dry_support,supports_dry_kiremt,moderate,Weak seasonal rainfall deficit signal.,nmme_rainfall_z200_diagnostics.csv,Direct NMME ensemble-mean anomaly; does not show probability or model agreement.
rainfall_forecast,NMME precipitation anomaly,JJAS,June-September 2026,6,ethiopia,-40.89413070678711,mm/season,moderate_below_normal,1,moderate_dry_support,supports_dry_kiremt,moderate,Moderate seasonal rainfall deficit signal.,nmme_rainfall_z200_diagnostics.csv,Direct NMME ensemble-mean anomaly; does not show probability or model agreement.
rainfall_forecast,NMME precipitation anomaly,JJAS,June-September 2026,6,greater_horn,-26.30030632019043,mm/season,weak_below_normal,1,moderate_dry_support,supports_dry_kiremt,moderate,Weak seasonal rainfall deficit signal.,nmme_rainfall_z200_diagnostics.csv,Direct NMME ensemble-mean anomaly; does not show probability or model agreement.
rainfall_forecast,NMME precipitation anomaly,JJAS,June-September 2026,6,north_ethiopia,-17.88300132751465,mm/season,weak_below_normal,1,moderate_dry_support,supports_dry_kiremt,moderate,Weak seasonal rainfall deficit signal.,nmme_rainfall_z200_diagnostics.csv,Direct NMME ensemble-mean anomaly; does not show probability or model agreement.
rainfall_forecast,NMME precipitation anomaly,JJAS,June-September 2026,6,west_ethiopia,-49.8460693359375,mm/season,moderate_below_normal,1,moderate_dry_support,supports_dry_kiremt,moderate,Moderate seasonal rainfall deficit signal.,nmme_rainfall_z200_diagnostics.csv,Direct NMME ensemble-mean anomaly; does not show probability or model agreement.
upper_level_circulation,NMME z200 anomaly,JJAS,June-September 2026,6,arabia_red_sea,46.39841079711914,m,positive_height_anomaly,1,moderate_dry_support,supports_dry_kiremt,low_to_moderate,Positive z200 anomaly may suggest ridging/subsidence-supporting circulation.,nmme_rainfall_z200_diagnostics.csv,"z200 alone is not sufficient; interpret together with u200, divergence, omega, and rainfall."
upper_level_circulation,NMME z200 anomaly,JJAS,June-September 2026,6,east_africa,52.0394287109375,m,positive_height_anomaly,1,moderate_dry_support,supports_dry_kiremt,low_to_moderate,Positive z200 anomaly may suggest ridging/subsidence-supporting circulation.,nmme_rainfall_z200_diagnostics.csv,"z200 alone is not sufficient; interpret together with u200, divergence, omega, and rainfall."
upper_level_circulation,NMME z200 anomaly,JJAS,June-September 2026,6,ethiopia,52.82157897949219,m,positive_height_anomaly,1,moderate_dry_support,supports_dry_kiremt,low_to_moderate,Positive z200 anomaly may suggest ridging/subsidence-supporting circulation.,nmme_rainfall_z200_diagnostics.csv,"z200 alone is not sufficient; interpret together with u200, divergence, omega, and rainfall."
upper_level_circulation,NMME z200 anomaly,JJAS,June-September 2026,6,greater_horn,50.894508361816406,m,positive_height_anomaly,1,moderate_dry_support,supports_dry_kiremt,low_to_moderate,Positive z200 anomaly may suggest ridging/subsidence-supporting circulation.,nmme_rainfall_z200_diagnostics.csv,"z200 alone is not sufficient; interpret together with u200, divergence, omega, and rainfall."
upper_level_circulation,NMME z200 anomaly,JJAS,June-September 2026,6,north_africa_arabia,42.59611129760742,m,positive_height_anomaly,1,moderate_dry_support,supports_dry_kiremt,low_to_moderate,Positive z200 anomaly may suggest ridging/subsidence-supporting circulation.,nmme_rainfall_z200_diagnostics.csv,"z200 alone is not sufficient; interpret together with u200, divergence, omega, and rainfall."
