source_system,evidence_type,evidence_group,period,period_label,period_order,domain,diagnostic,value,units,classification,raw_score,weight,weighted_score,support_direction,evidence_strength,confidence,interpretation,limitation,source_table
CFSv2_NOMADS_June2026_init,cfsv2_raw_dynamic_consistency,dynamic_circulation_forecast,Jun,June 2026,1,ethiopia,div200,-5.755052278032781e-07,s-1,convergence,1.0,0.5,0.5,supports_dry_kiremt,moderate_dry_support,low_to_moderate,Upper-level convergence may suppress deep convection and supports dry-risk interpretation.,Raw CFSv2 forecast field; not an anomaly relative to model hindcast climatology.,cfsv2_dynamic_area_mean_diagnostics.csv
CFSv2_NOMADS_June2026_init,cfsv2_raw_dynamic_consistency,dynamic_circulation_forecast,Jun,June 2026,1,ethiopia,mfc850,8.465861829215095e-09,kg kg-1 s-1 approximately,moisture_convergence,-1.0,0.5,-0.5,supports_wet_or_reduces_dry_risk,moderate_wet_support,low_to_moderate,Low-level moisture-flux convergence supports rainfall potential.,Raw CFSv2 forecast field; not an anomaly relative to model hindcast climatology.,cfsv2_dynamic_area_mean_diagnostics.csv
CFSv2_NOMADS_June2026_init,cfsv2_raw_dynamic_consistency,dynamic_circulation_forecast,Jun,June 2026,1,ethiopia,omega500,-0.0054570209459301,Pa s**-1,rising_motion_tendency,-1.0,0.5,-0.5,supports_wet_or_reduces_dry_risk,moderate_wet_support,low_to_moderate,Negative omega indicates rising-motion tendency and supports rainfall potential.,Raw CFSv2 forecast field; not an anomaly relative to model hindcast climatology.,cfsv2_dynamic_area_mean_diagnostics.csv
CFSv2_NOMADS_June2026_init,cfsv2_raw_dynamic_consistency,dynamic_circulation_forecast,Jun,June 2026,1,ethiopia,omega700,-0.0276787098938263,Pa s**-1,rising_motion_tendency,-1.0,0.5,-0.5,supports_wet_or_reduces_dry_risk,moderate_wet_support,low_to_moderate,Negative omega indicates rising-motion tendency and supports rainfall potential.,Raw CFSv2 forecast field; not an anomaly relative to model hindcast climatology.,cfsv2_dynamic_area_mean_diagnostics.csv
CFSv2_NOMADS_June2026_init,cfsv2_raw_dynamic_consistency,dynamic_circulation_forecast,Jun,June 2026,1,ethiopia,q850,0.0104754645885927,kg kg**-1,not_classified,0.0,0.25,0.0,neutral_mixed_or_context_only,neutral_or_context,context_only,"q850 is retained as circulation context, but it is not scored because raw values require anomaly or pattern-based interpretation.",Raw CFSv2 forecast field; not an anomaly relative to model hindcast climatology.,cfsv2_dynamic_area_mean_diagnostics.csv
CFSv2_NOMADS_June2026_init,cfsv2_raw_dynamic_consistency,dynamic_circulation_forecast,Jun,June 2026,1,ethiopia,qu850,0.0265157768155743,kg kg-1 m s-1,not_classified,0.0,0.25,0.0,neutral_mixed_or_context_only,neutral_or_context,context_only,"qu850 is retained as circulation context, but it is not scored because raw values require anomaly or pattern-based interpretation.",Raw CFSv2 forecast field; not an anomaly relative to model hindcast climatology.,cfsv2_dynamic_area_mean_diagnostics.csv
CFSv2_NOMADS_June2026_init,cfsv2_raw_dynamic_consistency,dynamic_circulation_forecast,Jun,June 2026,1,ethiopia,qv850,0.041719547730842,kg kg-1 m s-1,not_classified,0.0,0.25,0.0,neutral_mixed_or_context_only,neutral_or_context,context_only,"qv850 is retained as circulation context, but it is not scored because raw values require anomaly or pattern-based interpretation.",Raw CFSv2 forecast field; not an anomaly relative to model hindcast climatology.,cfsv2_dynamic_area_mean_diagnostics.csv
CFSv2_NOMADS_June2026_init,cfsv2_raw_dynamic_consistency,dynamic_circulation_forecast,Jun,June 2026,1,ethiopia,sst_proxy,303.4665113830432,K,not_classified,0.0,0.25,0.0,neutral_mixed_or_context_only,neutral_or_context,context_only,"sst_proxy is retained as circulation context, but it is not scored because raw values require anomaly or pattern-based interpretation.",Raw CFSv2 forecast field; not an anomaly relative to model hindcast climatology.,cfsv2_dynamic_area_mean_diagnostics.csv
CFSv2_NOMADS_June2026_init,cfsv2_raw_dynamic_consistency,dynamic_circulation_forecast,Jun,June 2026,1,ethiopia,strf200,-17323173.48532735,m**2 s**-1,not_classified,0.0,0.25,0.0,neutral_mixed_or_context_only,neutral_or_context,context_only,"strf200 is retained as circulation context, but it is not scored because raw values require anomaly or pattern-based interpretation.",Raw CFSv2 forecast field; not an anomaly relative to model hindcast climatology.,cfsv2_dynamic_area_mean_diagnostics.csv
CFSv2_NOMADS_June2026_init,cfsv2_raw_dynamic_consistency,dynamic_circulation_forecast,Jun,June 2026,1,ethiopia,tej_strength,16.20283939870558,m s**-1,moderate_tej,-1.0,0.5,-0.5,supports_wet_or_reduces_dry_risk,moderate_wet_support,low_to_moderate,Moderate/strong TEJ supports an active Kiremt upper-level jet background and reduces dry-risk confidence.,Raw CFSv2 forecast field; not an anomaly relative to model hindcast climatology.,cfsv2_dynamic_area_mean_diagnostics.csv
CFSv2_NOMADS_June2026_init,cfsv2_raw_dynamic_consistency,dynamic_circulation_forecast,Jun,June 2026,1,ethiopia,u200,-16.20283939870558,m s**-1,easterly_flow,-0.5,0.5,-0.25,supports_wet_or_reduces_dry_risk,weak_wet_support,low,Easterly 200 hPa flow is consistent with TEJ background and supports rainfall potential.,Raw CFSv2 forecast field; not an anomaly relative to model hindcast climatology.,cfsv2_dynamic_area_mean_diagnostics.csv
CFSv2_NOMADS_June2026_init,cfsv2_raw_dynamic_consistency,dynamic_circulation_forecast,Jun,June 2026,1,ethiopia,u850,2.599763351434274,m s**-1,not_classified,0.0,0.25,0.0,neutral_mixed_or_context_only,neutral_or_context,context_only,"u850 is retained as circulation context, but it is not scored because raw values require anomaly or pattern-based interpretation.",Raw CFSv2 forecast field; not an anomaly relative to model hindcast climatology.,cfsv2_dynamic_area_mean_diagnostics.csv
CFSv2_NOMADS_June2026_init,cfsv2_raw_dynamic_consistency,dynamic_circulation_forecast,Jun,June 2026,1,ethiopia,v200,0.8589348232838271,m s**-1,not_classified,0.0,0.25,0.0,neutral_mixed_or_context_only,neutral_or_context,context_only,"v200 is retained as circulation context, but it is not scored because raw values require anomaly or pattern-based interpretation.",Raw CFSv2 forecast field; not an anomaly relative to model hindcast climatology.,cfsv2_dynamic_area_mean_diagnostics.csv
CFSv2_NOMADS_June2026_init,cfsv2_raw_dynamic_consistency,dynamic_circulation_forecast,Jun,June 2026,1,ethiopia,v850,3.8981071592929983,m s**-1,not_classified,0.0,0.25,0.0,neutral_mixed_or_context_only,neutral_or_context,context_only,"v850 is retained as circulation context, but it is not scored because raw values require anomaly or pattern-based interpretation.",Raw CFSv2 forecast field; not an anomaly relative to model hindcast climatology.,cfsv2_dynamic_area_mean_diagnostics.csv
CFSv2_NOMADS_June2026_init,cfsv2_raw_dynamic_consistency,dynamic_circulation_forecast,Jun,June 2026,1,ethiopia,vp200,6885546.944694206,m**2 s**-1,not_classified,0.0,0.25,0.0,neutral_mixed_or_context_only,neutral_or_context,context_only,"vp200 is retained as circulation context, but it is not scored because raw values require anomaly or pattern-based interpretation.",Raw CFSv2 forecast field; not an anomaly relative to model hindcast climatology.,cfsv2_dynamic_area_mean_diagnostics.csv
CFSv2_NOMADS_June2026_init,cfsv2_raw_dynamic_consistency,dynamic_circulation_forecast,Jun,June 2026,1,ethiopia,wind_speed850,6.0425720906005385,m s**-1,not_classified,0.0,0.25,0.0,neutral_mixed_or_context_only,neutral_or_context,context_only,"wind_speed850 is retained as circulation context, but it is not scored because raw values require anomaly or pattern-based interpretation.",Raw CFSv2 forecast field; not an anomaly relative to model hindcast climatology.,cfsv2_dynamic_area_mean_diagnostics.csv
CFSv2_NOMADS_June2026_init,cfsv2_raw_dynamic_consistency,dynamic_circulation_forecast,Jun,June 2026,1,ethiopia,z200,12438.359995336545,gpm,not_classified,0.0,0.25,0.0,neutral_mixed_or_context_only,neutral_or_context,context_only,"z200 is retained as circulation context, but it is not scored because raw values require anomaly or pattern-based interpretation.",Raw CFSv2 forecast field; not an anomaly relative to model hindcast climatology.,cfsv2_dynamic_area_mean_diagnostics.csv
CFSv2_NOMADS_June2026_init,cfsv2_raw_dynamic_consistency,dynamic_circulation_forecast,Jun,June 2026,1,ethiopia,z500,5881.470958416259,gpm,not_classified,0.0,0.25,0.0,neutral_mixed_or_context_only,neutral_or_context,context_only,"z500 is retained as circulation context, but it is not scored because raw values require anomaly or pattern-based interpretation.",Raw CFSv2 forecast field; not an anomaly relative to model hindcast climatology.,cfsv2_dynamic_area_mean_diagnostics.csv
NMME_CPC_ENSMEAN,era5_climatological_context,circulation_baseline,Jun,June 2026,1,tej_core,ERA5 TEJ strength climatology,14.382869242257376,m s**-1,baseline_only,0.0,0.0,0.0,neutral_mixed_or_context_only,neutral_or_context,high_for_climatology,TEJ strength climatology is from ERA5 1991-2020 climatology. It describes normal Kiremt circulation but does not confirm 2026 anomaly by itself.,Baseline only; not a 2026 forecast anomaly.,final_dynamic_evidence_matrix.csv
NMME_CPC_ENSMEAN,era5_climatological_context,circulation_baseline,Jun,June 2026,1,arabia_red_sea,ERA5 divergence200 climatology,-5.626030050473188e-07,s**-1,baseline_only,0.0,0.0,0.0,neutral_mixed_or_context_only,neutral_or_context,high_for_climatology,divergence200 is from ERA5 1991-2020 climatology. It describes normal Kiremt circulation but does not confirm 2026 anomaly by itself.,Baseline only; not a 2026 forecast anomaly.,final_dynamic_evidence_matrix.csv
NMME_CPC_ENSMEAN,era5_climatological_context,circulation_baseline,Jun,June 2026,1,ethiopia,ERA5 divergence200 climatology,-1.229693986470377e-06,s**-1,baseline_only,0.0,0.0,0.0,neutral_mixed_or_context_only,neutral_or_context,high_for_climatology,divergence200 is from ERA5 1991-2020 climatology. It describes normal Kiremt circulation but does not confirm 2026 anomaly by itself.,Baseline only; not a 2026 forecast anomaly.,final_dynamic_evidence_matrix.csv
NMME_CPC_ENSMEAN,era5_climatological_context,circulation_baseline,Jun,June 2026,1,greater_horn,ERA5 divergence200 climatology,-5.822870727898359e-07,s**-1,baseline_only,0.0,0.0,0.0,neutral_mixed_or_context_only,neutral_or_context,high_for_climatology,divergence200 is from ERA5 1991-2020 climatology. It describes normal Kiremt circulation but does not confirm 2026 anomaly by itself.,Baseline only; not a 2026 forecast anomaly.,final_dynamic_evidence_matrix.csv
NMME_CPC_ENSMEAN,era5_climatological_context,circulation_baseline,Jun,June 2026,1,north_africa_arabia,ERA5 divergence200 climatology,-9.70028714289416e-07,s**-1,baseline_only,0.0,0.0,0.0,neutral_mixed_or_context_only,neutral_or_context,high_for_climatology,divergence200 is from ERA5 1991-2020 climatology. It describes normal Kiremt circulation but does not confirm 2026 anomaly by itself.,Baseline only; not a 2026 forecast anomaly.,final_dynamic_evidence_matrix.csv
NMME_CPC_ENSMEAN,era5_climatological_context,circulation_baseline,Jun,June 2026,1,congo_moisture_corridor,ERA5 mfc850 climatology,1.0849996274523716e-08,kg kg-1 s-1 approximately,baseline_only,0.0,0.0,0.0,neutral_mixed_or_context_only,neutral_or_context,high_for_climatology,mfc850 is from ERA5 1991-2020 climatology. It describes normal Kiremt circulation but does not confirm 2026 anomaly by itself.,Baseline only; not a 2026 forecast anomaly.,final_dynamic_evidence_matrix.csv
NMME_CPC_ENSMEAN,era5_climatological_context,circulation_baseline,Jun,June 2026,1,ethiopia,ERA5 mfc850 climatology,1.6314964027514647e-08,kg kg-1 s-1 approximately,baseline_only,0.0,0.0,0.0,neutral_mixed_or_context_only,neutral_or_context,high_for_climatology,mfc850 is from ERA5 1991-2020 climatology. It describes normal Kiremt circulation but does not confirm 2026 anomaly by itself.,Baseline only; not a 2026 forecast anomaly.,final_dynamic_evidence_matrix.csv
NMME_CPC_ENSMEAN,era5_climatological_context,circulation_baseline,Jun,June 2026,1,greater_horn,ERA5 mfc850 climatology,5.665506088649995e-10,kg kg-1 s-1 approximately,baseline_only,0.0,0.0,0.0,neutral_mixed_or_context_only,neutral_or_context,high_for_climatology,mfc850 is from ERA5 1991-2020 climatology. It describes normal Kiremt circulation but does not confirm 2026 anomaly by itself.,Baseline only; not a 2026 forecast anomaly.,final_dynamic_evidence_matrix.csv
NMME_CPC_ENSMEAN,era5_climatological_context,circulation_baseline,Jun,June 2026,1,western_moisture_entry,ERA5 mfc850 climatology,1.3402588988745524e-08,kg kg-1 s-1 approximately,baseline_only,0.0,0.0,0.0,neutral_mixed_or_context_only,neutral_or_context,high_for_climatology,mfc850 is from ERA5 1991-2020 climatology. It describes normal Kiremt circulation but does not confirm 2026 anomaly by itself.,Baseline only; not a 2026 forecast anomaly.,final_dynamic_evidence_matrix.csv
NMME_CPC_ENSMEAN,era5_climatological_context,circulation_baseline,Jun,June 2026,1,arabia_red_sea,ERA5 omega500 climatology,0.0057750960212573,Pa s**-1,baseline_only,0.0,0.0,0.0,neutral_mixed_or_context_only,neutral_or_context,high_for_climatology,omega500 is from ERA5 1991-2020 climatology. It describes normal Kiremt circulation but does not confirm 2026 anomaly by itself.,Baseline only; not a 2026 forecast anomaly.,final_dynamic_evidence_matrix.csv
NMME_CPC_ENSMEAN,era5_climatological_context,circulation_baseline,Jun,June 2026,1,ethiopia,ERA5 omega500 climatology,-0.0186295593885048,Pa s**-1,baseline_only,0.0,0.0,0.0,neutral_mixed_or_context_only,neutral_or_context,high_for_climatology,omega500 is from ERA5 1991-2020 climatology. It describes normal Kiremt circulation but does not confirm 2026 anomaly by itself.,Baseline only; not a 2026 forecast anomaly.,final_dynamic_evidence_matrix.csv
NMME_CPC_ENSMEAN,era5_climatological_context,circulation_baseline,Jun,June 2026,1,greater_horn,ERA5 omega500 climatology,0.0070385716542677,Pa s**-1,baseline_only,0.0,0.0,0.0,neutral_mixed_or_context_only,neutral_or_context,high_for_climatology,omega500 is from ERA5 1991-2020 climatology. It describes normal Kiremt circulation but does not confirm 2026 anomaly by itself.,Baseline only; not a 2026 forecast anomaly.,final_dynamic_evidence_matrix.csv
NMME_CPC_ENSMEAN,era5_climatological_context,circulation_baseline,Jun,June 2026,1,north_africa_arabia,ERA5 omega500 climatology,0.0196927282572538,Pa s**-1,baseline_only,0.0,0.0,0.0,neutral_mixed_or_context_only,neutral_or_context,high_for_climatology,omega500 is from ERA5 1991-2020 climatology. It describes normal Kiremt circulation but does not confirm 2026 anomaly by itself.,Baseline only; not a 2026 forecast anomaly.,final_dynamic_evidence_matrix.csv
NMME_CPC_ENSMEAN,era5_climatological_context,circulation_baseline,Jun,June 2026,1,arabia_red_sea,ERA5 omega700 climatology,-0.0278802445668463,Pa s**-1,baseline_only,0.0,0.0,0.0,neutral_mixed_or_context_only,neutral_or_context,high_for_climatology,omega700 is from ERA5 1991-2020 climatology. It describes normal Kiremt circulation but does not confirm 2026 anomaly by itself.,Baseline only; not a 2026 forecast anomaly.,final_dynamic_evidence_matrix.csv
NMME_CPC_ENSMEAN,era5_climatological_context,circulation_baseline,Jun,June 2026,1,ethiopia,ERA5 omega700 climatology,-0.0475806262846961,Pa s**-1,baseline_only,0.0,0.0,0.0,neutral_mixed_or_context_only,neutral_or_context,high_for_climatology,omega700 is from ERA5 1991-2020 climatology. It describes normal Kiremt circulation but does not confirm 2026 anomaly by itself.,Baseline only; not a 2026 forecast anomaly.,final_dynamic_evidence_matrix.csv
NMME_CPC_ENSMEAN,era5_climatological_context,circulation_baseline,Jun,June 2026,1,greater_horn,ERA5 omega700 climatology,-0.0050631348027532,Pa s**-1,baseline_only,0.0,0.0,0.0,neutral_mixed_or_context_only,neutral_or_context,high_for_climatology,omega700 is from ERA5 1991-2020 climatology. It describes normal Kiremt circulation but does not confirm 2026 anomaly by itself.,Baseline only; not a 2026 forecast anomaly.,final_dynamic_evidence_matrix.csv
NMME_CPC_ENSMEAN,era5_climatological_context,circulation_baseline,Jun,June 2026,1,north_africa_arabia,ERA5 omega700 climatology,-0.0054444192425468,Pa s**-1,baseline_only,0.0,0.0,0.0,neutral_mixed_or_context_only,neutral_or_context,high_for_climatology,omega700 is from ERA5 1991-2020 climatology. It describes normal Kiremt circulation but does not confirm 2026 anomaly by itself.,Baseline only; not a 2026 forecast anomaly.,final_dynamic_evidence_matrix.csv
NMME_CPC_ENSMEAN,era5_climatological_context,circulation_baseline,Jun,June 2026,1,congo_moisture_corridor,ERA5 qu850 climatology,0.0029692399587288,kg kg-1 m s-1,baseline_only,0.0,0.0,0.0,neutral_mixed_or_context_only,neutral_or_context,high_for_climatology,qu850 is from ERA5 1991-2020 climatology. It describes normal Kiremt circulation but does not confirm 2026 anomaly by itself.,Baseline only; not a 2026 forecast anomaly.,final_dynamic_evidence_matrix.csv
NMME_CPC_ENSMEAN,era5_climatological_context,circulation_baseline,Jun,June 2026,1,ethiopia,ERA5 qu850 climatology,0.0297100945738296,kg kg-1 m s-1,baseline_only,0.0,0.0,0.0,neutral_mixed_or_context_only,neutral_or_context,high_for_climatology,qu850 is from ERA5 1991-2020 climatology. It describes normal Kiremt circulation but does not confirm 2026 anomaly by itself.,Baseline only; not a 2026 forecast anomaly.,final_dynamic_evidence_matrix.csv
NMME_CPC_ENSMEAN,era5_climatological_context,circulation_baseline,Jun,June 2026,1,greater_horn,ERA5 qu850 climatology,0.0013215765809669,kg kg-1 m s-1,baseline_only,0.0,0.0,0.0,neutral_mixed_or_context_only,neutral_or_context,high_for_climatology,qu850 is from ERA5 1991-2020 climatology. It describes normal Kiremt circulation but does not confirm 2026 anomaly by itself.,Baseline only; not a 2026 forecast anomaly.,final_dynamic_evidence_matrix.csv
NMME_CPC_ENSMEAN,era5_climatological_context,circulation_baseline,Jun,June 2026,1,western_moisture_entry,ERA5 qu850 climatology,0.0122167947062938,kg kg-1 m s-1,baseline_only,0.0,0.0,0.0,neutral_mixed_or_context_only,neutral_or_context,high_for_climatology,qu850 is from ERA5 1991-2020 climatology. It describes normal Kiremt circulation but does not confirm 2026 anomaly by itself.,Baseline only; not a 2026 forecast anomaly.,final_dynamic_evidence_matrix.csv
NMME_CPC_ENSMEAN,era5_climatological_context,circulation_baseline,Jun,June 2026,1,congo_moisture_corridor,ERA5 qv850 climatology,0.0200881202099065,kg kg-1 m s-1,baseline_only,0.0,0.0,0.0,neutral_mixed_or_context_only,neutral_or_context,high_for_climatology,qv850 is from ERA5 1991-2020 climatology. It describes normal Kiremt circulation but does not confirm 2026 anomaly by itself.,Baseline only; not a 2026 forecast anomaly.,final_dynamic_evidence_matrix.csv
NMME_CPC_ENSMEAN,era5_climatological_context,circulation_baseline,Jun,June 2026,1,ethiopia,ERA5 qv850 climatology,0.0396153475358776,kg kg-1 m s-1,baseline_only,0.0,0.0,0.0,neutral_mixed_or_context_only,neutral_or_context,high_for_climatology,qv850 is from ERA5 1991-2020 climatology. It describes normal Kiremt circulation but does not confirm 2026 anomaly by itself.,Baseline only; not a 2026 forecast anomaly.,final_dynamic_evidence_matrix.csv
NMME_CPC_ENSMEAN,era5_climatological_context,circulation_baseline,Jun,June 2026,1,greater_horn,ERA5 qv850 climatology,0.0292989389850945,kg kg-1 m s-1,baseline_only,0.0,0.0,0.0,neutral_mixed_or_context_only,neutral_or_context,high_for_climatology,qv850 is from ERA5 1991-2020 climatology. It describes normal Kiremt circulation but does not confirm 2026 anomaly by itself.,Baseline only; not a 2026 forecast anomaly.,final_dynamic_evidence_matrix.csv
NMME_CPC_ENSMEAN,era5_climatological_context,circulation_baseline,Jun,June 2026,1,western_moisture_entry,ERA5 qv850 climatology,0.0260190190174837,kg kg-1 m s-1,baseline_only,0.0,0.0,0.0,neutral_mixed_or_context_only,neutral_or_context,high_for_climatology,qv850 is from ERA5 1991-2020 climatology. It describes normal Kiremt circulation but does not confirm 2026 anomaly by itself.,Baseline only; not a 2026 forecast anomaly.,final_dynamic_evidence_matrix.csv
NMME_CPC_ENSMEAN,era5_climatological_context,circulation_baseline,Jun,June 2026,1,congo_moisture_corridor,ERA5 wind_speed850 climatology,2.5499597173683264,m s**-1,baseline_only,0.0,0.0,0.0,neutral_mixed_or_context_only,neutral_or_context,high_for_climatology,wind_speed850 is from ERA5 1991-2020 climatology. It describes normal Kiremt circulation but does not confirm 2026 anomaly by itself.,Baseline only; not a 2026 forecast anomaly.,final_dynamic_evidence_matrix.csv
NMME_CPC_ENSMEAN,era5_climatological_context,circulation_baseline,Jun,June 2026,1,ethiopia,ERA5 wind_speed850 climatology,6.264500310591341,m s**-1,baseline_only,0.0,0.0,0.0,neutral_mixed_or_context_only,neutral_or_context,high_for_climatology,wind_speed850 is from ERA5 1991-2020 climatology. It describes normal Kiremt circulation but does not confirm 2026 anomaly by itself.,Baseline only; not a 2026 forecast anomaly.,final_dynamic_evidence_matrix.csv
NMME_CPC_ENSMEAN,era5_climatological_context,circulation_baseline,Jun,June 2026,1,greater_horn,ERA5 wind_speed850 climatology,6.218188422850244,m s**-1,baseline_only,0.0,0.0,0.0,neutral_mixed_or_context_only,neutral_or_context,high_for_climatology,wind_speed850 is from ERA5 1991-2020 climatology. It describes normal Kiremt circulation but does not confirm 2026 anomaly by itself.,Baseline only; not a 2026 forecast anomaly.,final_dynamic_evidence_matrix.csv
NMME_CPC_ENSMEAN,era5_climatological_context,circulation_baseline,Jun,June 2026,1,western_moisture_entry,ERA5 wind_speed850 climatology,2.895638798442488,m s**-1,baseline_only,0.0,0.0,0.0,neutral_mixed_or_context_only,neutral_or_context,high_for_climatology,wind_speed850 is from ERA5 1991-2020 climatology. It describes normal Kiremt circulation but does not confirm 2026 anomaly by itself.,Baseline only; not a 2026 forecast anomaly.,final_dynamic_evidence_matrix.csv
NMME_CPC_ENSMEAN,era5_climatological_context,circulation_baseline,Jun,June 2026,1,arabia_red_sea,ERA5 z200 climatology,12483.46792215492,m,baseline_only,0.0,0.0,0.0,neutral_mixed_or_context_only,neutral_or_context,high_for_climatology,z200 is from ERA5 1991-2020 climatology. It describes normal Kiremt circulation but does not confirm 2026 anomaly by itself.,Baseline only; not a 2026 forecast anomaly.,final_dynamic_evidence_matrix.csv
NMME_CPC_ENSMEAN,era5_climatological_context,circulation_baseline,Jun,June 2026,1,ethiopia,ERA5 z200 climatology,12442.076433051265,m,baseline_only,0.0,0.0,0.0,neutral_mixed_or_context_only,neutral_or_context,high_for_climatology,z200 is from ERA5 1991-2020 climatology. It describes normal Kiremt circulation but does not confirm 2026 anomaly by itself.,Baseline only; not a 2026 forecast anomaly.,final_dynamic_evidence_matrix.csv
NMME_CPC_ENSMEAN,era5_climatological_context,circulation_baseline,Jun,June 2026,1,greater_horn,ERA5 z200 climatology,12443.560515546858,m,baseline_only,0.0,0.0,0.0,neutral_mixed_or_context_only,neutral_or_context,high_for_climatology,z200 is from ERA5 1991-2020 climatology. It describes normal Kiremt circulation but does not confirm 2026 anomaly by itself.,Baseline only; not a 2026 forecast anomaly.,final_dynamic_evidence_matrix.csv
NMME_CPC_ENSMEAN,era5_climatological_context,circulation_baseline,Jun,June 2026,1,north_africa_arabia,ERA5 z200 climatology,12443.40301452266,m,baseline_only,0.0,0.0,0.0,neutral_mixed_or_context_only,neutral_or_context,high_for_climatology,z200 is from ERA5 1991-2020 climatology. It describes normal Kiremt circulation but does not confirm 2026 anomaly by itself.,Baseline only; not a 2026 forecast anomaly.,final_dynamic_evidence_matrix.csv
NMME_CPC_ENSMEAN,era5_climatological_context,circulation_baseline,Jun,June 2026,1,arabia_red_sea,ERA5 z500 climatology,5878.16575117815,m,baseline_only,0.0,0.0,0.0,neutral_mixed_or_context_only,neutral_or_context,high_for_climatology,z500 is from ERA5 1991-2020 climatology. It describes normal Kiremt circulation but does not confirm 2026 anomaly by itself.,Baseline only; not a 2026 forecast anomaly.,final_dynamic_evidence_matrix.csv
NMME_CPC_ENSMEAN,era5_climatological_context,circulation_baseline,Jun,June 2026,1,ethiopia,ERA5 z500 climatology,5874.503758989358,m,baseline_only,0.0,0.0,0.0,neutral_mixed_or_context_only,neutral_or_context,high_for_climatology,z500 is from ERA5 1991-2020 climatology. It describes normal Kiremt circulation but does not confirm 2026 anomaly by itself.,Baseline only; not a 2026 forecast anomaly.,final_dynamic_evidence_matrix.csv
NMME_CPC_ENSMEAN,era5_climatological_context,circulation_baseline,Jun,June 2026,1,greater_horn,ERA5 z500 climatology,5875.584097097581,m,baseline_only,0.0,0.0,0.0,neutral_mixed_or_context_only,neutral_or_context,high_for_climatology,z500 is from ERA5 1991-2020 climatology. It describes normal Kiremt circulation but does not confirm 2026 anomaly by itself.,Baseline only; not a 2026 forecast anomaly.,final_dynamic_evidence_matrix.csv
NMME_CPC_ENSMEAN,era5_climatological_context,circulation_baseline,Jun,June 2026,1,north_africa_arabia,ERA5 z500 climatology,5878.098173799232,m,baseline_only,0.0,0.0,0.0,neutral_mixed_or_context_only,neutral_or_context,high_for_climatology,z500 is from ERA5 1991-2020 climatology. It describes normal Kiremt circulation but does not confirm 2026 anomaly by itself.,Baseline only; not a 2026 forecast anomaly.,final_dynamic_evidence_matrix.csv
NMME_CPC_ENSMEAN,nmme_forecast_anomaly,ocean_driver,Jun,June 2026,1,iod_west_minus_iod_east,DMI / IOD proxy from NMME tmpsfc,0.0303340852260589,K,iod_neutral_or_weak,0.0,1.0,0.0,neutral_mixed_or_context_only,neutral_or_context,low_to_moderate,IOD signal is neutral or weak.,IOD influence on Ethiopia Kiremt can be spatially mixed; use official DMI products where possible.,final_dynamic_evidence_matrix.csv
NMME_CPC_ENSMEAN,nmme_forecast_anomaly,ocean_driver,Jun,June 2026,1,nino34_box,Niño3.4 SST anomaly proxy from NMME tmpsfc,1.0088821649551392,K,el_nino_like,1.0,1.0,1.0,supports_dry_kiremt,moderate_dry_support,moderate,El Niño-like SST forcing; supports dry-risk for Ethiopia Kiremt.,"Computed from NMME tmpsfc anomaly as an SST proxy, not an official Niño3.4 index product.",final_dynamic_evidence_matrix.csv
NMME_CPC_ENSMEAN,nmme_forecast_anomaly,rainfall_forecast,Jun,June 2026,1,central_ethiopia,NMME precipitation anomaly,-25.71006774902344,mm/month,moderate_below_normal,1.0,1.0,1.0,supports_dry_kiremt,moderate_dry_support,moderate,Moderate monthly rainfall deficit signal.,Direct NMME ensemble-mean anomaly; does not show probability or model agreement.,final_dynamic_evidence_matrix.csv
NMME_CPC_ENSMEAN,nmme_forecast_anomaly,rainfall_forecast,Jun,June 2026,1,east_ethiopia,NMME precipitation anomaly,-14.941167831420898,mm/month,weak_below_normal,1.0,1.0,1.0,supports_dry_kiremt,moderate_dry_support,moderate,Weak monthly rainfall deficit signal.,Direct NMME ensemble-mean anomaly; does not show probability or model agreement.,final_dynamic_evidence_matrix.csv
NMME_CPC_ENSMEAN,nmme_forecast_anomaly,rainfall_forecast,Jun,June 2026,1,ethiopia,NMME precipitation anomaly,-15.69118595123291,mm/month,weak_below_normal,1.0,1.0,1.0,supports_dry_kiremt,moderate_dry_support,moderate,Weak monthly rainfall deficit signal.,Direct NMME ensemble-mean anomaly; does not show probability or model agreement.,final_dynamic_evidence_matrix.csv
NMME_CPC_ENSMEAN,nmme_forecast_anomaly,rainfall_forecast,Jun,June 2026,1,greater_horn,NMME precipitation anomaly,-11.14507007598877,mm/month,weak_below_normal,1.0,1.0,1.0,supports_dry_kiremt,moderate_dry_support,moderate,Weak monthly rainfall deficit signal.,Direct NMME ensemble-mean anomaly; does not show probability or model agreement.,final_dynamic_evidence_matrix.csv
NMME_CPC_ENSMEAN,nmme_forecast_anomaly,rainfall_forecast,Jun,June 2026,1,north_ethiopia,NMME precipitation anomaly,-12.926945686340332,mm/month,weak_below_normal,1.0,1.0,1.0,supports_dry_kiremt,moderate_dry_support,moderate,Weak monthly rainfall deficit signal.,Direct NMME ensemble-mean anomaly; does not show probability or model agreement.,final_dynamic_evidence_matrix.csv
NMME_CPC_ENSMEAN,nmme_forecast_anomaly,rainfall_forecast,Jun,June 2026,1,west_ethiopia,NMME precipitation anomaly,-14.751564025878906,mm/month,weak_below_normal,1.0,1.0,1.0,supports_dry_kiremt,moderate_dry_support,moderate,Weak monthly rainfall deficit signal.,Direct NMME ensemble-mean anomaly; does not show probability or model agreement.,final_dynamic_evidence_matrix.csv
NMME_CPC_ENSMEAN,nmme_forecast_anomaly,upper_level_circulation,Jun,June 2026,1,arabia_red_sea,NMME z200 anomaly,43.9582633972168,m,positive_height_anomaly,1.0,1.0,1.0,supports_dry_kiremt,moderate_dry_support,low_to_moderate,Positive z200 anomaly may suggest ridging/subsidence-supporting circulation.,"z200 alone is not sufficient; interpret together with u200, divergence, omega, and rainfall.",final_dynamic_evidence_matrix.csv
NMME_CPC_ENSMEAN,nmme_forecast_anomaly,upper_level_circulation,Jun,June 2026,1,east_africa,NMME z200 anomaly,42.075828552246094,m,positive_height_anomaly,1.0,1.0,1.0,supports_dry_kiremt,moderate_dry_support,low_to_moderate,Positive z200 anomaly may suggest ridging/subsidence-supporting circulation.,"z200 alone is not sufficient; interpret together with u200, divergence, omega, and rainfall.",final_dynamic_evidence_matrix.csv
NMME_CPC_ENSMEAN,nmme_forecast_anomaly,upper_level_circulation,Jun,June 2026,1,ethiopia,NMME z200 anomaly,42.81846618652344,m,positive_height_anomaly,1.0,1.0,1.0,supports_dry_kiremt,moderate_dry_support,low_to_moderate,Positive z200 anomaly may suggest ridging/subsidence-supporting circulation.,"z200 alone is not sufficient; interpret together with u200, divergence, omega, and rainfall.",final_dynamic_evidence_matrix.csv
NMME_CPC_ENSMEAN,nmme_forecast_anomaly,upper_level_circulation,Jun,June 2026,1,greater_horn,NMME z200 anomaly,41.7053108215332,m,positive_height_anomaly,1.0,1.0,1.0,supports_dry_kiremt,moderate_dry_support,low_to_moderate,Positive z200 anomaly may suggest ridging/subsidence-supporting circulation.,"z200 alone is not sufficient; interpret together with u200, divergence, omega, and rainfall.",final_dynamic_evidence_matrix.csv
NMME_CPC_ENSMEAN,nmme_forecast_anomaly,upper_level_circulation,Jun,June 2026,1,north_africa_arabia,NMME z200 anomaly,38.907676696777344,m,positive_height_anomaly,1.0,1.0,1.0,supports_dry_kiremt,moderate_dry_support,low_to_moderate,Positive z200 anomaly may suggest ridging/subsidence-supporting circulation.,"z200 alone is not sufficient; interpret together with u200, divergence, omega, and rainfall.",final_dynamic_evidence_matrix.csv
CFSv2_NOMADS_June2026_init,cfsv2_raw_dynamic_consistency,dynamic_circulation_forecast,Jul,July 2026,2,ethiopia,div200,-4.835156214008945e-07,s-1,convergence,1.0,0.5,0.5,supports_dry_kiremt,moderate_dry_support,low_to_moderate,Upper-level convergence may suppress deep convection and supports dry-risk interpretation.,Raw CFSv2 forecast field; not an anomaly relative to model hindcast climatology.,cfsv2_dynamic_area_mean_diagnostics.csv
CFSv2_NOMADS_June2026_init,cfsv2_raw_dynamic_consistency,dynamic_circulation_forecast,Jul,July 2026,2,ethiopia,mfc850,4.549273757610946e-09,kg kg-1 s-1 approximately,moisture_convergence,-1.0,0.5,-0.5,supports_wet_or_reduces_dry_risk,moderate_wet_support,low_to_moderate,Low-level moisture-flux convergence supports rainfall potential.,Raw CFSv2 forecast field; not an anomaly relative to model hindcast climatology.,cfsv2_dynamic_area_mean_diagnostics.csv
CFSv2_NOMADS_June2026_init,cfsv2_raw_dynamic_consistency,dynamic_circulation_forecast,Jul,July 2026,2,ethiopia,omega500,-0.0123117329432531,Pa s**-1,rising_motion_tendency,-1.0,0.5,-0.5,supports_wet_or_reduces_dry_risk,moderate_wet_support,low_to_moderate,Negative omega indicates rising-motion tendency and supports rainfall potential.,Raw CFSv2 forecast field; not an anomaly relative to model hindcast climatology.,cfsv2_dynamic_area_mean_diagnostics.csv
CFSv2_NOMADS_June2026_init,cfsv2_raw_dynamic_consistency,dynamic_circulation_forecast,Jul,July 2026,2,ethiopia,omega700,-0.0239461684029542,Pa s**-1,rising_motion_tendency,-1.0,0.5,-0.5,supports_wet_or_reduces_dry_risk,moderate_wet_support,low_to_moderate,Negative omega indicates rising-motion tendency and supports rainfall potential.,Raw CFSv2 forecast field; not an anomaly relative to model hindcast climatology.,cfsv2_dynamic_area_mean_diagnostics.csv
CFSv2_NOMADS_June2026_init,cfsv2_raw_dynamic_consistency,dynamic_circulation_forecast,Jul,July 2026,2,ethiopia,q850,0.0111131530671312,kg kg**-1,not_classified,0.0,0.25,0.0,neutral_mixed_or_context_only,neutral_or_context,context_only,"q850 is retained as circulation context, but it is not scored because raw values require anomaly or pattern-based interpretation.",Raw CFSv2 forecast field; not an anomaly relative to model hindcast climatology.,cfsv2_dynamic_area_mean_diagnostics.csv
CFSv2_NOMADS_June2026_init,cfsv2_raw_dynamic_consistency,dynamic_circulation_forecast,Jul,July 2026,2,ethiopia,qu850,0.0313214856564907,kg kg-1 m s-1,not_classified,0.0,0.25,0.0,neutral_mixed_or_context_only,neutral_or_context,context_only,"qu850 is retained as circulation context, but it is not scored because raw values require anomaly or pattern-based interpretation.",Raw CFSv2 forecast field; not an anomaly relative to model hindcast climatology.,cfsv2_dynamic_area_mean_diagnostics.csv
CFSv2_NOMADS_June2026_init,cfsv2_raw_dynamic_consistency,dynamic_circulation_forecast,Jul,July 2026,2,ethiopia,qv850,0.0437477589166821,kg kg-1 m s-1,not_classified,0.0,0.25,0.0,neutral_mixed_or_context_only,neutral_or_context,context_only,"qv850 is retained as circulation context, but it is not scored because raw values require anomaly or pattern-based interpretation.",Raw CFSv2 forecast field; not an anomaly relative to model hindcast climatology.,cfsv2_dynamic_area_mean_diagnostics.csv
CFSv2_NOMADS_June2026_init,cfsv2_raw_dynamic_consistency,dynamic_circulation_forecast,Jul,July 2026,2,ethiopia,sst_proxy,302.47081294522894,K,not_classified,0.0,0.25,0.0,neutral_mixed_or_context_only,neutral_or_context,context_only,"sst_proxy is retained as circulation context, but it is not scored because raw values require anomaly or pattern-based interpretation.",Raw CFSv2 forecast field; not an anomaly relative to model hindcast climatology.,cfsv2_dynamic_area_mean_diagnostics.csv
CFSv2_NOMADS_June2026_init,cfsv2_raw_dynamic_consistency,dynamic_circulation_forecast,Jul,July 2026,2,ethiopia,strf200,-25132457.962360136,m**2 s**-1,not_classified,0.0,0.25,0.0,neutral_mixed_or_context_only,neutral_or_context,context_only,"strf200 is retained as circulation context, but it is not scored because raw values require anomaly or pattern-based interpretation.",Raw CFSv2 forecast field; not an anomaly relative to model hindcast climatology.,cfsv2_dynamic_area_mean_diagnostics.csv
CFSv2_NOMADS_June2026_init,cfsv2_raw_dynamic_consistency,dynamic_circulation_forecast,Jul,July 2026,2,ethiopia,tej_strength,15.476835491484232,m s**-1,moderate_tej,-1.0,0.5,-0.5,supports_wet_or_reduces_dry_risk,moderate_wet_support,low_to_moderate,Moderate/strong TEJ supports an active Kiremt upper-level jet background and reduces dry-risk confidence.,Raw CFSv2 forecast field; not an anomaly relative to model hindcast climatology.,cfsv2_dynamic_area_mean_diagnostics.csv
CFSv2_NOMADS_June2026_init,cfsv2_raw_dynamic_consistency,dynamic_circulation_forecast,Jul,July 2026,2,ethiopia,u200,-15.476835491484232,m s**-1,easterly_flow,-0.5,0.5,-0.25,supports_wet_or_reduces_dry_risk,weak_wet_support,low,Easterly 200 hPa flow is consistent with TEJ background and supports rainfall potential.,Raw CFSv2 forecast field; not an anomaly relative to model hindcast climatology.,cfsv2_dynamic_area_mean_diagnostics.csv
CFSv2_NOMADS_June2026_init,cfsv2_raw_dynamic_consistency,dynamic_circulation_forecast,Jul,July 2026,2,ethiopia,u850,2.956713863859334,m s**-1,not_classified,0.0,0.25,0.0,neutral_mixed_or_context_only,neutral_or_context,context_only,"u850 is retained as circulation context, but it is not scored because raw values require anomaly or pattern-based interpretation.",Raw CFSv2 forecast field; not an anomaly relative to model hindcast climatology.,cfsv2_dynamic_area_mean_diagnostics.csv
CFSv2_NOMADS_June2026_init,cfsv2_raw_dynamic_consistency,dynamic_circulation_forecast,Jul,July 2026,2,ethiopia,v200,0.923324155209852,m s**-1,not_classified,0.0,0.25,0.0,neutral_mixed_or_context_only,neutral_or_context,context_only,"v200 is retained as circulation context, but it is not scored because raw values require anomaly or pattern-based interpretation.",Raw CFSv2 forecast field; not an anomaly relative to model hindcast climatology.,cfsv2_dynamic_area_mean_diagnostics.csv
CFSv2_NOMADS_June2026_init,cfsv2_raw_dynamic_consistency,dynamic_circulation_forecast,Jul,July 2026,2,ethiopia,v850,4.212136931844198,m s**-1,not_classified,0.0,0.25,0.0,neutral_mixed_or_context_only,neutral_or_context,context_only,"v850 is retained as circulation context, but it is not scored because raw values require anomaly or pattern-based interpretation.",Raw CFSv2 forecast field; not an anomaly relative to model hindcast climatology.,cfsv2_dynamic_area_mean_diagnostics.csv
CFSv2_NOMADS_June2026_init,cfsv2_raw_dynamic_consistency,dynamic_circulation_forecast,Jul,July 2026,2,ethiopia,vp200,10435593.981385965,m**2 s**-1,not_classified,0.0,0.25,0.0,neutral_mixed_or_context_only,neutral_or_context,context_only,"vp200 is retained as circulation context, but it is not scored because raw values require anomaly or pattern-based interpretation.",Raw CFSv2 forecast field; not an anomaly relative to model hindcast climatology.,cfsv2_dynamic_area_mean_diagnostics.csv
CFSv2_NOMADS_June2026_init,cfsv2_raw_dynamic_consistency,dynamic_circulation_forecast,Jul,July 2026,2,ethiopia,wind_speed850,6.434126142041241,m s**-1,not_classified,0.0,0.25,0.0,neutral_mixed_or_context_only,neutral_or_context,context_only,"wind_speed850 is retained as circulation context, but it is not scored because raw values require anomaly or pattern-based interpretation.",Raw CFSv2 forecast field; not an anomaly relative to model hindcast climatology.,cfsv2_dynamic_area_mean_diagnostics.csv
CFSv2_NOMADS_June2026_init,cfsv2_raw_dynamic_consistency,dynamic_circulation_forecast,Jul,July 2026,2,ethiopia,z200,12434.56366177071,gpm,not_classified,0.0,0.25,0.0,neutral_mixed_or_context_only,neutral_or_context,context_only,"z200 is retained as circulation context, but it is not scored because raw values require anomaly or pattern-based interpretation.",Raw CFSv2 forecast field; not an anomaly relative to model hindcast climatology.,cfsv2_dynamic_area_mean_diagnostics.csv
CFSv2_NOMADS_June2026_init,cfsv2_raw_dynamic_consistency,dynamic_circulation_forecast,Jul,July 2026,2,ethiopia,z500,5880.940602858913,gpm,not_classified,0.0,0.25,0.0,neutral_mixed_or_context_only,neutral_or_context,context_only,"z500 is retained as circulation context, but it is not scored because raw values require anomaly or pattern-based interpretation.",Raw CFSv2 forecast field; not an anomaly relative to model hindcast climatology.,cfsv2_dynamic_area_mean_diagnostics.csv
NMME_CPC_ENSMEAN,era5_climatological_context,circulation_baseline,Jul,July 2026,2,tej_core,ERA5 TEJ strength climatology,19.84536803014227,m s**-1,baseline_only,0.0,0.0,0.0,neutral_mixed_or_context_only,neutral_or_context,high_for_climatology,TEJ strength climatology is from ERA5 1991-2020 climatology. It describes normal Kiremt circulation but does not confirm 2026 anomaly by itself.,Baseline only; not a 2026 forecast anomaly.,final_dynamic_evidence_matrix.csv
NMME_CPC_ENSMEAN,era5_climatological_context,circulation_baseline,Jul,July 2026,2,arabia_red_sea,ERA5 divergence200 climatology,-2.360226183625667e-07,s**-1,baseline_only,0.0,0.0,0.0,neutral_mixed_or_context_only,neutral_or_context,high_for_climatology,divergence200 is from ERA5 1991-2020 climatology. It describes normal Kiremt circulation but does not confirm 2026 anomaly by itself.,Baseline only; not a 2026 forecast anomaly.,final_dynamic_evidence_matrix.csv
NMME_CPC_ENSMEAN,era5_climatological_context,circulation_baseline,Jul,July 2026,2,ethiopia,ERA5 divergence200 climatology,-3.581771402497405e-07,s**-1,baseline_only,0.0,0.0,0.0,neutral_mixed_or_context_only,neutral_or_context,high_for_climatology,divergence200 is from ERA5 1991-2020 climatology. It describes normal Kiremt circulation but does not confirm 2026 anomaly by itself.,Baseline only; not a 2026 forecast anomaly.,final_dynamic_evidence_matrix.csv
NMME_CPC_ENSMEAN,era5_climatological_context,circulation_baseline,Jul,July 2026,2,greater_horn,ERA5 divergence200 climatology,-5.462492932944533e-07,s**-1,baseline_only,0.0,0.0,0.0,neutral_mixed_or_context_only,neutral_or_context,high_for_climatology,divergence200 is from ERA5 1991-2020 climatology. It describes normal Kiremt circulation but does not confirm 2026 anomaly by itself.,Baseline only; not a 2026 forecast anomaly.,final_dynamic_evidence_matrix.csv
NMME_CPC_ENSMEAN,era5_climatological_context,circulation_baseline,Jul,July 2026,2,north_africa_arabia,ERA5 divergence200 climatology,-3.4222552587428685e-07,s**-1,baseline_only,0.0,0.0,0.0,neutral_mixed_or_context_only,neutral_or_context,high_for_climatology,divergence200 is from ERA5 1991-2020 climatology. It describes normal Kiremt circulation but does not confirm 2026 anomaly by itself.,Baseline only; not a 2026 forecast anomaly.,final_dynamic_evidence_matrix.csv
NMME_CPC_ENSMEAN,era5_climatological_context,circulation_baseline,Jul,July 2026,2,congo_moisture_corridor,ERA5 mfc850 climatology,1.2920285023214024e-08,kg kg-1 s-1 approximately,baseline_only,0.0,0.0,0.0,neutral_mixed_or_context_only,neutral_or_context,high_for_climatology,mfc850 is from ERA5 1991-2020 climatology. It describes normal Kiremt circulation but does not confirm 2026 anomaly by itself.,Baseline only; not a 2026 forecast anomaly.,final_dynamic_evidence_matrix.csv
NMME_CPC_ENSMEAN,era5_climatological_context,circulation_baseline,Jul,July 2026,2,ethiopia,ERA5 mfc850 climatology,7.097439548807148e-09,kg kg-1 s-1 approximately,baseline_only,0.0,0.0,0.0,neutral_mixed_or_context_only,neutral_or_context,high_for_climatology,mfc850 is from ERA5 1991-2020 climatology. It describes normal Kiremt circulation but does not confirm 2026 anomaly by itself.,Baseline only; not a 2026 forecast anomaly.,final_dynamic_evidence_matrix.csv
NMME_CPC_ENSMEAN,era5_climatological_context,circulation_baseline,Jul,July 2026,2,greater_horn,ERA5 mfc850 climatology,2.1210609535669848e-09,kg kg-1 s-1 approximately,baseline_only,0.0,0.0,0.0,neutral_mixed_or_context_only,neutral_or_context,high_for_climatology,mfc850 is from ERA5 1991-2020 climatology. It describes normal Kiremt circulation but does not confirm 2026 anomaly by itself.,Baseline only; not a 2026 forecast anomaly.,final_dynamic_evidence_matrix.csv
NMME_CPC_ENSMEAN,era5_climatological_context,circulation_baseline,Jul,July 2026,2,western_moisture_entry,ERA5 mfc850 climatology,8.781335754311556e-09,kg kg-1 s-1 approximately,baseline_only,0.0,0.0,0.0,neutral_mixed_or_context_only,neutral_or_context,high_for_climatology,mfc850 is from ERA5 1991-2020 climatology. It describes normal Kiremt circulation but does not confirm 2026 anomaly by itself.,Baseline only; not a 2026 forecast anomaly.,final_dynamic_evidence_matrix.csv
NMME_CPC_ENSMEAN,era5_climatological_context,circulation_baseline,Jul,July 2026,2,arabia_red_sea,ERA5 omega500 climatology,-0.0093218148473478,Pa s**-1,baseline_only,0.0,0.0,0.0,neutral_mixed_or_context_only,neutral_or_context,high_for_climatology,omega500 is from ERA5 1991-2020 climatology. It describes normal Kiremt circulation but does not confirm 2026 anomaly by itself.,Baseline only; not a 2026 forecast anomaly.,final_dynamic_evidence_matrix.csv
NMME_CPC_ENSMEAN,era5_climatological_context,circulation_baseline,Jul,July 2026,2,ethiopia,ERA5 omega500 climatology,-0.0342398304405595,Pa s**-1,baseline_only,0.0,0.0,0.0,neutral_mixed_or_context_only,neutral_or_context,high_for_climatology,omega500 is from ERA5 1991-2020 climatology. It describes normal Kiremt circulation but does not confirm 2026 anomaly by itself.,Baseline only; not a 2026 forecast anomaly.,final_dynamic_evidence_matrix.csv
NMME_CPC_ENSMEAN,era5_climatological_context,circulation_baseline,Jul,July 2026,2,greater_horn,ERA5 omega500 climatology,0.0012197104375305,Pa s**-1,baseline_only,0.0,0.0,0.0,neutral_mixed_or_context_only,neutral_or_context,high_for_climatology,omega500 is from ERA5 1991-2020 climatology. It describes normal Kiremt circulation but does not confirm 2026 anomaly by itself.,Baseline only; not a 2026 forecast anomaly.,final_dynamic_evidence_matrix.csv
NMME_CPC_ENSMEAN,era5_climatological_context,circulation_baseline,Jul,July 2026,2,north_africa_arabia,ERA5 omega500 climatology,0.0069806180998667,Pa s**-1,baseline_only,0.0,0.0,0.0,neutral_mixed_or_context_only,neutral_or_context,high_for_climatology,omega500 is from ERA5 1991-2020 climatology. It describes normal Kiremt circulation but does not confirm 2026 anomaly by itself.,Baseline only; not a 2026 forecast anomaly.,final_dynamic_evidence_matrix.csv
NMME_CPC_ENSMEAN,era5_climatological_context,circulation_baseline,Jul,July 2026,2,arabia_red_sea,ERA5 omega700 climatology,-0.0405522604460068,Pa s**-1,baseline_only,0.0,0.0,0.0,neutral_mixed_or_context_only,neutral_or_context,high_for_climatology,omega700 is from ERA5 1991-2020 climatology. It describes normal Kiremt circulation but does not confirm 2026 anomaly by itself.,Baseline only; not a 2026 forecast anomaly.,final_dynamic_evidence_matrix.csv
NMME_CPC_ENSMEAN,era5_climatological_context,circulation_baseline,Jul,July 2026,2,ethiopia,ERA5 omega700 climatology,-0.0381764765957205,Pa s**-1,baseline_only,0.0,0.0,0.0,neutral_mixed_or_context_only,neutral_or_context,high_for_climatology,omega700 is from ERA5 1991-2020 climatology. It describes normal Kiremt circulation but does not confirm 2026 anomaly by itself.,Baseline only; not a 2026 forecast anomaly.,final_dynamic_evidence_matrix.csv
NMME_CPC_ENSMEAN,era5_climatological_context,circulation_baseline,Jul,July 2026,2,greater_horn,ERA5 omega700 climatology,-0.0074394948646964,Pa s**-1,baseline_only,0.0,0.0,0.0,neutral_mixed_or_context_only,neutral_or_context,high_for_climatology,omega700 is from ERA5 1991-2020 climatology. It describes normal Kiremt circulation but does not confirm 2026 anomaly by itself.,Baseline only; not a 2026 forecast anomaly.,final_dynamic_evidence_matrix.csv
NMME_CPC_ENSMEAN,era5_climatological_context,circulation_baseline,Jul,July 2026,2,north_africa_arabia,ERA5 omega700 climatology,-0.0122928075018801,Pa s**-1,baseline_only,0.0,0.0,0.0,neutral_mixed_or_context_only,neutral_or_context,high_for_climatology,omega700 is from ERA5 1991-2020 climatology. It describes normal Kiremt circulation but does not confirm 2026 anomaly by itself.,Baseline only; not a 2026 forecast anomaly.,final_dynamic_evidence_matrix.csv
NMME_CPC_ENSMEAN,era5_climatological_context,circulation_baseline,Jul,July 2026,2,congo_moisture_corridor,ERA5 qu850 climatology,0.0111101260382293,kg kg-1 m s-1,baseline_only,0.0,0.0,0.0,neutral_mixed_or_context_only,neutral_or_context,high_for_climatology,qu850 is from ERA5 1991-2020 climatology. It describes normal Kiremt circulation but does not confirm 2026 anomaly by itself.,Baseline only; not a 2026 forecast anomaly.,final_dynamic_evidence_matrix.csv
NMME_CPC_ENSMEAN,era5_climatological_context,circulation_baseline,Jul,July 2026,2,ethiopia,ERA5 qu850 climatology,0.0372761824103889,kg kg-1 m s-1,baseline_only,0.0,0.0,0.0,neutral_mixed_or_context_only,neutral_or_context,high_for_climatology,qu850 is from ERA5 1991-2020 climatology. It describes normal Kiremt circulation but does not confirm 2026 anomaly by itself.,Baseline only; not a 2026 forecast anomaly.,final_dynamic_evidence_matrix.csv
NMME_CPC_ENSMEAN,era5_climatological_context,circulation_baseline,Jul,July 2026,2,greater_horn,ERA5 qu850 climatology,0.0082882540020743,kg kg-1 m s-1,baseline_only,0.0,0.0,0.0,neutral_mixed_or_context_only,neutral_or_context,high_for_climatology,qu850 is from ERA5 1991-2020 climatology. It describes normal Kiremt circulation but does not confirm 2026 anomaly by itself.,Baseline only; not a 2026 forecast anomaly.,final_dynamic_evidence_matrix.csv
NMME_CPC_ENSMEAN,era5_climatological_context,circulation_baseline,Jul,July 2026,2,western_moisture_entry,ERA5 qu850 climatology,0.0203752566530054,kg kg-1 m s-1,baseline_only,0.0,0.0,0.0,neutral_mixed_or_context_only,neutral_or_context,high_for_climatology,qu850 is from ERA5 1991-2020 climatology. It describes normal Kiremt circulation but does not confirm 2026 anomaly by itself.,Baseline only; not a 2026 forecast anomaly.,final_dynamic_evidence_matrix.csv
NMME_CPC_ENSMEAN,era5_climatological_context,circulation_baseline,Jul,July 2026,2,congo_moisture_corridor,ERA5 qv850 climatology,0.0157365677423988,kg kg-1 m s-1,baseline_only,0.0,0.0,0.0,neutral_mixed_or_context_only,neutral_or_context,high_for_climatology,qv850 is from ERA5 1991-2020 climatology. It describes normal Kiremt circulation but does not confirm 2026 anomaly by itself.,Baseline only; not a 2026 forecast anomaly.,final_dynamic_evidence_matrix.csv
NMME_CPC_ENSMEAN,era5_climatological_context,circulation_baseline,Jul,July 2026,2,ethiopia,ERA5 qv850 climatology,0.0413842084021816,kg kg-1 m s-1,baseline_only,0.0,0.0,0.0,neutral_mixed_or_context_only,neutral_or_context,high_for_climatology,qv850 is from ERA5 1991-2020 climatology. It describes normal Kiremt circulation but does not confirm 2026 anomaly by itself.,Baseline only; not a 2026 forecast anomaly.,final_dynamic_evidence_matrix.csv
NMME_CPC_ENSMEAN,era5_climatological_context,circulation_baseline,Jul,July 2026,2,greater_horn,ERA5 qv850 climatology,0.0298567816225571,kg kg-1 m s-1,baseline_only,0.0,0.0,0.0,neutral_mixed_or_context_only,neutral_or_context,high_for_climatology,qv850 is from ERA5 1991-2020 climatology. It describes normal Kiremt circulation but does not confirm 2026 anomaly by itself.,Baseline only; not a 2026 forecast anomaly.,final_dynamic_evidence_matrix.csv
NMME_CPC_ENSMEAN,era5_climatological_context,circulation_baseline,Jul,July 2026,2,western_moisture_entry,ERA5 qv850 climatology,0.0220657722174513,kg kg-1 m s-1,baseline_only,0.0,0.0,0.0,neutral_mixed_or_context_only,neutral_or_context,high_for_climatology,qv850 is from ERA5 1991-2020 climatology. It describes normal Kiremt circulation but does not confirm 2026 anomaly by itself.,Baseline only; not a 2026 forecast anomaly.,final_dynamic_evidence_matrix.csv
NMME_CPC_ENSMEAN,era5_climatological_context,circulation_baseline,Jul,July 2026,2,congo_moisture_corridor,ERA5 wind_speed850 climatology,2.7307954223787947,m s**-1,baseline_only,0.0,0.0,0.0,neutral_mixed_or_context_only,neutral_or_context,high_for_climatology,wind_speed850 is from ERA5 1991-2020 climatology. It describes normal Kiremt circulation but does not confirm 2026 anomaly by itself.,Baseline only; not a 2026 forecast anomaly.,final_dynamic_evidence_matrix.csv
NMME_CPC_ENSMEAN,era5_climatological_context,circulation_baseline,Jul,July 2026,2,ethiopia,ERA5 wind_speed850 climatology,7.12726854986664,m s**-1,baseline_only,0.0,0.0,0.0,neutral_mixed_or_context_only,neutral_or_context,high_for_climatology,wind_speed850 is from ERA5 1991-2020 climatology. It describes normal Kiremt circulation but does not confirm 2026 anomaly by itself.,Baseline only; not a 2026 forecast anomaly.,final_dynamic_evidence_matrix.csv
NMME_CPC_ENSMEAN,era5_climatological_context,circulation_baseline,Jul,July 2026,2,greater_horn,ERA5 wind_speed850 climatology,6.841995934036357,m s**-1,baseline_only,0.0,0.0,0.0,neutral_mixed_or_context_only,neutral_or_context,high_for_climatology,wind_speed850 is from ERA5 1991-2020 climatology. It describes normal Kiremt circulation but does not confirm 2026 anomaly by itself.,Baseline only; not a 2026 forecast anomaly.,final_dynamic_evidence_matrix.csv
NMME_CPC_ENSMEAN,era5_climatological_context,circulation_baseline,Jul,July 2026,2,western_moisture_entry,ERA5 wind_speed850 climatology,3.1512091543275664,m s**-1,baseline_only,0.0,0.0,0.0,neutral_mixed_or_context_only,neutral_or_context,high_for_climatology,wind_speed850 is from ERA5 1991-2020 climatology. It describes normal Kiremt circulation but does not confirm 2026 anomaly by itself.,Baseline only; not a 2026 forecast anomaly.,final_dynamic_evidence_matrix.csv
NMME_CPC_ENSMEAN,era5_climatological_context,circulation_baseline,Jul,July 2026,2,arabia_red_sea,ERA5 z200 climatology,12502.408211871902,m,baseline_only,0.0,0.0,0.0,neutral_mixed_or_context_only,neutral_or_context,high_for_climatology,z200 is from ERA5 1991-2020 climatology. It describes normal Kiremt circulation but does not confirm 2026 anomaly by itself.,Baseline only; not a 2026 forecast anomaly.,final_dynamic_evidence_matrix.csv
NMME_CPC_ENSMEAN,era5_climatological_context,circulation_baseline,Jul,July 2026,2,ethiopia,ERA5 z200 climatology,12423.639607590088,m,baseline_only,0.0,0.0,0.0,neutral_mixed_or_context_only,neutral_or_context,high_for_climatology,z200 is from ERA5 1991-2020 climatology. It describes normal Kiremt circulation but does not confirm 2026 anomaly by itself.,Baseline only; not a 2026 forecast anomaly.,final_dynamic_evidence_matrix.csv
NMME_CPC_ENSMEAN,era5_climatological_context,circulation_baseline,Jul,July 2026,2,greater_horn,ERA5 z200 climatology,12431.985649568076,m,baseline_only,0.0,0.0,0.0,neutral_mixed_or_context_only,neutral_or_context,high_for_climatology,z200 is from ERA5 1991-2020 climatology. It describes normal Kiremt circulation but does not confirm 2026 anomaly by itself.,Baseline only; not a 2026 forecast anomaly.,final_dynamic_evidence_matrix.csv
NMME_CPC_ENSMEAN,era5_climatological_context,circulation_baseline,Jul,July 2026,2,north_africa_arabia,ERA5 z200 climatology,12494.348439766458,m,baseline_only,0.0,0.0,0.0,neutral_mixed_or_context_only,neutral_or_context,high_for_climatology,z200 is from ERA5 1991-2020 climatology. It describes normal Kiremt circulation but does not confirm 2026 anomaly by itself.,Baseline only; not a 2026 forecast anomaly.,final_dynamic_evidence_matrix.csv
NMME_CPC_ENSMEAN,era5_climatological_context,circulation_baseline,Jul,July 2026,2,arabia_red_sea,ERA5 z500 climatology,5875.075847148575,m,baseline_only,0.0,0.0,0.0,neutral_mixed_or_context_only,neutral_or_context,high_for_climatology,z500 is from ERA5 1991-2020 climatology. It describes normal Kiremt circulation but does not confirm 2026 anomaly by itself.,Baseline only; not a 2026 forecast anomaly.,final_dynamic_evidence_matrix.csv
NMME_CPC_ENSMEAN,era5_climatological_context,circulation_baseline,Jul,July 2026,2,ethiopia,ERA5 z500 climatology,5868.635037247624,m,baseline_only,0.0,0.0,0.0,neutral_mixed_or_context_only,neutral_or_context,high_for_climatology,z500 is from ERA5 1991-2020 climatology. It describes normal Kiremt circulation but does not confirm 2026 anomaly by itself.,Baseline only; not a 2026 forecast anomaly.,final_dynamic_evidence_matrix.csv
NMME_CPC_ENSMEAN,era5_climatological_context,circulation_baseline,Jul,July 2026,2,greater_horn,ERA5 z500 climatology,5869.828050180087,m,baseline_only,0.0,0.0,0.0,neutral_mixed_or_context_only,neutral_or_context,high_for_climatology,z500 is from ERA5 1991-2020 climatology. It describes normal Kiremt circulation but does not confirm 2026 anomaly by itself.,Baseline only; not a 2026 forecast anomaly.,final_dynamic_evidence_matrix.csv
NMME_CPC_ENSMEAN,era5_climatological_context,circulation_baseline,Jul,July 2026,2,north_africa_arabia,ERA5 z500 climatology,5880.535779332114,m,baseline_only,0.0,0.0,0.0,neutral_mixed_or_context_only,neutral_or_context,high_for_climatology,z500 is from ERA5 1991-2020 climatology. It describes normal Kiremt circulation but does not confirm 2026 anomaly by itself.,Baseline only; not a 2026 forecast anomaly.,final_dynamic_evidence_matrix.csv
NMME_CPC_ENSMEAN,nmme_forecast_anomaly,ocean_driver,Jul,July 2026,2,iod_west_minus_iod_east,DMI / IOD proxy from NMME tmpsfc,0.1543942391872406,K,iod_neutral_or_weak,0.0,1.0,0.0,neutral_mixed_or_context_only,neutral_or_context,low_to_moderate,IOD signal is neutral or weak.,IOD influence on Ethiopia Kiremt can be spatially mixed; use official DMI products where possible.,final_dynamic_evidence_matrix.csv
NMME_CPC_ENSMEAN,nmme_forecast_anomaly,ocean_driver,Jul,July 2026,2,nino34_box,Niño3.4 SST anomaly proxy from NMME tmpsfc,1.4020531177520752,K,el_nino_like,1.0,1.0,1.0,supports_dry_kiremt,moderate_dry_support,moderate,El Niño-like SST forcing; supports dry-risk for Ethiopia Kiremt.,"Computed from NMME tmpsfc anomaly as an SST proxy, not an official Niño3.4 index product.",final_dynamic_evidence_matrix.csv
NMME_CPC_ENSMEAN,nmme_forecast_anomaly,rainfall_forecast,Jul,July 2026,2,central_ethiopia,NMME precipitation anomaly,-8.147616386413574,mm/month,near_normal,0.0,1.0,0.0,neutral_mixed_or_context_only,neutral_or_context,moderate,Near-normal monthly rainfall anomaly.,Direct NMME ensemble-mean anomaly; does not show probability or model agreement.,final_dynamic_evidence_matrix.csv
NMME_CPC_ENSMEAN,nmme_forecast_anomaly,rainfall_forecast,Jul,July 2026,2,east_ethiopia,NMME precipitation anomaly,-6.676438808441162,mm/month,near_normal,0.0,1.0,0.0,neutral_mixed_or_context_only,neutral_or_context,moderate,Near-normal monthly rainfall anomaly.,Direct NMME ensemble-mean anomaly; does not show probability or model agreement.,final_dynamic_evidence_matrix.csv
NMME_CPC_ENSMEAN,nmme_forecast_anomaly,rainfall_forecast,Jul,July 2026,2,ethiopia,NMME precipitation anomaly,-8.790461540222168,mm/month,near_normal,0.0,1.0,0.0,neutral_mixed_or_context_only,neutral_or_context,moderate,Near-normal monthly rainfall anomaly.,Direct NMME ensemble-mean anomaly; does not show probability or model agreement.,final_dynamic_evidence_matrix.csv
NMME_CPC_ENSMEAN,nmme_forecast_anomaly,rainfall_forecast,Jul,July 2026,2,greater_horn,NMME precipitation anomaly,-7.298348903656006,mm/month,near_normal,0.0,1.0,0.0,neutral_mixed_or_context_only,neutral_or_context,moderate,Near-normal monthly rainfall anomaly.,Direct NMME ensemble-mean anomaly; does not show probability or model agreement.,final_dynamic_evidence_matrix.csv
NMME_CPC_ENSMEAN,nmme_forecast_anomaly,rainfall_forecast,Jul,July 2026,2,north_ethiopia,NMME precipitation anomaly,-0.9921156764030457,mm/month,near_normal,0.0,1.0,0.0,neutral_mixed_or_context_only,neutral_or_context,moderate,Near-normal monthly rainfall anomaly.,Direct NMME ensemble-mean anomaly; does not show probability or model agreement.,final_dynamic_evidence_matrix.csv
NMME_CPC_ENSMEAN,nmme_forecast_anomaly,rainfall_forecast,Jul,July 2026,2,west_ethiopia,NMME precipitation anomaly,-12.105708122253418,mm/month,weak_below_normal,1.0,1.0,1.0,supports_dry_kiremt,moderate_dry_support,moderate,Weak monthly rainfall deficit signal.,Direct NMME ensemble-mean anomaly; does not show probability or model agreement.,final_dynamic_evidence_matrix.csv
NMME_CPC_ENSMEAN,nmme_forecast_anomaly,upper_level_circulation,Jul,July 2026,2,arabia_red_sea,NMME z200 anomaly,39.65713882446289,m,positive_height_anomaly,1.0,1.0,1.0,supports_dry_kiremt,moderate_dry_support,low_to_moderate,Positive z200 anomaly may suggest ridging/subsidence-supporting circulation.,"z200 alone is not sufficient; interpret together with u200, divergence, omega, and rainfall.",final_dynamic_evidence_matrix.csv
NMME_CPC_ENSMEAN,nmme_forecast_anomaly,upper_level_circulation,Jul,July 2026,2,east_africa,NMME z200 anomaly,50.35972595214844,m,positive_height_anomaly,1.0,1.0,1.0,supports_dry_kiremt,moderate_dry_support,low_to_moderate,Positive z200 anomaly may suggest ridging/subsidence-supporting circulation.,"z200 alone is not sufficient; interpret together with u200, divergence, omega, and rainfall.",final_dynamic_evidence_matrix.csv
NMME_CPC_ENSMEAN,nmme_forecast_anomaly,upper_level_circulation,Jul,July 2026,2,ethiopia,NMME z200 anomaly,51.259090423583984,m,positive_height_anomaly,1.0,1.0,1.0,supports_dry_kiremt,moderate_dry_support,low_to_moderate,Positive z200 anomaly may suggest ridging/subsidence-supporting circulation.,"z200 alone is not sufficient; interpret together with u200, divergence, omega, and rainfall.",final_dynamic_evidence_matrix.csv
NMME_CPC_ENSMEAN,nmme_forecast_anomaly,upper_level_circulation,Jul,July 2026,2,greater_horn,NMME z200 anomaly,48.52931594848633,m,positive_height_anomaly,1.0,1.0,1.0,supports_dry_kiremt,moderate_dry_support,low_to_moderate,Positive z200 anomaly may suggest ridging/subsidence-supporting circulation.,"z200 alone is not sufficient; interpret together with u200, divergence, omega, and rainfall.",final_dynamic_evidence_matrix.csv
NMME_CPC_ENSMEAN,nmme_forecast_anomaly,upper_level_circulation,Jul,July 2026,2,north_africa_arabia,NMME z200 anomaly,34.529876708984375,m,positive_height_anomaly,1.0,1.0,1.0,supports_dry_kiremt,moderate_dry_support,low_to_moderate,Positive z200 anomaly may suggest ridging/subsidence-supporting circulation.,"z200 alone is not sufficient; interpret together with u200, divergence, omega, and rainfall.",final_dynamic_evidence_matrix.csv
CFSv2_NOMADS_June2026_init,cfsv2_raw_dynamic_consistency,dynamic_circulation_forecast,Aug,August 2026,3,ethiopia,div200,-1.282177841397451e-07,s-1,convergence,1.0,0.5,0.5,supports_dry_kiremt,moderate_dry_support,low_to_moderate,Upper-level convergence may suppress deep convection and supports dry-risk interpretation.,Raw CFSv2 forecast field; not an anomaly relative to model hindcast climatology.,cfsv2_dynamic_area_mean_diagnostics.csv
CFSv2_NOMADS_June2026_init,cfsv2_raw_dynamic_consistency,dynamic_circulation_forecast,Aug,August 2026,3,ethiopia,mfc850,2.1943470141759784e-09,kg kg-1 s-1 approximately,moisture_convergence,-1.0,0.5,-0.5,supports_wet_or_reduces_dry_risk,moderate_wet_support,low_to_moderate,Low-level moisture-flux convergence supports rainfall potential.,Raw CFSv2 forecast field; not an anomaly relative to model hindcast climatology.,cfsv2_dynamic_area_mean_diagnostics.csv
CFSv2_NOMADS_June2026_init,cfsv2_raw_dynamic_consistency,dynamic_circulation_forecast,Aug,August 2026,3,ethiopia,omega500,-0.008364798435853,Pa s**-1,rising_motion_tendency,-1.0,0.5,-0.5,supports_wet_or_reduces_dry_risk,moderate_wet_support,low_to_moderate,Negative omega indicates rising-motion tendency and supports rainfall potential.,Raw CFSv2 forecast field; not an anomaly relative to model hindcast climatology.,cfsv2_dynamic_area_mean_diagnostics.csv
CFSv2_NOMADS_June2026_init,cfsv2_raw_dynamic_consistency,dynamic_circulation_forecast,Aug,August 2026,3,ethiopia,omega700,-0.0191511003624278,Pa s**-1,rising_motion_tendency,-1.0,0.5,-0.5,supports_wet_or_reduces_dry_risk,moderate_wet_support,low_to_moderate,Negative omega indicates rising-motion tendency and supports rainfall potential.,Raw CFSv2 forecast field; not an anomaly relative to model hindcast climatology.,cfsv2_dynamic_area_mean_diagnostics.csv
CFSv2_NOMADS_June2026_init,cfsv2_raw_dynamic_consistency,dynamic_circulation_forecast,Aug,August 2026,3,ethiopia,q850,0.0109344961215009,kg kg**-1,not_classified,0.0,0.25,0.0,neutral_mixed_or_context_only,neutral_or_context,context_only,"q850 is retained as circulation context, but it is not scored because raw values require anomaly or pattern-based interpretation.",Raw CFSv2 forecast field; not an anomaly relative to model hindcast climatology.,cfsv2_dynamic_area_mean_diagnostics.csv
CFSv2_NOMADS_June2026_init,cfsv2_raw_dynamic_consistency,dynamic_circulation_forecast,Aug,August 2026,3,ethiopia,qu850,0.0251326120133667,kg kg-1 m s-1,not_classified,0.0,0.25,0.0,neutral_mixed_or_context_only,neutral_or_context,context_only,"qu850 is retained as circulation context, but it is not scored because raw values require anomaly or pattern-based interpretation.",Raw CFSv2 forecast field; not an anomaly relative to model hindcast climatology.,cfsv2_dynamic_area_mean_diagnostics.csv
CFSv2_NOMADS_June2026_init,cfsv2_raw_dynamic_consistency,dynamic_circulation_forecast,Aug,August 2026,3,ethiopia,qv850,0.0385520008428161,kg kg-1 m s-1,not_classified,0.0,0.25,0.0,neutral_mixed_or_context_only,neutral_or_context,context_only,"qv850 is retained as circulation context, but it is not scored because raw values require anomaly or pattern-based interpretation.",Raw CFSv2 forecast field; not an anomaly relative to model hindcast climatology.,cfsv2_dynamic_area_mean_diagnostics.csv
CFSv2_NOMADS_June2026_init,cfsv2_raw_dynamic_consistency,dynamic_circulation_forecast,Aug,August 2026,3,ethiopia,sst_proxy,302.61295133677135,K,not_classified,0.0,0.25,0.0,neutral_mixed_or_context_only,neutral_or_context,context_only,"sst_proxy is retained as circulation context, but it is not scored because raw values require anomaly or pattern-based interpretation.",Raw CFSv2 forecast field; not an anomaly relative to model hindcast climatology.,cfsv2_dynamic_area_mean_diagnostics.csv
CFSv2_NOMADS_June2026_init,cfsv2_raw_dynamic_consistency,dynamic_circulation_forecast,Aug,August 2026,3,ethiopia,strf200,-20824235.645641632,m**2 s**-1,not_classified,0.0,0.25,0.0,neutral_mixed_or_context_only,neutral_or_context,context_only,"strf200 is retained as circulation context, but it is not scored because raw values require anomaly or pattern-based interpretation.",Raw CFSv2 forecast field; not an anomaly relative to model hindcast climatology.,cfsv2_dynamic_area_mean_diagnostics.csv
CFSv2_NOMADS_June2026_init,cfsv2_raw_dynamic_consistency,dynamic_circulation_forecast,Aug,August 2026,3,ethiopia,tej_strength,18.25831101771462,m s**-1,moderate_tej,-1.0,0.5,-0.5,supports_wet_or_reduces_dry_risk,moderate_wet_support,low_to_moderate,Moderate/strong TEJ supports an active Kiremt upper-level jet background and reduces dry-risk confidence.,Raw CFSv2 forecast field; not an anomaly relative to model hindcast climatology.,cfsv2_dynamic_area_mean_diagnostics.csv
CFSv2_NOMADS_June2026_init,cfsv2_raw_dynamic_consistency,dynamic_circulation_forecast,Aug,August 2026,3,ethiopia,u200,-18.25831101771462,m s**-1,easterly_flow,-0.5,0.5,-0.25,supports_wet_or_reduces_dry_risk,weak_wet_support,low,Easterly 200 hPa flow is consistent with TEJ background and supports rainfall potential.,Raw CFSv2 forecast field; not an anomaly relative to model hindcast climatology.,cfsv2_dynamic_area_mean_diagnostics.csv
CFSv2_NOMADS_June2026_init,cfsv2_raw_dynamic_consistency,dynamic_circulation_forecast,Aug,August 2026,3,ethiopia,u850,2.400818359429936,m s**-1,not_classified,0.0,0.25,0.0,neutral_mixed_or_context_only,neutral_or_context,context_only,"u850 is retained as circulation context, but it is not scored because raw values require anomaly or pattern-based interpretation.",Raw CFSv2 forecast field; not an anomaly relative to model hindcast climatology.,cfsv2_dynamic_area_mean_diagnostics.csv
CFSv2_NOMADS_June2026_init,cfsv2_raw_dynamic_consistency,dynamic_circulation_forecast,Aug,August 2026,3,ethiopia,v200,1.2740186036634944,m s**-1,not_classified,0.0,0.25,0.0,neutral_mixed_or_context_only,neutral_or_context,context_only,"v200 is retained as circulation context, but it is not scored because raw values require anomaly or pattern-based interpretation.",Raw CFSv2 forecast field; not an anomaly relative to model hindcast climatology.,cfsv2_dynamic_area_mean_diagnostics.csv
CFSv2_NOMADS_June2026_init,cfsv2_raw_dynamic_consistency,dynamic_circulation_forecast,Aug,August 2026,3,ethiopia,v850,3.815548783930176,m s**-1,not_classified,0.0,0.25,0.0,neutral_mixed_or_context_only,neutral_or_context,context_only,"v850 is retained as circulation context, but it is not scored because raw values require anomaly or pattern-based interpretation.",Raw CFSv2 forecast field; not an anomaly relative to model hindcast climatology.,cfsv2_dynamic_area_mean_diagnostics.csv
CFSv2_NOMADS_June2026_init,cfsv2_raw_dynamic_consistency,dynamic_circulation_forecast,Aug,August 2026,3,ethiopia,vp200,9355265.675577795,m**2 s**-1,not_classified,0.0,0.25,0.0,neutral_mixed_or_context_only,neutral_or_context,context_only,"vp200 is retained as circulation context, but it is not scored because raw values require anomaly or pattern-based interpretation.",Raw CFSv2 forecast field; not an anomaly relative to model hindcast climatology.,cfsv2_dynamic_area_mean_diagnostics.csv
CFSv2_NOMADS_June2026_init,cfsv2_raw_dynamic_consistency,dynamic_circulation_forecast,Aug,August 2026,3,ethiopia,wind_speed850,5.728391746439913,m s**-1,not_classified,0.0,0.25,0.0,neutral_mixed_or_context_only,neutral_or_context,context_only,"wind_speed850 is retained as circulation context, but it is not scored because raw values require anomaly or pattern-based interpretation.",Raw CFSv2 forecast field; not an anomaly relative to model hindcast climatology.,cfsv2_dynamic_area_mean_diagnostics.csv
CFSv2_NOMADS_June2026_init,cfsv2_raw_dynamic_consistency,dynamic_circulation_forecast,Aug,August 2026,3,ethiopia,z200,12416.008158544368,gpm,not_classified,0.0,0.25,0.0,neutral_mixed_or_context_only,neutral_or_context,context_only,"z200 is retained as circulation context, but it is not scored because raw values require anomaly or pattern-based interpretation.",Raw CFSv2 forecast field; not an anomaly relative to model hindcast climatology.,cfsv2_dynamic_area_mean_diagnostics.csv
CFSv2_NOMADS_June2026_init,cfsv2_raw_dynamic_consistency,dynamic_circulation_forecast,Aug,August 2026,3,ethiopia,z500,5876.195745622309,gpm,not_classified,0.0,0.25,0.0,neutral_mixed_or_context_only,neutral_or_context,context_only,"z500 is retained as circulation context, but it is not scored because raw values require anomaly or pattern-based interpretation.",Raw CFSv2 forecast field; not an anomaly relative to model hindcast climatology.,cfsv2_dynamic_area_mean_diagnostics.csv
NMME_CPC_ENSMEAN,era5_climatological_context,circulation_baseline,Aug,August 2026,3,tej_core,ERA5 TEJ strength climatology,18.94883529319876,m s**-1,baseline_only,0.0,0.0,0.0,neutral_mixed_or_context_only,neutral_or_context,high_for_climatology,TEJ strength climatology is from ERA5 1991-2020 climatology. It describes normal Kiremt circulation but does not confirm 2026 anomaly by itself.,Baseline only; not a 2026 forecast anomaly.,final_dynamic_evidence_matrix.csv
NMME_CPC_ENSMEAN,era5_climatological_context,circulation_baseline,Aug,August 2026,3,arabia_red_sea,ERA5 divergence200 climatology,-4.346348408461343e-07,s**-1,baseline_only,0.0,0.0,0.0,neutral_mixed_or_context_only,neutral_or_context,high_for_climatology,divergence200 is from ERA5 1991-2020 climatology. It describes normal Kiremt circulation but does not confirm 2026 anomaly by itself.,Baseline only; not a 2026 forecast anomaly.,final_dynamic_evidence_matrix.csv
NMME_CPC_ENSMEAN,era5_climatological_context,circulation_baseline,Aug,August 2026,3,ethiopia,ERA5 divergence200 climatology,-4.1827435630500473e-07,s**-1,baseline_only,0.0,0.0,0.0,neutral_mixed_or_context_only,neutral_or_context,high_for_climatology,divergence200 is from ERA5 1991-2020 climatology. It describes normal Kiremt circulation but does not confirm 2026 anomaly by itself.,Baseline only; not a 2026 forecast anomaly.,final_dynamic_evidence_matrix.csv
NMME_CPC_ENSMEAN,era5_climatological_context,circulation_baseline,Aug,August 2026,3,greater_horn,ERA5 divergence200 climatology,-5.351188758982833e-07,s**-1,baseline_only,0.0,0.0,0.0,neutral_mixed_or_context_only,neutral_or_context,high_for_climatology,divergence200 is from ERA5 1991-2020 climatology. It describes normal Kiremt circulation but does not confirm 2026 anomaly by itself.,Baseline only; not a 2026 forecast anomaly.,final_dynamic_evidence_matrix.csv
NMME_CPC_ENSMEAN,era5_climatological_context,circulation_baseline,Aug,August 2026,3,north_africa_arabia,ERA5 divergence200 climatology,-3.005737784756161e-07,s**-1,baseline_only,0.0,0.0,0.0,neutral_mixed_or_context_only,neutral_or_context,high_for_climatology,divergence200 is from ERA5 1991-2020 climatology. It describes normal Kiremt circulation but does not confirm 2026 anomaly by itself.,Baseline only; not a 2026 forecast anomaly.,final_dynamic_evidence_matrix.csv
NMME_CPC_ENSMEAN,era5_climatological_context,circulation_baseline,Aug,August 2026,3,congo_moisture_corridor,ERA5 mfc850 climatology,1.6862801455109383e-08,kg kg-1 s-1 approximately,baseline_only,0.0,0.0,0.0,neutral_mixed_or_context_only,neutral_or_context,high_for_climatology,mfc850 is from ERA5 1991-2020 climatology. It describes normal Kiremt circulation but does not confirm 2026 anomaly by itself.,Baseline only; not a 2026 forecast anomaly.,final_dynamic_evidence_matrix.csv
NMME_CPC_ENSMEAN,era5_climatological_context,circulation_baseline,Aug,August 2026,3,ethiopia,ERA5 mfc850 climatology,3.352033710967661e-09,kg kg-1 s-1 approximately,baseline_only,0.0,0.0,0.0,neutral_mixed_or_context_only,neutral_or_context,high_for_climatology,mfc850 is from ERA5 1991-2020 climatology. It describes normal Kiremt circulation but does not confirm 2026 anomaly by itself.,Baseline only; not a 2026 forecast anomaly.,final_dynamic_evidence_matrix.csv
NMME_CPC_ENSMEAN,era5_climatological_context,circulation_baseline,Aug,August 2026,3,greater_horn,ERA5 mfc850 climatology,3.322412499435929e-09,kg kg-1 s-1 approximately,baseline_only,0.0,0.0,0.0,neutral_mixed_or_context_only,neutral_or_context,high_for_climatology,mfc850 is from ERA5 1991-2020 climatology. It describes normal Kiremt circulation but does not confirm 2026 anomaly by itself.,Baseline only; not a 2026 forecast anomaly.,final_dynamic_evidence_matrix.csv
NMME_CPC_ENSMEAN,era5_climatological_context,circulation_baseline,Aug,August 2026,3,western_moisture_entry,ERA5 mfc850 climatology,8.958377267188029e-09,kg kg-1 s-1 approximately,baseline_only,0.0,0.0,0.0,neutral_mixed_or_context_only,neutral_or_context,high_for_climatology,mfc850 is from ERA5 1991-2020 climatology. It describes normal Kiremt circulation but does not confirm 2026 anomaly by itself.,Baseline only; not a 2026 forecast anomaly.,final_dynamic_evidence_matrix.csv
NMME_CPC_ENSMEAN,era5_climatological_context,circulation_baseline,Aug,August 2026,3,arabia_red_sea,ERA5 omega500 climatology,-0.00693059795847,Pa s**-1,baseline_only,0.0,0.0,0.0,neutral_mixed_or_context_only,neutral_or_context,high_for_climatology,omega500 is from ERA5 1991-2020 climatology. It describes normal Kiremt circulation but does not confirm 2026 anomaly by itself.,Baseline only; not a 2026 forecast anomaly.,final_dynamic_evidence_matrix.csv
NMME_CPC_ENSMEAN,era5_climatological_context,circulation_baseline,Aug,August 2026,3,ethiopia,ERA5 omega500 climatology,-0.0319308966646348,Pa s**-1,baseline_only,0.0,0.0,0.0,neutral_mixed_or_context_only,neutral_or_context,high_for_climatology,omega500 is from ERA5 1991-2020 climatology. It describes normal Kiremt circulation but does not confirm 2026 anomaly by itself.,Baseline only; not a 2026 forecast anomaly.,final_dynamic_evidence_matrix.csv
NMME_CPC_ENSMEAN,era5_climatological_context,circulation_baseline,Aug,August 2026,3,greater_horn,ERA5 omega500 climatology,-0.0010222855800493,Pa s**-1,baseline_only,0.0,0.0,0.0,neutral_mixed_or_context_only,neutral_or_context,high_for_climatology,omega500 is from ERA5 1991-2020 climatology. It describes normal Kiremt circulation but does not confirm 2026 anomaly by itself.,Baseline only; not a 2026 forecast anomaly.,final_dynamic_evidence_matrix.csv
NMME_CPC_ENSMEAN,era5_climatological_context,circulation_baseline,Aug,August 2026,3,north_africa_arabia,ERA5 omega500 climatology,0.0059679793602798,Pa s**-1,baseline_only,0.0,0.0,0.0,neutral_mixed_or_context_only,neutral_or_context,high_for_climatology,omega500 is from ERA5 1991-2020 climatology. It describes normal Kiremt circulation but does not confirm 2026 anomaly by itself.,Baseline only; not a 2026 forecast anomaly.,final_dynamic_evidence_matrix.csv
NMME_CPC_ENSMEAN,era5_climatological_context,circulation_baseline,Aug,August 2026,3,arabia_red_sea,ERA5 omega700 climatology,-0.037732739377639,Pa s**-1,baseline_only,0.0,0.0,0.0,neutral_mixed_or_context_only,neutral_or_context,high_for_climatology,omega700 is from ERA5 1991-2020 climatology. It describes normal Kiremt circulation but does not confirm 2026 anomaly by itself.,Baseline only; not a 2026 forecast anomaly.,final_dynamic_evidence_matrix.csv
NMME_CPC_ENSMEAN,era5_climatological_context,circulation_baseline,Aug,August 2026,3,ethiopia,ERA5 omega700 climatology,-0.0301825834434688,Pa s**-1,baseline_only,0.0,0.0,0.0,neutral_mixed_or_context_only,neutral_or_context,high_for_climatology,omega700 is from ERA5 1991-2020 climatology. It describes normal Kiremt circulation but does not confirm 2026 anomaly by itself.,Baseline only; not a 2026 forecast anomaly.,final_dynamic_evidence_matrix.csv
NMME_CPC_ENSMEAN,era5_climatological_context,circulation_baseline,Aug,August 2026,3,greater_horn,ERA5 omega700 climatology,-0.009233478735298,Pa s**-1,baseline_only,0.0,0.0,0.0,neutral_mixed_or_context_only,neutral_or_context,high_for_climatology,omega700 is from ERA5 1991-2020 climatology. It describes normal Kiremt circulation but does not confirm 2026 anomaly by itself.,Baseline only; not a 2026 forecast anomaly.,final_dynamic_evidence_matrix.csv
NMME_CPC_ENSMEAN,era5_climatological_context,circulation_baseline,Aug,August 2026,3,north_africa_arabia,ERA5 omega700 climatology,-0.0096337448805074,Pa s**-1,baseline_only,0.0,0.0,0.0,neutral_mixed_or_context_only,neutral_or_context,high_for_climatology,omega700 is from ERA5 1991-2020 climatology. It describes normal Kiremt circulation but does not confirm 2026 anomaly by itself.,Baseline only; not a 2026 forecast anomaly.,final_dynamic_evidence_matrix.csv
NMME_CPC_ENSMEAN,era5_climatological_context,circulation_baseline,Aug,August 2026,3,congo_moisture_corridor,ERA5 qu850 climatology,0.0118860079450659,kg kg-1 m s-1,baseline_only,0.0,0.0,0.0,neutral_mixed_or_context_only,neutral_or_context,high_for_climatology,qu850 is from ERA5 1991-2020 climatology. It describes normal Kiremt circulation but does not confirm 2026 anomaly by itself.,Baseline only; not a 2026 forecast anomaly.,final_dynamic_evidence_matrix.csv
NMME_CPC_ENSMEAN,era5_climatological_context,circulation_baseline,Aug,August 2026,3,ethiopia,ERA5 qu850 climatology,0.0319880638811592,kg kg-1 m s-1,baseline_only,0.0,0.0,0.0,neutral_mixed_or_context_only,neutral_or_context,high_for_climatology,qu850 is from ERA5 1991-2020 climatology. It describes normal Kiremt circulation but does not confirm 2026 anomaly by itself.,Baseline only; not a 2026 forecast anomaly.,final_dynamic_evidence_matrix.csv
NMME_CPC_ENSMEAN,era5_climatological_context,circulation_baseline,Aug,August 2026,3,greater_horn,ERA5 qu850 climatology,0.0033267912777407,kg kg-1 m s-1,baseline_only,0.0,0.0,0.0,neutral_mixed_or_context_only,neutral_or_context,high_for_climatology,qu850 is from ERA5 1991-2020 climatology. It describes normal Kiremt circulation but does not confirm 2026 anomaly by itself.,Baseline only; not a 2026 forecast anomaly.,final_dynamic_evidence_matrix.csv
NMME_CPC_ENSMEAN,era5_climatological_context,circulation_baseline,Aug,August 2026,3,western_moisture_entry,ERA5 qu850 climatology,0.0147081523267444,kg kg-1 m s-1,baseline_only,0.0,0.0,0.0,neutral_mixed_or_context_only,neutral_or_context,high_for_climatology,qu850 is from ERA5 1991-2020 climatology. It describes normal Kiremt circulation but does not confirm 2026 anomaly by itself.,Baseline only; not a 2026 forecast anomaly.,final_dynamic_evidence_matrix.csv
NMME_CPC_ENSMEAN,era5_climatological_context,circulation_baseline,Aug,August 2026,3,congo_moisture_corridor,ERA5 qv850 climatology,0.0067546416684409,kg kg-1 m s-1,baseline_only,0.0,0.0,0.0,neutral_mixed_or_context_only,neutral_or_context,high_for_climatology,qv850 is from ERA5 1991-2020 climatology. It describes normal Kiremt circulation but does not confirm 2026 anomaly by itself.,Baseline only; not a 2026 forecast anomaly.,final_dynamic_evidence_matrix.csv
NMME_CPC_ENSMEAN,era5_climatological_context,circulation_baseline,Aug,August 2026,3,ethiopia,ERA5 qv850 climatology,0.0383461241535035,kg kg-1 m s-1,baseline_only,0.0,0.0,0.0,neutral_mixed_or_context_only,neutral_or_context,high_for_climatology,qv850 is from ERA5 1991-2020 climatology. It describes normal Kiremt circulation but does not confirm 2026 anomaly by itself.,Baseline only; not a 2026 forecast anomaly.,final_dynamic_evidence_matrix.csv
NMME_CPC_ENSMEAN,era5_climatological_context,circulation_baseline,Aug,August 2026,3,greater_horn,ERA5 qv850 climatology,0.0232116308796059,kg kg-1 m s-1,baseline_only,0.0,0.0,0.0,neutral_mixed_or_context_only,neutral_or_context,high_for_climatology,qv850 is from ERA5 1991-2020 climatology. It describes normal Kiremt circulation but does not confirm 2026 anomaly by itself.,Baseline only; not a 2026 forecast anomaly.,final_dynamic_evidence_matrix.csv
NMME_CPC_ENSMEAN,era5_climatological_context,circulation_baseline,Aug,August 2026,3,western_moisture_entry,ERA5 qv850 climatology,0.0147048846554092,kg kg-1 m s-1,baseline_only,0.0,0.0,0.0,neutral_mixed_or_context_only,neutral_or_context,high_for_climatology,qv850 is from ERA5 1991-2020 climatology. It describes normal Kiremt circulation but does not confirm 2026 anomaly by itself.,Baseline only; not a 2026 forecast anomaly.,final_dynamic_evidence_matrix.csv
NMME_CPC_ENSMEAN,era5_climatological_context,circulation_baseline,Aug,August 2026,3,congo_moisture_corridor,ERA5 wind_speed850 climatology,2.4770799198315188,m s**-1,baseline_only,0.0,0.0,0.0,neutral_mixed_or_context_only,neutral_or_context,high_for_climatology,wind_speed850 is from ERA5 1991-2020 climatology. It describes normal Kiremt circulation but does not confirm 2026 anomaly by itself.,Baseline only; not a 2026 forecast anomaly.,final_dynamic_evidence_matrix.csv
NMME_CPC_ENSMEAN,era5_climatological_context,circulation_baseline,Aug,August 2026,3,ethiopia,ERA5 wind_speed850 climatology,6.415302618369951,m s**-1,baseline_only,0.0,0.0,0.0,neutral_mixed_or_context_only,neutral_or_context,high_for_climatology,wind_speed850 is from ERA5 1991-2020 climatology. It describes normal Kiremt circulation but does not confirm 2026 anomaly by itself.,Baseline only; not a 2026 forecast anomaly.,final_dynamic_evidence_matrix.csv
NMME_CPC_ENSMEAN,era5_climatological_context,circulation_baseline,Aug,August 2026,3,greater_horn,ERA5 wind_speed850 climatology,6.154539149291889,m s**-1,baseline_only,0.0,0.0,0.0,neutral_mixed_or_context_only,neutral_or_context,high_for_climatology,wind_speed850 is from ERA5 1991-2020 climatology. It describes normal Kiremt circulation but does not confirm 2026 anomaly by itself.,Baseline only; not a 2026 forecast anomaly.,final_dynamic_evidence_matrix.csv
NMME_CPC_ENSMEAN,era5_climatological_context,circulation_baseline,Aug,August 2026,3,western_moisture_entry,ERA5 wind_speed850 climatology,2.5536185310562005,m s**-1,baseline_only,0.0,0.0,0.0,neutral_mixed_or_context_only,neutral_or_context,high_for_climatology,wind_speed850 is from ERA5 1991-2020 climatology. It describes normal Kiremt circulation but does not confirm 2026 anomaly by itself.,Baseline only; not a 2026 forecast anomaly.,final_dynamic_evidence_matrix.csv
NMME_CPC_ENSMEAN,era5_climatological_context,circulation_baseline,Aug,August 2026,3,arabia_red_sea,ERA5 z200 climatology,12496.135833178208,m,baseline_only,0.0,0.0,0.0,neutral_mixed_or_context_only,neutral_or_context,high_for_climatology,z200 is from ERA5 1991-2020 climatology. It describes normal Kiremt circulation but does not confirm 2026 anomaly by itself.,Baseline only; not a 2026 forecast anomaly.,final_dynamic_evidence_matrix.csv
NMME_CPC_ENSMEAN,era5_climatological_context,circulation_baseline,Aug,August 2026,3,ethiopia,ERA5 z200 climatology,12425.462519276763,m,baseline_only,0.0,0.0,0.0,neutral_mixed_or_context_only,neutral_or_context,high_for_climatology,z200 is from ERA5 1991-2020 climatology. It describes normal Kiremt circulation but does not confirm 2026 anomaly by itself.,Baseline only; not a 2026 forecast anomaly.,final_dynamic_evidence_matrix.csv
NMME_CPC_ENSMEAN,era5_climatological_context,circulation_baseline,Aug,August 2026,3,greater_horn,ERA5 z200 climatology,12431.88397999646,m,baseline_only,0.0,0.0,0.0,neutral_mixed_or_context_only,neutral_or_context,high_for_climatology,z200 is from ERA5 1991-2020 climatology. It describes normal Kiremt circulation but does not confirm 2026 anomaly by itself.,Baseline only; not a 2026 forecast anomaly.,final_dynamic_evidence_matrix.csv
NMME_CPC_ENSMEAN,era5_climatological_context,circulation_baseline,Aug,August 2026,3,north_africa_arabia,ERA5 z200 climatology,12484.340308485504,m,baseline_only,0.0,0.0,0.0,neutral_mixed_or_context_only,neutral_or_context,high_for_climatology,z200 is from ERA5 1991-2020 climatology. It describes normal Kiremt circulation but does not confirm 2026 anomaly by itself.,Baseline only; not a 2026 forecast anomaly.,final_dynamic_evidence_matrix.csv
NMME_CPC_ENSMEAN,era5_climatological_context,circulation_baseline,Aug,August 2026,3,arabia_red_sea,ERA5 z500 climatology,5880.37273024253,m,baseline_only,0.0,0.0,0.0,neutral_mixed_or_context_only,neutral_or_context,high_for_climatology,z500 is from ERA5 1991-2020 climatology. It describes normal Kiremt circulation but does not confirm 2026 anomaly by itself.,Baseline only; not a 2026 forecast anomaly.,final_dynamic_evidence_matrix.csv
NMME_CPC_ENSMEAN,era5_climatological_context,circulation_baseline,Aug,August 2026,3,ethiopia,ERA5 z500 climatology,5868.855900514815,m,baseline_only,0.0,0.0,0.0,neutral_mixed_or_context_only,neutral_or_context,high_for_climatology,z500 is from ERA5 1991-2020 climatology. It describes normal Kiremt circulation but does not confirm 2026 anomaly by itself.,Baseline only; not a 2026 forecast anomaly.,final_dynamic_evidence_matrix.csv
NMME_CPC_ENSMEAN,era5_climatological_context,circulation_baseline,Aug,August 2026,3,greater_horn,ERA5 z500 climatology,5871.786496867663,m,baseline_only,0.0,0.0,0.0,neutral_mixed_or_context_only,neutral_or_context,high_for_climatology,z500 is from ERA5 1991-2020 climatology. It describes normal Kiremt circulation but does not confirm 2026 anomaly by itself.,Baseline only; not a 2026 forecast anomaly.,final_dynamic_evidence_matrix.csv
NMME_CPC_ENSMEAN,era5_climatological_context,circulation_baseline,Aug,August 2026,3,north_africa_arabia,ERA5 z500 climatology,5884.892855649657,m,baseline_only,0.0,0.0,0.0,neutral_mixed_or_context_only,neutral_or_context,high_for_climatology,z500 is from ERA5 1991-2020 climatology. It describes normal Kiremt circulation but does not confirm 2026 anomaly by itself.,Baseline only; not a 2026 forecast anomaly.,final_dynamic_evidence_matrix.csv
NMME_CPC_ENSMEAN,nmme_forecast_anomaly,ocean_driver,Aug,August 2026,3,iod_west_minus_iod_east,DMI / IOD proxy from NMME tmpsfc,0.4907215684652328,K,positive_iod_like,0.0,1.0,0.0,neutral_mixed_or_context_only,neutral_or_context,low_to_moderate,Positive IOD-like signal; may introduce regional contrasts.,IOD influence on Ethiopia Kiremt can be spatially mixed; use official DMI products where possible.,final_dynamic_evidence_matrix.csv
NMME_CPC_ENSMEAN,nmme_forecast_anomaly,ocean_driver,Aug,August 2026,3,nino34_box,Niño3.4 SST anomaly proxy from NMME tmpsfc,1.9275705814361568,K,strong_el_nino_like,2.0,1.0,2.0,supports_dry_kiremt,strong_dry_support,moderate,Strong El Niño-like SST forcing; supports dry-risk for Ethiopia Kiremt.,"Computed from NMME tmpsfc anomaly as an SST proxy, not an official Niño3.4 index product.",final_dynamic_evidence_matrix.csv
NMME_CPC_ENSMEAN,nmme_forecast_anomaly,rainfall_forecast,Aug,August 2026,3,central_ethiopia,NMME precipitation anomaly,-4.5875244140625,mm/month,near_normal,0.0,1.0,0.0,neutral_mixed_or_context_only,neutral_or_context,moderate,Near-normal monthly rainfall anomaly.,Direct NMME ensemble-mean anomaly; does not show probability or model agreement.,final_dynamic_evidence_matrix.csv
NMME_CPC_ENSMEAN,nmme_forecast_anomaly,rainfall_forecast,Aug,August 2026,3,east_ethiopia,NMME precipitation anomaly,-4.500892639160156,mm/month,near_normal,0.0,1.0,0.0,neutral_mixed_or_context_only,neutral_or_context,moderate,Near-normal monthly rainfall anomaly.,Direct NMME ensemble-mean anomaly; does not show probability or model agreement.,final_dynamic_evidence_matrix.csv
NMME_CPC_ENSMEAN,nmme_forecast_anomaly,rainfall_forecast,Aug,August 2026,3,ethiopia,NMME precipitation anomaly,-7.342073440551758,mm/month,near_normal,0.0,1.0,0.0,neutral_mixed_or_context_only,neutral_or_context,moderate,Near-normal monthly rainfall anomaly.,Direct NMME ensemble-mean anomaly; does not show probability or model agreement.,final_dynamic_evidence_matrix.csv
NMME_CPC_ENSMEAN,nmme_forecast_anomaly,rainfall_forecast,Aug,August 2026,3,greater_horn,NMME precipitation anomaly,-4.116758346557617,mm/month,near_normal,0.0,1.0,0.0,neutral_mixed_or_context_only,neutral_or_context,moderate,Near-normal monthly rainfall anomaly.,Direct NMME ensemble-mean anomaly; does not show probability or model agreement.,final_dynamic_evidence_matrix.csv
NMME_CPC_ENSMEAN,nmme_forecast_anomaly,rainfall_forecast,Aug,August 2026,3,north_ethiopia,NMME precipitation anomaly,-2.18837308883667,mm/month,near_normal,0.0,1.0,0.0,neutral_mixed_or_context_only,neutral_or_context,moderate,Near-normal monthly rainfall anomaly.,Direct NMME ensemble-mean anomaly; does not show probability or model agreement.,final_dynamic_evidence_matrix.csv
NMME_CPC_ENSMEAN,nmme_forecast_anomaly,rainfall_forecast,Aug,August 2026,3,west_ethiopia,NMME precipitation anomaly,-9.90558910369873,mm/month,near_normal,0.0,1.0,0.0,neutral_mixed_or_context_only,neutral_or_context,moderate,Near-normal monthly rainfall anomaly.,Direct NMME ensemble-mean anomaly; does not show probability or model agreement.,final_dynamic_evidence_matrix.csv
NMME_CPC_ENSMEAN,nmme_forecast_anomaly,upper_level_circulation,Aug,August 2026,3,arabia_red_sea,NMME z200 anomaly,50.394229888916016,m,positive_height_anomaly,1.0,1.0,1.0,supports_dry_kiremt,moderate_dry_support,low_to_moderate,Positive z200 anomaly may suggest ridging/subsidence-supporting circulation.,"z200 alone is not sufficient; interpret together with u200, divergence, omega, and rainfall.",final_dynamic_evidence_matrix.csv
NMME_CPC_ENSMEAN,nmme_forecast_anomaly,upper_level_circulation,Aug,August 2026,3,east_africa,NMME z200 anomaly,55.472755432128906,m,positive_height_anomaly,1.0,1.0,1.0,supports_dry_kiremt,moderate_dry_support,low_to_moderate,Positive z200 anomaly may suggest ridging/subsidence-supporting circulation.,"z200 alone is not sufficient; interpret together with u200, divergence, omega, and rainfall.",final_dynamic_evidence_matrix.csv
NMME_CPC_ENSMEAN,nmme_forecast_anomaly,upper_level_circulation,Aug,August 2026,3,ethiopia,NMME z200 anomaly,56.654388427734375,m,positive_height_anomaly,1.0,1.0,1.0,supports_dry_kiremt,moderate_dry_support,low_to_moderate,Positive z200 anomaly may suggest ridging/subsidence-supporting circulation.,"z200 alone is not sufficient; interpret together with u200, divergence, omega, and rainfall.",final_dynamic_evidence_matrix.csv
NMME_CPC_ENSMEAN,nmme_forecast_anomaly,upper_level_circulation,Aug,August 2026,3,greater_horn,NMME z200 anomaly,54.59540557861328,m,positive_height_anomaly,1.0,1.0,1.0,supports_dry_kiremt,moderate_dry_support,low_to_moderate,Positive z200 anomaly may suggest ridging/subsidence-supporting circulation.,"z200 alone is not sufficient; interpret together with u200, divergence, omega, and rainfall.",final_dynamic_evidence_matrix.csv
NMME_CPC_ENSMEAN,nmme_forecast_anomaly,upper_level_circulation,Aug,August 2026,3,north_africa_arabia,NMME z200 anomaly,48.025146484375,m,positive_height_anomaly,1.0,1.0,1.0,supports_dry_kiremt,moderate_dry_support,low_to_moderate,Positive z200 anomaly may suggest ridging/subsidence-supporting circulation.,"z200 alone is not sufficient; interpret together with u200, divergence, omega, and rainfall.",final_dynamic_evidence_matrix.csv
CFSv2_NOMADS_June2026_init,cfsv2_raw_dynamic_consistency,dynamic_circulation_forecast,Sep,September 2026,4,ethiopia,div200,-1.6615227309793515e-06,s-1,convergence,1.0,0.5,0.5,supports_dry_kiremt,moderate_dry_support,low_to_moderate,Upper-level convergence may suppress deep convection and supports dry-risk interpretation.,Raw CFSv2 forecast field; not an anomaly relative to model hindcast climatology.,cfsv2_dynamic_area_mean_diagnostics.csv
CFSv2_NOMADS_June2026_init,cfsv2_raw_dynamic_consistency,dynamic_circulation_forecast,Sep,September 2026,4,ethiopia,mfc850,2.7579004620495647e-09,kg kg-1 s-1 approximately,moisture_convergence,-1.0,0.5,-0.5,supports_wet_or_reduces_dry_risk,moderate_wet_support,low_to_moderate,Low-level moisture-flux convergence supports rainfall potential.,Raw CFSv2 forecast field; not an anomaly relative to model hindcast climatology.,cfsv2_dynamic_area_mean_diagnostics.csv
CFSv2_NOMADS_June2026_init,cfsv2_raw_dynamic_consistency,dynamic_circulation_forecast,Sep,September 2026,4,ethiopia,omega500,0.0156451715763628,Pa s**-1,subsidence_tendency,1.0,0.5,0.5,supports_dry_kiremt,moderate_dry_support,low_to_moderate,Positive omega indicates subsidence tendency and supports dry-risk interpretation.,Raw CFSv2 forecast field; not an anomaly relative to model hindcast climatology.,cfsv2_dynamic_area_mean_diagnostics.csv
CFSv2_NOMADS_June2026_init,cfsv2_raw_dynamic_consistency,dynamic_circulation_forecast,Sep,September 2026,4,ethiopia,omega700,-0.0092236441033596,Pa s**-1,rising_motion_tendency,-1.0,0.5,-0.5,supports_wet_or_reduces_dry_risk,moderate_wet_support,low_to_moderate,Negative omega indicates rising-motion tendency and supports rainfall potential.,Raw CFSv2 forecast field; not an anomaly relative to model hindcast climatology.,cfsv2_dynamic_area_mean_diagnostics.csv
CFSv2_NOMADS_June2026_init,cfsv2_raw_dynamic_consistency,dynamic_circulation_forecast,Sep,September 2026,4,ethiopia,q850,0.0100171078969047,kg kg**-1,not_classified,0.0,0.25,0.0,neutral_mixed_or_context_only,neutral_or_context,context_only,"q850 is retained as circulation context, but it is not scored because raw values require anomaly or pattern-based interpretation.",Raw CFSv2 forecast field; not an anomaly relative to model hindcast climatology.,cfsv2_dynamic_area_mean_diagnostics.csv
CFSv2_NOMADS_June2026_init,cfsv2_raw_dynamic_consistency,dynamic_circulation_forecast,Sep,September 2026,4,ethiopia,qu850,0.0001438726227284,kg kg-1 m s-1,not_classified,0.0,0.25,0.0,neutral_mixed_or_context_only,neutral_or_context,context_only,"qu850 is retained as circulation context, but it is not scored because raw values require anomaly or pattern-based interpretation.",Raw CFSv2 forecast field; not an anomaly relative to model hindcast climatology.,cfsv2_dynamic_area_mean_diagnostics.csv
CFSv2_NOMADS_June2026_init,cfsv2_raw_dynamic_consistency,dynamic_circulation_forecast,Sep,September 2026,4,ethiopia,qv850,0.0317321599569442,kg kg-1 m s-1,not_classified,0.0,0.25,0.0,neutral_mixed_or_context_only,neutral_or_context,context_only,"qv850 is retained as circulation context, but it is not scored because raw values require anomaly or pattern-based interpretation.",Raw CFSv2 forecast field; not an anomaly relative to model hindcast climatology.,cfsv2_dynamic_area_mean_diagnostics.csv
CFSv2_NOMADS_June2026_init,cfsv2_raw_dynamic_consistency,dynamic_circulation_forecast,Sep,September 2026,4,ethiopia,sst_proxy,303.1243611381984,K,not_classified,0.0,0.25,0.0,neutral_mixed_or_context_only,neutral_or_context,context_only,"sst_proxy is retained as circulation context, but it is not scored because raw values require anomaly or pattern-based interpretation.",Raw CFSv2 forecast field; not an anomaly relative to model hindcast climatology.,cfsv2_dynamic_area_mean_diagnostics.csv
CFSv2_NOMADS_June2026_init,cfsv2_raw_dynamic_consistency,dynamic_circulation_forecast,Sep,September 2026,4,ethiopia,strf200,-20196830.37823268,m**2 s**-1,not_classified,0.0,0.25,0.0,neutral_mixed_or_context_only,neutral_or_context,context_only,"strf200 is retained as circulation context, but it is not scored because raw values require anomaly or pattern-based interpretation.",Raw CFSv2 forecast field; not an anomaly relative to model hindcast climatology.,cfsv2_dynamic_area_mean_diagnostics.csv
CFSv2_NOMADS_June2026_init,cfsv2_raw_dynamic_consistency,dynamic_circulation_forecast,Sep,September 2026,4,ethiopia,tej_strength,7.366846299842068,m s**-1,weak_tej,1.0,0.5,0.5,supports_dry_kiremt,moderate_dry_support,low_to_moderate,Weak/no TEJ would support a dry-risk interpretation.,Raw CFSv2 forecast field; not an anomaly relative to model hindcast climatology.,cfsv2_dynamic_area_mean_diagnostics.csv
CFSv2_NOMADS_June2026_init,cfsv2_raw_dynamic_consistency,dynamic_circulation_forecast,Sep,September 2026,4,ethiopia,u200,-7.366846299842068,m s**-1,easterly_flow,-0.5,0.5,-0.25,supports_wet_or_reduces_dry_risk,weak_wet_support,low,Easterly 200 hPa flow is consistent with TEJ background and supports rainfall potential.,Raw CFSv2 forecast field; not an anomaly relative to model hindcast climatology.,cfsv2_dynamic_area_mean_diagnostics.csv
CFSv2_NOMADS_June2026_init,cfsv2_raw_dynamic_consistency,dynamic_circulation_forecast,Sep,September 2026,4,ethiopia,u850,-0.0504722331484482,m s**-1,not_classified,0.0,0.25,0.0,neutral_mixed_or_context_only,neutral_or_context,context_only,"u850 is retained as circulation context, but it is not scored because raw values require anomaly or pattern-based interpretation.",Raw CFSv2 forecast field; not an anomaly relative to model hindcast climatology.,cfsv2_dynamic_area_mean_diagnostics.csv
CFSv2_NOMADS_June2026_init,cfsv2_raw_dynamic_consistency,dynamic_circulation_forecast,Sep,September 2026,4,ethiopia,v200,3.137833083023388,m s**-1,not_classified,0.0,0.25,0.0,neutral_mixed_or_context_only,neutral_or_context,context_only,"v200 is retained as circulation context, but it is not scored because raw values require anomaly or pattern-based interpretation.",Raw CFSv2 forecast field; not an anomaly relative to model hindcast climatology.,cfsv2_dynamic_area_mean_diagnostics.csv
CFSv2_NOMADS_June2026_init,cfsv2_raw_dynamic_consistency,dynamic_circulation_forecast,Sep,September 2026,4,ethiopia,v850,3.18847820738577,m s**-1,not_classified,0.0,0.25,0.0,neutral_mixed_or_context_only,neutral_or_context,context_only,"v850 is retained as circulation context, but it is not scored because raw values require anomaly or pattern-based interpretation.",Raw CFSv2 forecast field; not an anomaly relative to model hindcast climatology.,cfsv2_dynamic_area_mean_diagnostics.csv
CFSv2_NOMADS_June2026_init,cfsv2_raw_dynamic_consistency,dynamic_circulation_forecast,Sep,September 2026,4,ethiopia,vp200,9407675.321924971,m**2 s**-1,not_classified,0.0,0.25,0.0,neutral_mixed_or_context_only,neutral_or_context,context_only,"vp200 is retained as circulation context, but it is not scored because raw values require anomaly or pattern-based interpretation.",Raw CFSv2 forecast field; not an anomaly relative to model hindcast climatology.,cfsv2_dynamic_area_mean_diagnostics.csv
CFSv2_NOMADS_June2026_init,cfsv2_raw_dynamic_consistency,dynamic_circulation_forecast,Sep,September 2026,4,ethiopia,wind_speed850,4.326793311152107,m s**-1,not_classified,0.0,0.25,0.0,neutral_mixed_or_context_only,neutral_or_context,context_only,"wind_speed850 is retained as circulation context, but it is not scored because raw values require anomaly or pattern-based interpretation.",Raw CFSv2 forecast field; not an anomaly relative to model hindcast climatology.,cfsv2_dynamic_area_mean_diagnostics.csv
CFSv2_NOMADS_June2026_init,cfsv2_raw_dynamic_consistency,dynamic_circulation_forecast,Sep,September 2026,4,ethiopia,z200,12395.623014418145,gpm,not_classified,0.0,0.25,0.0,neutral_mixed_or_context_only,neutral_or_context,context_only,"z200 is retained as circulation context, but it is not scored because raw values require anomaly or pattern-based interpretation.",Raw CFSv2 forecast field; not an anomaly relative to model hindcast climatology.,cfsv2_dynamic_area_mean_diagnostics.csv
CFSv2_NOMADS_June2026_init,cfsv2_raw_dynamic_consistency,dynamic_circulation_forecast,Sep,September 2026,4,ethiopia,z500,5869.266487616597,gpm,not_classified,0.0,0.25,0.0,neutral_mixed_or_context_only,neutral_or_context,context_only,"z500 is retained as circulation context, but it is not scored because raw values require anomaly or pattern-based interpretation.",Raw CFSv2 forecast field; not an anomaly relative to model hindcast climatology.,cfsv2_dynamic_area_mean_diagnostics.csv
NMME_CPC_ENSMEAN,era5_climatological_context,circulation_baseline,Sep,September 2026,4,tej_core,ERA5 TEJ strength climatology,13.85333243398602,m s**-1,baseline_only,0.0,0.0,0.0,neutral_mixed_or_context_only,neutral_or_context,high_for_climatology,TEJ strength climatology is from ERA5 1991-2020 climatology. It describes normal Kiremt circulation but does not confirm 2026 anomaly by itself.,Baseline only; not a 2026 forecast anomaly.,final_dynamic_evidence_matrix.csv
NMME_CPC_ENSMEAN,era5_climatological_context,circulation_baseline,Sep,September 2026,4,arabia_red_sea,ERA5 divergence200 climatology,-1.1366024362015051e-06,s**-1,baseline_only,0.0,0.0,0.0,neutral_mixed_or_context_only,neutral_or_context,high_for_climatology,divergence200 is from ERA5 1991-2020 climatology. It describes normal Kiremt circulation but does not confirm 2026 anomaly by itself.,Baseline only; not a 2026 forecast anomaly.,final_dynamic_evidence_matrix.csv
NMME_CPC_ENSMEAN,era5_climatological_context,circulation_baseline,Sep,September 2026,4,ethiopia,ERA5 divergence200 climatology,-1.264375788241099e-06,s**-1,baseline_only,0.0,0.0,0.0,neutral_mixed_or_context_only,neutral_or_context,high_for_climatology,divergence200 is from ERA5 1991-2020 climatology. It describes normal Kiremt circulation but does not confirm 2026 anomaly by itself.,Baseline only; not a 2026 forecast anomaly.,final_dynamic_evidence_matrix.csv
NMME_CPC_ENSMEAN,era5_climatological_context,circulation_baseline,Sep,September 2026,4,greater_horn,ERA5 divergence200 climatology,-6.08704468705871e-07,s**-1,baseline_only,0.0,0.0,0.0,neutral_mixed_or_context_only,neutral_or_context,high_for_climatology,divergence200 is from ERA5 1991-2020 climatology. It describes normal Kiremt circulation but does not confirm 2026 anomaly by itself.,Baseline only; not a 2026 forecast anomaly.,final_dynamic_evidence_matrix.csv
NMME_CPC_ENSMEAN,era5_climatological_context,circulation_baseline,Sep,September 2026,4,north_africa_arabia,ERA5 divergence200 climatology,-9.736957218061758e-07,s**-1,baseline_only,0.0,0.0,0.0,neutral_mixed_or_context_only,neutral_or_context,high_for_climatology,divergence200 is from ERA5 1991-2020 climatology. It describes normal Kiremt circulation but does not confirm 2026 anomaly by itself.,Baseline only; not a 2026 forecast anomaly.,final_dynamic_evidence_matrix.csv
NMME_CPC_ENSMEAN,era5_climatological_context,circulation_baseline,Sep,September 2026,4,congo_moisture_corridor,ERA5 mfc850 climatology,1.6493423654237512e-08,kg kg-1 s-1 approximately,baseline_only,0.0,0.0,0.0,neutral_mixed_or_context_only,neutral_or_context,high_for_climatology,mfc850 is from ERA5 1991-2020 climatology. It describes normal Kiremt circulation but does not confirm 2026 anomaly by itself.,Baseline only; not a 2026 forecast anomaly.,final_dynamic_evidence_matrix.csv
NMME_CPC_ENSMEAN,era5_climatological_context,circulation_baseline,Sep,September 2026,4,ethiopia,ERA5 mfc850 climatology,9.197296828251948e-09,kg kg-1 s-1 approximately,baseline_only,0.0,0.0,0.0,neutral_mixed_or_context_only,neutral_or_context,high_for_climatology,mfc850 is from ERA5 1991-2020 climatology. It describes normal Kiremt circulation but does not confirm 2026 anomaly by itself.,Baseline only; not a 2026 forecast anomaly.,final_dynamic_evidence_matrix.csv
NMME_CPC_ENSMEAN,era5_climatological_context,circulation_baseline,Sep,September 2026,4,greater_horn,ERA5 mfc850 climatology,3.384706414062242e-09,kg kg-1 s-1 approximately,baseline_only,0.0,0.0,0.0,neutral_mixed_or_context_only,neutral_or_context,high_for_climatology,mfc850 is from ERA5 1991-2020 climatology. It describes normal Kiremt circulation but does not confirm 2026 anomaly by itself.,Baseline only; not a 2026 forecast anomaly.,final_dynamic_evidence_matrix.csv
NMME_CPC_ENSMEAN,era5_climatological_context,circulation_baseline,Sep,September 2026,4,western_moisture_entry,ERA5 mfc850 climatology,8.533495969197075e-09,kg kg-1 s-1 approximately,baseline_only,0.0,0.0,0.0,neutral_mixed_or_context_only,neutral_or_context,high_for_climatology,mfc850 is from ERA5 1991-2020 climatology. It describes normal Kiremt circulation but does not confirm 2026 anomaly by itself.,Baseline only; not a 2026 forecast anomaly.,final_dynamic_evidence_matrix.csv
NMME_CPC_ENSMEAN,era5_climatological_context,circulation_baseline,Sep,September 2026,4,arabia_red_sea,ERA5 omega500 climatology,0.0120658241814846,Pa s**-1,baseline_only,0.0,0.0,0.0,neutral_mixed_or_context_only,neutral_or_context,high_for_climatology,omega500 is from ERA5 1991-2020 climatology. It describes normal Kiremt circulation but does not confirm 2026 anomaly by itself.,Baseline only; not a 2026 forecast anomaly.,final_dynamic_evidence_matrix.csv
NMME_CPC_ENSMEAN,era5_climatological_context,circulation_baseline,Sep,September 2026,4,ethiopia,ERA5 omega500 climatology,-0.0104308491339577,Pa s**-1,baseline_only,0.0,0.0,0.0,neutral_mixed_or_context_only,neutral_or_context,high_for_climatology,omega500 is from ERA5 1991-2020 climatology. It describes normal Kiremt circulation but does not confirm 2026 anomaly by itself.,Baseline only; not a 2026 forecast anomaly.,final_dynamic_evidence_matrix.csv
NMME_CPC_ENSMEAN,era5_climatological_context,circulation_baseline,Sep,September 2026,4,greater_horn,ERA5 omega500 climatology,0.0044503043798489,Pa s**-1,baseline_only,0.0,0.0,0.0,neutral_mixed_or_context_only,neutral_or_context,high_for_climatology,omega500 is from ERA5 1991-2020 climatology. It describes normal Kiremt circulation but does not confirm 2026 anomaly by itself.,Baseline only; not a 2026 forecast anomaly.,final_dynamic_evidence_matrix.csv
NMME_CPC_ENSMEAN,era5_climatological_context,circulation_baseline,Sep,September 2026,4,north_africa_arabia,ERA5 omega500 climatology,0.0183738096619356,Pa s**-1,baseline_only,0.0,0.0,0.0,neutral_mixed_or_context_only,neutral_or_context,high_for_climatology,omega500 is from ERA5 1991-2020 climatology. It describes normal Kiremt circulation but does not confirm 2026 anomaly by itself.,Baseline only; not a 2026 forecast anomaly.,final_dynamic_evidence_matrix.csv
NMME_CPC_ENSMEAN,era5_climatological_context,circulation_baseline,Sep,September 2026,4,arabia_red_sea,ERA5 omega700 climatology,-0.0172574555504806,Pa s**-1,baseline_only,0.0,0.0,0.0,neutral_mixed_or_context_only,neutral_or_context,high_for_climatology,omega700 is from ERA5 1991-2020 climatology. It describes normal Kiremt circulation but does not confirm 2026 anomaly by itself.,Baseline only; not a 2026 forecast anomaly.,final_dynamic_evidence_matrix.csv
NMME_CPC_ENSMEAN,era5_climatological_context,circulation_baseline,Sep,September 2026,4,ethiopia,ERA5 omega700 climatology,-0.0340428654370769,Pa s**-1,baseline_only,0.0,0.0,0.0,neutral_mixed_or_context_only,neutral_or_context,high_for_climatology,omega700 is from ERA5 1991-2020 climatology. It describes normal Kiremt circulation but does not confirm 2026 anomaly by itself.,Baseline only; not a 2026 forecast anomaly.,final_dynamic_evidence_matrix.csv
NMME_CPC_ENSMEAN,era5_climatological_context,circulation_baseline,Sep,September 2026,4,greater_horn,ERA5 omega700 climatology,-0.008217183334702,Pa s**-1,baseline_only,0.0,0.0,0.0,neutral_mixed_or_context_only,neutral_or_context,high_for_climatology,omega700 is from ERA5 1991-2020 climatology. It describes normal Kiremt circulation but does not confirm 2026 anomaly by itself.,Baseline only; not a 2026 forecast anomaly.,final_dynamic_evidence_matrix.csv
NMME_CPC_ENSMEAN,era5_climatological_context,circulation_baseline,Sep,September 2026,4,north_africa_arabia,ERA5 omega700 climatology,0.0009094401218551,Pa s**-1,baseline_only,0.0,0.0,0.0,neutral_mixed_or_context_only,neutral_or_context,high_for_climatology,omega700 is from ERA5 1991-2020 climatology. It describes normal Kiremt circulation but does not confirm 2026 anomaly by itself.,Baseline only; not a 2026 forecast anomaly.,final_dynamic_evidence_matrix.csv
NMME_CPC_ENSMEAN,era5_climatological_context,circulation_baseline,Sep,September 2026,4,congo_moisture_corridor,ERA5 qu850 climatology,0.0018554464078693,kg kg-1 m s-1,baseline_only,0.0,0.0,0.0,neutral_mixed_or_context_only,neutral_or_context,high_for_climatology,qu850 is from ERA5 1991-2020 climatology. It describes normal Kiremt circulation but does not confirm 2026 anomaly by itself.,Baseline only; not a 2026 forecast anomaly.,final_dynamic_evidence_matrix.csv
NMME_CPC_ENSMEAN,era5_climatological_context,circulation_baseline,Sep,September 2026,4,ethiopia,ERA5 qu850 climatology,0.0138390036270331,kg kg-1 m s-1,baseline_only,0.0,0.0,0.0,neutral_mixed_or_context_only,neutral_or_context,high_for_climatology,qu850 is from ERA5 1991-2020 climatology. It describes normal Kiremt circulation but does not confirm 2026 anomaly by itself.,Baseline only; not a 2026 forecast anomaly.,final_dynamic_evidence_matrix.csv
NMME_CPC_ENSMEAN,era5_climatological_context,circulation_baseline,Sep,September 2026,4,greater_horn,ERA5 qu850 climatology,-0.0090423893400072,kg kg-1 m s-1,baseline_only,0.0,0.0,0.0,neutral_mixed_or_context_only,neutral_or_context,high_for_climatology,qu850 is from ERA5 1991-2020 climatology. It describes normal Kiremt circulation but does not confirm 2026 anomaly by itself.,Baseline only; not a 2026 forecast anomaly.,final_dynamic_evidence_matrix.csv
NMME_CPC_ENSMEAN,era5_climatological_context,circulation_baseline,Sep,September 2026,4,western_moisture_entry,ERA5 qu850 climatology,-0.001258421268671,kg kg-1 m s-1,baseline_only,0.0,0.0,0.0,neutral_mixed_or_context_only,neutral_or_context,high_for_climatology,qu850 is from ERA5 1991-2020 climatology. It describes normal Kiremt circulation but does not confirm 2026 anomaly by itself.,Baseline only; not a 2026 forecast anomaly.,final_dynamic_evidence_matrix.csv
NMME_CPC_ENSMEAN,era5_climatological_context,circulation_baseline,Sep,September 2026,4,congo_moisture_corridor,ERA5 qv850 climatology,0.0008050843431874,kg kg-1 m s-1,baseline_only,0.0,0.0,0.0,neutral_mixed_or_context_only,neutral_or_context,high_for_climatology,qv850 is from ERA5 1991-2020 climatology. It describes normal Kiremt circulation but does not confirm 2026 anomaly by itself.,Baseline only; not a 2026 forecast anomaly.,final_dynamic_evidence_matrix.csv
NMME_CPC_ENSMEAN,era5_climatological_context,circulation_baseline,Sep,September 2026,4,ethiopia,ERA5 qv850 climatology,0.0291441201007995,kg kg-1 m s-1,baseline_only,0.0,0.0,0.0,neutral_mixed_or_context_only,neutral_or_context,high_for_climatology,qv850 is from ERA5 1991-2020 climatology. It describes normal Kiremt circulation but does not confirm 2026 anomaly by itself.,Baseline only; not a 2026 forecast anomaly.,final_dynamic_evidence_matrix.csv
NMME_CPC_ENSMEAN,era5_climatological_context,circulation_baseline,Sep,September 2026,4,greater_horn,ERA5 qv850 climatology,0.0141728205903068,kg kg-1 m s-1,baseline_only,0.0,0.0,0.0,neutral_mixed_or_context_only,neutral_or_context,high_for_climatology,qv850 is from ERA5 1991-2020 climatology. It describes normal Kiremt circulation but does not confirm 2026 anomaly by itself.,Baseline only; not a 2026 forecast anomaly.,final_dynamic_evidence_matrix.csv
NMME_CPC_ENSMEAN,era5_climatological_context,circulation_baseline,Sep,September 2026,4,western_moisture_entry,ERA5 qv850 climatology,0.0076015353660014,kg kg-1 m s-1,baseline_only,0.0,0.0,0.0,neutral_mixed_or_context_only,neutral_or_context,high_for_climatology,qv850 is from ERA5 1991-2020 climatology. It describes normal Kiremt circulation but does not confirm 2026 anomaly by itself.,Baseline only; not a 2026 forecast anomaly.,final_dynamic_evidence_matrix.csv
NMME_CPC_ENSMEAN,era5_climatological_context,circulation_baseline,Sep,September 2026,4,congo_moisture_corridor,ERA5 wind_speed850 climatology,1.9888436127224447,m s**-1,baseline_only,0.0,0.0,0.0,neutral_mixed_or_context_only,neutral_or_context,high_for_climatology,wind_speed850 is from ERA5 1991-2020 climatology. It describes normal Kiremt circulation but does not confirm 2026 anomaly by itself.,Baseline only; not a 2026 forecast anomaly.,final_dynamic_evidence_matrix.csv
NMME_CPC_ENSMEAN,era5_climatological_context,circulation_baseline,Sep,September 2026,4,ethiopia,ERA5 wind_speed850 climatology,4.506037489083042,m s**-1,baseline_only,0.0,0.0,0.0,neutral_mixed_or_context_only,neutral_or_context,high_for_climatology,wind_speed850 is from ERA5 1991-2020 climatology. It describes normal Kiremt circulation but does not confirm 2026 anomaly by itself.,Baseline only; not a 2026 forecast anomaly.,final_dynamic_evidence_matrix.csv
NMME_CPC_ENSMEAN,era5_climatological_context,circulation_baseline,Sep,September 2026,4,greater_horn,ERA5 wind_speed850 climatology,5.031436236011822,m s**-1,baseline_only,0.0,0.0,0.0,neutral_mixed_or_context_only,neutral_or_context,high_for_climatology,wind_speed850 is from ERA5 1991-2020 climatology. It describes normal Kiremt circulation but does not confirm 2026 anomaly by itself.,Baseline only; not a 2026 forecast anomaly.,final_dynamic_evidence_matrix.csv
NMME_CPC_ENSMEAN,era5_climatological_context,circulation_baseline,Sep,September 2026,4,western_moisture_entry,ERA5 wind_speed850 climatology,1.6458054195866607,m s**-1,baseline_only,0.0,0.0,0.0,neutral_mixed_or_context_only,neutral_or_context,high_for_climatology,wind_speed850 is from ERA5 1991-2020 climatology. It describes normal Kiremt circulation but does not confirm 2026 anomaly by itself.,Baseline only; not a 2026 forecast anomaly.,final_dynamic_evidence_matrix.csv
NMME_CPC_ENSMEAN,era5_climatological_context,circulation_baseline,Sep,September 2026,4,arabia_red_sea,ERA5 z200 climatology,12460.679855162349,m,baseline_only,0.0,0.0,0.0,neutral_mixed_or_context_only,neutral_or_context,high_for_climatology,z200 is from ERA5 1991-2020 climatology. It describes normal Kiremt circulation but does not confirm 2026 anomaly by itself.,Baseline only; not a 2026 forecast anomaly.,final_dynamic_evidence_matrix.csv
NMME_CPC_ENSMEAN,era5_climatological_context,circulation_baseline,Sep,September 2026,4,ethiopia,ERA5 z200 climatology,12422.64815393405,m,baseline_only,0.0,0.0,0.0,neutral_mixed_or_context_only,neutral_or_context,high_for_climatology,z200 is from ERA5 1991-2020 climatology. It describes normal Kiremt circulation but does not confirm 2026 anomaly by itself.,Baseline only; not a 2026 forecast anomaly.,final_dynamic_evidence_matrix.csv
NMME_CPC_ENSMEAN,era5_climatological_context,circulation_baseline,Sep,September 2026,4,greater_horn,ERA5 z200 climatology,12423.813204887483,m,baseline_only,0.0,0.0,0.0,neutral_mixed_or_context_only,neutral_or_context,high_for_climatology,z200 is from ERA5 1991-2020 climatology. It describes normal Kiremt circulation but does not confirm 2026 anomaly by itself.,Baseline only; not a 2026 forecast anomaly.,final_dynamic_evidence_matrix.csv
NMME_CPC_ENSMEAN,era5_climatological_context,circulation_baseline,Sep,September 2026,4,north_africa_arabia,ERA5 z200 climatology,12427.457342683889,m,baseline_only,0.0,0.0,0.0,neutral_mixed_or_context_only,neutral_or_context,high_for_climatology,z200 is from ERA5 1991-2020 climatology. It describes normal Kiremt circulation but does not confirm 2026 anomaly by itself.,Baseline only; not a 2026 forecast anomaly.,final_dynamic_evidence_matrix.csv
NMME_CPC_ENSMEAN,era5_climatological_context,circulation_baseline,Sep,September 2026,4,arabia_red_sea,ERA5 z500 climatology,5877.921128357394,m,baseline_only,0.0,0.0,0.0,neutral_mixed_or_context_only,neutral_or_context,high_for_climatology,z500 is from ERA5 1991-2020 climatology. It describes normal Kiremt circulation but does not confirm 2026 anomaly by itself.,Baseline only; not a 2026 forecast anomaly.,final_dynamic_evidence_matrix.csv
NMME_CPC_ENSMEAN,era5_climatological_context,circulation_baseline,Sep,September 2026,4,ethiopia,ERA5 z500 climatology,5868.468994944927,m,baseline_only,0.0,0.0,0.0,neutral_mixed_or_context_only,neutral_or_context,high_for_climatology,z500 is from ERA5 1991-2020 climatology. It describes normal Kiremt circulation but does not confirm 2026 anomaly by itself.,Baseline only; not a 2026 forecast anomaly.,final_dynamic_evidence_matrix.csv
NMME_CPC_ENSMEAN,era5_climatological_context,circulation_baseline,Sep,September 2026,4,greater_horn,ERA5 z500 climatology,5871.086150001962,m,baseline_only,0.0,0.0,0.0,neutral_mixed_or_context_only,neutral_or_context,high_for_climatology,z500 is from ERA5 1991-2020 climatology. It describes normal Kiremt circulation but does not confirm 2026 anomaly by itself.,Baseline only; not a 2026 forecast anomaly.,final_dynamic_evidence_matrix.csv
NMME_CPC_ENSMEAN,era5_climatological_context,circulation_baseline,Sep,September 2026,4,north_africa_arabia,ERA5 z500 climatology,5878.201730118113,m,baseline_only,0.0,0.0,0.0,neutral_mixed_or_context_only,neutral_or_context,high_for_climatology,z500 is from ERA5 1991-2020 climatology. It describes normal Kiremt circulation but does not confirm 2026 anomaly by itself.,Baseline only; not a 2026 forecast anomaly.,final_dynamic_evidence_matrix.csv
NMME_CPC_ENSMEAN,nmme_forecast_anomaly,ocean_driver,Sep,September 2026,4,iod_west_minus_iod_east,DMI / IOD proxy from NMME tmpsfc,0.8428046032786369,K,strong_positive_iod_like,0.0,1.0,0.0,neutral_mixed_or_context_only,neutral_or_context,low_to_moderate,Strong positive IOD-like signal; effect over Ethiopia can be spatially mixed.,IOD influence on Ethiopia Kiremt can be spatially mixed; use official DMI products where possible.,final_dynamic_evidence_matrix.csv
NMME_CPC_ENSMEAN,nmme_forecast_anomaly,ocean_driver,Sep,September 2026,4,nino34_box,Niño3.4 SST anomaly proxy from NMME tmpsfc,2.4057507514953613,K,strong_el_nino_like,2.0,1.0,2.0,supports_dry_kiremt,strong_dry_support,moderate,Strong El Niño-like SST forcing; supports dry-risk for Ethiopia Kiremt.,"Computed from NMME tmpsfc anomaly as an SST proxy, not an official Niño3.4 index product.",final_dynamic_evidence_matrix.csv
NMME_CPC_ENSMEAN,nmme_forecast_anomaly,rainfall_forecast,Sep,September 2026,4,central_ethiopia,NMME precipitation anomaly,-10.93967056274414,mm/month,weak_below_normal,1.0,1.0,1.0,supports_dry_kiremt,moderate_dry_support,moderate,Weak monthly rainfall deficit signal.,Direct NMME ensemble-mean anomaly; does not show probability or model agreement.,final_dynamic_evidence_matrix.csv
NMME_CPC_ENSMEAN,nmme_forecast_anomaly,rainfall_forecast,Sep,September 2026,4,east_ethiopia,NMME precipitation anomaly,-6.4642415046691895,mm/month,near_normal,0.0,1.0,0.0,neutral_mixed_or_context_only,neutral_or_context,moderate,Near-normal monthly rainfall anomaly.,Direct NMME ensemble-mean anomaly; does not show probability or model agreement.,final_dynamic_evidence_matrix.csv
NMME_CPC_ENSMEAN,nmme_forecast_anomaly,rainfall_forecast,Sep,September 2026,4,ethiopia,NMME precipitation anomaly,-9.07041358947754,mm/month,near_normal,0.0,1.0,0.0,neutral_mixed_or_context_only,neutral_or_context,moderate,Near-normal monthly rainfall anomaly.,Direct NMME ensemble-mean anomaly; does not show probability or model agreement.,final_dynamic_evidence_matrix.csv
NMME_CPC_ENSMEAN,nmme_forecast_anomaly,rainfall_forecast,Sep,September 2026,4,greater_horn,NMME precipitation anomaly,-3.740128517150879,mm/month,near_normal,0.0,1.0,0.0,neutral_mixed_or_context_only,neutral_or_context,moderate,Near-normal monthly rainfall anomaly.,Direct NMME ensemble-mean anomaly; does not show probability or model agreement.,final_dynamic_evidence_matrix.csv
NMME_CPC_ENSMEAN,nmme_forecast_anomaly,rainfall_forecast,Sep,September 2026,4,north_ethiopia,NMME precipitation anomaly,-1.7755680084228516,mm/month,near_normal,0.0,1.0,0.0,neutral_mixed_or_context_only,neutral_or_context,moderate,Near-normal monthly rainfall anomaly.,Direct NMME ensemble-mean anomaly; does not show probability or model agreement.,final_dynamic_evidence_matrix.csv
NMME_CPC_ENSMEAN,nmme_forecast_anomaly,rainfall_forecast,Sep,September 2026,4,west_ethiopia,NMME precipitation anomaly,-13.083205223083496,mm/month,weak_below_normal,1.0,1.0,1.0,supports_dry_kiremt,moderate_dry_support,moderate,Weak monthly rainfall deficit signal.,Direct NMME ensemble-mean anomaly; does not show probability or model agreement.,final_dynamic_evidence_matrix.csv
NMME_CPC_ENSMEAN,nmme_forecast_anomaly,upper_level_circulation,Sep,September 2026,4,arabia_red_sea,NMME z200 anomaly,51.58401107788086,m,positive_height_anomaly,1.0,1.0,1.0,supports_dry_kiremt,moderate_dry_support,low_to_moderate,Positive z200 anomaly may suggest ridging/subsidence-supporting circulation.,"z200 alone is not sufficient; interpret together with u200, divergence, omega, and rainfall.",final_dynamic_evidence_matrix.csv
NMME_CPC_ENSMEAN,nmme_forecast_anomaly,upper_level_circulation,Sep,September 2026,4,east_africa,NMME z200 anomaly,60.249393463134766,m,positive_height_anomaly,1.0,1.0,1.0,supports_dry_kiremt,moderate_dry_support,low_to_moderate,Positive z200 anomaly may suggest ridging/subsidence-supporting circulation.,"z200 alone is not sufficient; interpret together with u200, divergence, omega, and rainfall.",final_dynamic_evidence_matrix.csv
NMME_CPC_ENSMEAN,nmme_forecast_anomaly,upper_level_circulation,Sep,September 2026,4,ethiopia,NMME z200 anomaly,60.55434799194336,m,positive_height_anomaly,1.0,1.0,1.0,supports_dry_kiremt,moderate_dry_support,low_to_moderate,Positive z200 anomaly may suggest ridging/subsidence-supporting circulation.,"z200 alone is not sufficient; interpret together with u200, divergence, omega, and rainfall.",final_dynamic_evidence_matrix.csv
NMME_CPC_ENSMEAN,nmme_forecast_anomaly,upper_level_circulation,Sep,September 2026,4,greater_horn,NMME z200 anomaly,58.748023986816406,m,positive_height_anomaly,1.0,1.0,1.0,supports_dry_kiremt,moderate_dry_support,low_to_moderate,Positive z200 anomaly may suggest ridging/subsidence-supporting circulation.,"z200 alone is not sufficient; interpret together with u200, divergence, omega, and rainfall.",final_dynamic_evidence_matrix.csv
NMME_CPC_ENSMEAN,nmme_forecast_anomaly,upper_level_circulation,Sep,September 2026,4,north_africa_arabia,NMME z200 anomaly,48.92173385620117,m,positive_height_anomaly,1.0,1.0,1.0,supports_dry_kiremt,moderate_dry_support,low_to_moderate,Positive z200 anomaly may suggest ridging/subsidence-supporting circulation.,"z200 alone is not sufficient; interpret together with u200, divergence, omega, and rainfall.",final_dynamic_evidence_matrix.csv
CFSv2_NOMADS_June2026_init,cfsv2_raw_dynamic_consistency,dynamic_circulation_forecast,JJA,June-August 2026,5,ethiopia,div200,-3.957460146727725e-07,s-1,convergence,1.0,0.5,0.5,supports_dry_kiremt,moderate_dry_support,low_to_moderate,Upper-level convergence may suppress deep convection and supports dry-risk interpretation.,Raw CFSv2 forecast field; not an anomaly relative to model hindcast climatology.,cfsv2_dynamic_area_mean_diagnostics.csv
CFSv2_NOMADS_June2026_init,cfsv2_raw_dynamic_consistency,dynamic_circulation_forecast,JJA,June-August 2026,5,ethiopia,mfc850,5.4618746445709706e-09,kg kg-1 s-1 approximately,moisture_convergence,-1.0,0.5,-0.5,supports_wet_or_reduces_dry_risk,moderate_wet_support,low_to_moderate,Low-level moisture-flux convergence supports rainfall potential.,Raw CFSv2 forecast field; not an anomaly relative to model hindcast climatology.,cfsv2_dynamic_area_mean_diagnostics.csv
CFSv2_NOMADS_June2026_init,cfsv2_raw_dynamic_consistency,dynamic_circulation_forecast,JJA,June-August 2026,5,ethiopia,omega500,-0.0087111841945255,Pa s**-1,rising_motion_tendency,-1.0,0.5,-0.5,supports_wet_or_reduces_dry_risk,moderate_wet_support,low_to_moderate,Negative omega indicates rising-motion tendency and supports rainfall potential.,Raw CFSv2 forecast field; not an anomaly relative to model hindcast climatology.,cfsv2_dynamic_area_mean_diagnostics.csv
CFSv2_NOMADS_June2026_init,cfsv2_raw_dynamic_consistency,dynamic_circulation_forecast,JJA,June-August 2026,5,ethiopia,omega700,-0.0235919932315701,Pa s**-1,rising_motion_tendency,-1.0,0.5,-0.5,supports_wet_or_reduces_dry_risk,moderate_wet_support,low_to_moderate,Negative omega indicates rising-motion tendency and supports rainfall potential.,Raw CFSv2 forecast field; not an anomaly relative to model hindcast climatology.,cfsv2_dynamic_area_mean_diagnostics.csv
CFSv2_NOMADS_June2026_init,cfsv2_raw_dynamic_consistency,dynamic_circulation_forecast,JJA,June-August 2026,5,ethiopia,q850,0.0108410379805619,kg kg**-1,not_classified,0.0,0.25,0.0,neutral_mixed_or_context_only,neutral_or_context,context_only,"q850 is retained as circulation context, but it is not scored because raw values require anomaly or pattern-based interpretation.",Raw CFSv2 forecast field; not an anomaly relative to model hindcast climatology.,cfsv2_dynamic_area_mean_diagnostics.csv
CFSv2_NOMADS_June2026_init,cfsv2_raw_dynamic_consistency,dynamic_circulation_forecast,JJA,June-August 2026,5,ethiopia,qu850,0.0275311485662529,kg kg-1 m s-1,not_classified,0.0,0.25,0.0,neutral_mixed_or_context_only,neutral_or_context,context_only,"qu850 is retained as circulation context, but it is not scored because raw values require anomaly or pattern-based interpretation.",Raw CFSv2 forecast field; not an anomaly relative to model hindcast climatology.,cfsv2_dynamic_area_mean_diagnostics.csv
CFSv2_NOMADS_June2026_init,cfsv2_raw_dynamic_consistency,dynamic_circulation_forecast,JJA,June-August 2026,5,ethiopia,qv850,0.0412743126824503,kg kg-1 m s-1,not_classified,0.0,0.25,0.0,neutral_mixed_or_context_only,neutral_or_context,context_only,"qv850 is retained as circulation context, but it is not scored because raw values require anomaly or pattern-based interpretation.",Raw CFSv2 forecast field; not an anomaly relative to model hindcast climatology.,cfsv2_dynamic_area_mean_diagnostics.csv
CFSv2_NOMADS_June2026_init,cfsv2_raw_dynamic_consistency,dynamic_circulation_forecast,JJA,June-August 2026,5,ethiopia,sst_proxy,302.8500926420083,K,not_classified,0.0,0.25,0.0,neutral_mixed_or_context_only,neutral_or_context,context_only,"sst_proxy is retained as circulation context, but it is not scored because raw values require anomaly or pattern-based interpretation.",Raw CFSv2 forecast field; not an anomaly relative to model hindcast climatology.,cfsv2_dynamic_area_mean_diagnostics.csv
CFSv2_NOMADS_June2026_init,cfsv2_raw_dynamic_consistency,dynamic_circulation_forecast,JJA,June-August 2026,5,ethiopia,strf200,-21093289.067700744,m**2 s**-1,not_classified,0.0,0.25,0.0,neutral_mixed_or_context_only,neutral_or_context,context_only,"strf200 is retained as circulation context, but it is not scored because raw values require anomaly or pattern-based interpretation.",Raw CFSv2 forecast field; not an anomaly relative to model hindcast climatology.,cfsv2_dynamic_area_mean_diagnostics.csv
CFSv2_NOMADS_June2026_init,cfsv2_raw_dynamic_consistency,dynamic_circulation_forecast,JJA,June-August 2026,5,ethiopia,tej_strength,16.64599536669678,m s**-1,moderate_tej,-1.0,0.5,-0.5,supports_wet_or_reduces_dry_risk,moderate_wet_support,low_to_moderate,Moderate/strong TEJ supports an active Kiremt upper-level jet background and reduces dry-risk confidence.,Raw CFSv2 forecast field; not an anomaly relative to model hindcast climatology.,cfsv2_dynamic_area_mean_diagnostics.csv
CFSv2_NOMADS_June2026_init,cfsv2_raw_dynamic_consistency,dynamic_circulation_forecast,JJA,June-August 2026,5,ethiopia,u200,-16.64599536669678,m s**-1,easterly_flow,-0.5,0.5,-0.25,supports_wet_or_reduces_dry_risk,weak_wet_support,low,Easterly 200 hPa flow is consistent with TEJ background and supports rainfall potential.,Raw CFSv2 forecast field; not an anomaly relative to model hindcast climatology.,cfsv2_dynamic_area_mean_diagnostics.csv
CFSv2_NOMADS_June2026_init,cfsv2_raw_dynamic_consistency,dynamic_circulation_forecast,JJA,June-August 2026,5,ethiopia,u850,2.65243185680011,m s**-1,not_classified,0.0,0.25,0.0,neutral_mixed_or_context_only,neutral_or_context,context_only,"u850 is retained as circulation context, but it is not scored because raw values require anomaly or pattern-based interpretation.",Raw CFSv2 forecast field; not an anomaly relative to model hindcast climatology.,cfsv2_dynamic_area_mean_diagnostics.csv
CFSv2_NOMADS_June2026_init,cfsv2_raw_dynamic_consistency,dynamic_circulation_forecast,JJA,June-August 2026,5,ethiopia,v200,1.018759202488235,m s**-1,not_classified,0.0,0.25,0.0,neutral_mixed_or_context_only,neutral_or_context,context_only,"v200 is retained as circulation context, but it is not scored because raw values require anomaly or pattern-based interpretation.",Raw CFSv2 forecast field; not an anomaly relative to model hindcast climatology.,cfsv2_dynamic_area_mean_diagnostics.csv
CFSv2_NOMADS_June2026_init,cfsv2_raw_dynamic_consistency,dynamic_circulation_forecast,JJA,June-August 2026,5,ethiopia,v850,3.975264305589979,m s**-1,not_classified,0.0,0.25,0.0,neutral_mixed_or_context_only,neutral_or_context,context_only,"v850 is retained as circulation context, but it is not scored because raw values require anomaly or pattern-based interpretation.",Raw CFSv2 forecast field; not an anomaly relative to model hindcast climatology.,cfsv2_dynamic_area_mean_diagnostics.csv
CFSv2_NOMADS_June2026_init,cfsv2_raw_dynamic_consistency,dynamic_circulation_forecast,JJA,June-August 2026,5,ethiopia,vp200,8892135.549547302,m**2 s**-1,not_classified,0.0,0.25,0.0,neutral_mixed_or_context_only,neutral_or_context,context_only,"vp200 is retained as circulation context, but it is not scored because raw values require anomaly or pattern-based interpretation.",Raw CFSv2 forecast field; not an anomaly relative to model hindcast climatology.,cfsv2_dynamic_area_mean_diagnostics.csv
CFSv2_NOMADS_June2026_init,cfsv2_raw_dynamic_consistency,dynamic_circulation_forecast,JJA,June-August 2026,5,ethiopia,wind_speed850,6.037850361089098,m s**-1,not_classified,0.0,0.25,0.0,neutral_mixed_or_context_only,neutral_or_context,context_only,"wind_speed850 is retained as circulation context, but it is not scored because raw values require anomaly or pattern-based interpretation.",Raw CFSv2 forecast field; not an anomaly relative to model hindcast climatology.,cfsv2_dynamic_area_mean_diagnostics.csv
CFSv2_NOMADS_June2026_init,cfsv2_raw_dynamic_consistency,dynamic_circulation_forecast,JJA,June-August 2026,5,ethiopia,z200,12429.64391317377,gpm,not_classified,0.0,0.25,0.0,neutral_mixed_or_context_only,neutral_or_context,context_only,"z200 is retained as circulation context, but it is not scored because raw values require anomaly or pattern-based interpretation.",Raw CFSv2 forecast field; not an anomaly relative to model hindcast climatology.,cfsv2_dynamic_area_mean_diagnostics.csv
CFSv2_NOMADS_June2026_init,cfsv2_raw_dynamic_consistency,dynamic_circulation_forecast,JJA,June-August 2026,5,ethiopia,z500,5879.535764370248,gpm,not_classified,0.0,0.25,0.0,neutral_mixed_or_context_only,neutral_or_context,context_only,"z500 is retained as circulation context, but it is not scored because raw values require anomaly or pattern-based interpretation.",Raw CFSv2 forecast field; not an anomaly relative to model hindcast climatology.,cfsv2_dynamic_area_mean_diagnostics.csv
NMME_CPC_ENSMEAN,era5_climatological_context,circulation_baseline,JJA,June-August 2026,5,tej_core,ERA5 TEJ strength climatology,17.725690855199467,m s**-1,baseline_only,0.0,0.0,0.0,neutral_mixed_or_context_only,neutral_or_context,high_for_climatology,TEJ strength climatology is from ERA5 1991-2020 climatology. It describes normal Kiremt circulation but does not confirm 2026 anomaly by itself.,Baseline only; not a 2026 forecast anomaly.,final_dynamic_evidence_matrix.csv
NMME_CPC_ENSMEAN,era5_climatological_context,circulation_baseline,JJA,June-August 2026,5,arabia_red_sea,ERA5 divergence200 climatology,-4.110867753268658e-07,s**-1,baseline_only,0.0,0.0,0.0,neutral_mixed_or_context_only,neutral_or_context,high_for_climatology,divergence200 is from ERA5 1991-2020 climatology. It describes normal Kiremt circulation but does not confirm 2026 anomaly by itself.,Baseline only; not a 2026 forecast anomaly.,final_dynamic_evidence_matrix.csv
NMME_CPC_ENSMEAN,era5_climatological_context,circulation_baseline,JJA,June-August 2026,5,ethiopia,ERA5 divergence200 climatology,-6.68714864554884e-07,s**-1,baseline_only,0.0,0.0,0.0,neutral_mixed_or_context_only,neutral_or_context,high_for_climatology,divergence200 is from ERA5 1991-2020 climatology. It describes normal Kiremt circulation but does not confirm 2026 anomaly by itself.,Baseline only; not a 2026 forecast anomaly.,final_dynamic_evidence_matrix.csv
NMME_CPC_ENSMEAN,era5_climatological_context,circulation_baseline,JJA,June-August 2026,5,greater_horn,ERA5 divergence200 climatology,-5.545516409753287e-07,s**-1,baseline_only,0.0,0.0,0.0,neutral_mixed_or_context_only,neutral_or_context,high_for_climatology,divergence200 is from ERA5 1991-2020 climatology. It describes normal Kiremt circulation but does not confirm 2026 anomaly by itself.,Baseline only; not a 2026 forecast anomaly.,final_dynamic_evidence_matrix.csv
NMME_CPC_ENSMEAN,era5_climatological_context,circulation_baseline,JJA,June-August 2026,5,north_africa_arabia,ERA5 divergence200 climatology,-5.376092855620463e-07,s**-1,baseline_only,0.0,0.0,0.0,neutral_mixed_or_context_only,neutral_or_context,high_for_climatology,divergence200 is from ERA5 1991-2020 climatology. It describes normal Kiremt circulation but does not confirm 2026 anomaly by itself.,Baseline only; not a 2026 forecast anomaly.,final_dynamic_evidence_matrix.csv
NMME_CPC_ENSMEAN,era5_climatological_context,circulation_baseline,JJA,June-August 2026,5,congo_moisture_corridor,ERA5 mfc850 climatology,1.3544360917615706e-08,kg kg-1 s-1 approximately,baseline_only,0.0,0.0,0.0,neutral_mixed_or_context_only,neutral_or_context,high_for_climatology,mfc850 is from ERA5 1991-2020 climatology. It describes normal Kiremt circulation but does not confirm 2026 anomaly by itself.,Baseline only; not a 2026 forecast anomaly.,final_dynamic_evidence_matrix.csv
NMME_CPC_ENSMEAN,era5_climatological_context,circulation_baseline,JJA,June-August 2026,5,ethiopia,ERA5 mfc850 climatology,8.921479095763144e-09,kg kg-1 s-1 approximately,baseline_only,0.0,0.0,0.0,neutral_mixed_or_context_only,neutral_or_context,high_for_climatology,mfc850 is from ERA5 1991-2020 climatology. It describes normal Kiremt circulation but does not confirm 2026 anomaly by itself.,Baseline only; not a 2026 forecast anomaly.,final_dynamic_evidence_matrix.csv
NMME_CPC_ENSMEAN,era5_climatological_context,circulation_baseline,JJA,June-August 2026,5,greater_horn,ERA5 mfc850 climatology,2.0033413539559754e-09,kg kg-1 s-1 approximately,baseline_only,0.0,0.0,0.0,neutral_mixed_or_context_only,neutral_or_context,high_for_climatology,mfc850 is from ERA5 1991-2020 climatology. It describes normal Kiremt circulation but does not confirm 2026 anomaly by itself.,Baseline only; not a 2026 forecast anomaly.,final_dynamic_evidence_matrix.csv
NMME_CPC_ENSMEAN,era5_climatological_context,circulation_baseline,JJA,June-August 2026,5,western_moisture_entry,ERA5 mfc850 climatology,1.0380767336748373e-08,kg kg-1 s-1 approximately,baseline_only,0.0,0.0,0.0,neutral_mixed_or_context_only,neutral_or_context,high_for_climatology,mfc850 is from ERA5 1991-2020 climatology. It describes normal Kiremt circulation but does not confirm 2026 anomaly by itself.,Baseline only; not a 2026 forecast anomaly.,final_dynamic_evidence_matrix.csv
NMME_CPC_ENSMEAN,era5_climatological_context,circulation_baseline,JJA,June-August 2026,5,arabia_red_sea,ERA5 omega500 climatology,-0.003492438685926,Pa s**-1,baseline_only,0.0,0.0,0.0,neutral_mixed_or_context_only,neutral_or_context,high_for_climatology,omega500 is from ERA5 1991-2020 climatology. It describes normal Kiremt circulation but does not confirm 2026 anomaly by itself.,Baseline only; not a 2026 forecast anomaly.,final_dynamic_evidence_matrix.csv
NMME_CPC_ENSMEAN,era5_climatological_context,circulation_baseline,JJA,June-August 2026,5,ethiopia,ERA5 omega500 climatology,-0.0282667613253039,Pa s**-1,baseline_only,0.0,0.0,0.0,neutral_mixed_or_context_only,neutral_or_context,high_for_climatology,omega500 is from ERA5 1991-2020 climatology. It describes normal Kiremt circulation but does not confirm 2026 anomaly by itself.,Baseline only; not a 2026 forecast anomaly.,final_dynamic_evidence_matrix.csv
NMME_CPC_ENSMEAN,era5_climatological_context,circulation_baseline,JJA,June-August 2026,5,greater_horn,ERA5 omega500 climatology,0.0024119987956915,Pa s**-1,baseline_only,0.0,0.0,0.0,neutral_mixed_or_context_only,neutral_or_context,high_for_climatology,omega500 is from ERA5 1991-2020 climatology. It describes normal Kiremt circulation but does not confirm 2026 anomaly by itself.,Baseline only; not a 2026 forecast anomaly.,final_dynamic_evidence_matrix.csv
NMME_CPC_ENSMEAN,era5_climatological_context,circulation_baseline,JJA,June-August 2026,5,north_africa_arabia,ERA5 omega500 climatology,0.0108804423464428,Pa s**-1,baseline_only,0.0,0.0,0.0,neutral_mixed_or_context_only,neutral_or_context,high_for_climatology,omega500 is from ERA5 1991-2020 climatology. It describes normal Kiremt circulation but does not confirm 2026 anomaly by itself.,Baseline only; not a 2026 forecast anomaly.,final_dynamic_evidence_matrix.csv
NMME_CPC_ENSMEAN,era5_climatological_context,circulation_baseline,JJA,June-August 2026,5,arabia_red_sea,ERA5 omega700 climatology,-0.0353884191471635,Pa s**-1,baseline_only,0.0,0.0,0.0,neutral_mixed_or_context_only,neutral_or_context,high_for_climatology,omega700 is from ERA5 1991-2020 climatology. It describes normal Kiremt circulation but does not confirm 2026 anomaly by itself.,Baseline only; not a 2026 forecast anomaly.,final_dynamic_evidence_matrix.csv
NMME_CPC_ENSMEAN,era5_climatological_context,circulation_baseline,JJA,June-August 2026,5,ethiopia,ERA5 omega700 climatology,-0.0386465646246982,Pa s**-1,baseline_only,0.0,0.0,0.0,neutral_mixed_or_context_only,neutral_or_context,high_for_climatology,omega700 is from ERA5 1991-2020 climatology. It describes normal Kiremt circulation but does not confirm 2026 anomaly by itself.,Baseline only; not a 2026 forecast anomaly.,final_dynamic_evidence_matrix.csv
NMME_CPC_ENSMEAN,era5_climatological_context,circulation_baseline,JJA,June-August 2026,5,greater_horn,ERA5 omega700 climatology,-0.0072453709497243,Pa s**-1,baseline_only,0.0,0.0,0.0,neutral_mixed_or_context_only,neutral_or_context,high_for_climatology,omega700 is from ERA5 1991-2020 climatology. It describes normal Kiremt circulation but does not confirm 2026 anomaly by itself.,Baseline only; not a 2026 forecast anomaly.,final_dynamic_evidence_matrix.csv
NMME_CPC_ENSMEAN,era5_climatological_context,circulation_baseline,JJA,June-August 2026,5,north_africa_arabia,ERA5 omega700 climatology,-0.0091236599415449,Pa s**-1,baseline_only,0.0,0.0,0.0,neutral_mixed_or_context_only,neutral_or_context,high_for_climatology,omega700 is from ERA5 1991-2020 climatology. It describes normal Kiremt circulation but does not confirm 2026 anomaly by itself.,Baseline only; not a 2026 forecast anomaly.,final_dynamic_evidence_matrix.csv
NMME_CPC_ENSMEAN,era5_climatological_context,circulation_baseline,JJA,June-August 2026,5,congo_moisture_corridor,ERA5 qu850 climatology,0.0086551246730842,kg kg-1 m s-1,baseline_only,0.0,0.0,0.0,neutral_mixed_or_context_only,neutral_or_context,high_for_climatology,qu850 is from ERA5 1991-2020 climatology. It describes normal Kiremt circulation but does not confirm 2026 anomaly by itself.,Baseline only; not a 2026 forecast anomaly.,final_dynamic_evidence_matrix.csv
NMME_CPC_ENSMEAN,era5_climatological_context,circulation_baseline,JJA,June-August 2026,5,ethiopia,ERA5 qu850 climatology,0.0329914470180774,kg kg-1 m s-1,baseline_only,0.0,0.0,0.0,neutral_mixed_or_context_only,neutral_or_context,high_for_climatology,qu850 is from ERA5 1991-2020 climatology. It describes normal Kiremt circulation but does not confirm 2026 anomaly by itself.,Baseline only; not a 2026 forecast anomaly.,final_dynamic_evidence_matrix.csv
NMME_CPC_ENSMEAN,era5_climatological_context,circulation_baseline,JJA,June-August 2026,5,greater_horn,ERA5 qu850 climatology,0.0043122073734144,kg kg-1 m s-1,baseline_only,0.0,0.0,0.0,neutral_mixed_or_context_only,neutral_or_context,high_for_climatology,qu850 is from ERA5 1991-2020 climatology. It describes normal Kiremt circulation but does not confirm 2026 anomaly by itself.,Baseline only; not a 2026 forecast anomaly.,final_dynamic_evidence_matrix.csv
NMME_CPC_ENSMEAN,era5_climatological_context,circulation_baseline,JJA,June-August 2026,5,western_moisture_entry,ERA5 qu850 climatology,0.0157667344850515,kg kg-1 m s-1,baseline_only,0.0,0.0,0.0,neutral_mixed_or_context_only,neutral_or_context,high_for_climatology,qu850 is from ERA5 1991-2020 climatology. It describes normal Kiremt circulation but does not confirm 2026 anomaly by itself.,Baseline only; not a 2026 forecast anomaly.,final_dynamic_evidence_matrix.csv
NMME_CPC_ENSMEAN,era5_climatological_context,circulation_baseline,JJA,June-August 2026,5,congo_moisture_corridor,ERA5 qv850 climatology,0.0141931098230217,kg kg-1 m s-1,baseline_only,0.0,0.0,0.0,neutral_mixed_or_context_only,neutral_or_context,high_for_climatology,qv850 is from ERA5 1991-2020 climatology. It describes normal Kiremt circulation but does not confirm 2026 anomaly by itself.,Baseline only; not a 2026 forecast anomaly.,final_dynamic_evidence_matrix.csv
NMME_CPC_ENSMEAN,era5_climatological_context,circulation_baseline,JJA,June-August 2026,5,ethiopia,ERA5 qv850 climatology,0.039781893470599,kg kg-1 m s-1,baseline_only,0.0,0.0,0.0,neutral_mixed_or_context_only,neutral_or_context,high_for_climatology,qv850 is from ERA5 1991-2020 climatology. It describes normal Kiremt circulation but does not confirm 2026 anomaly by itself.,Baseline only; not a 2026 forecast anomaly.,final_dynamic_evidence_matrix.csv
NMME_CPC_ENSMEAN,era5_climatological_context,circulation_baseline,JJA,June-August 2026,5,greater_horn,ERA5 qv850 climatology,0.0274557838250706,kg kg-1 m s-1,baseline_only,0.0,0.0,0.0,neutral_mixed_or_context_only,neutral_or_context,high_for_climatology,qv850 is from ERA5 1991-2020 climatology. It describes normal Kiremt circulation but does not confirm 2026 anomaly by itself.,Baseline only; not a 2026 forecast anomaly.,final_dynamic_evidence_matrix.csv
NMME_CPC_ENSMEAN,era5_climatological_context,circulation_baseline,JJA,June-August 2026,5,western_moisture_entry,ERA5 qv850 climatology,0.0209298919762236,kg kg-1 m s-1,baseline_only,0.0,0.0,0.0,neutral_mixed_or_context_only,neutral_or_context,high_for_climatology,qv850 is from ERA5 1991-2020 climatology. It describes normal Kiremt circulation but does not confirm 2026 anomaly by itself.,Baseline only; not a 2026 forecast anomaly.,final_dynamic_evidence_matrix.csv
NMME_CPC_ENSMEAN,era5_climatological_context,circulation_baseline,JJA,June-August 2026,5,congo_moisture_corridor,ERA5 wind_speed850 climatology,2.585945017361741,m s**-1,baseline_only,0.0,0.0,0.0,neutral_mixed_or_context_only,neutral_or_context,high_for_climatology,wind_speed850 is from ERA5 1991-2020 climatology. It describes normal Kiremt circulation but does not confirm 2026 anomaly by itself.,Baseline only; not a 2026 forecast anomaly.,final_dynamic_evidence_matrix.csv
NMME_CPC_ENSMEAN,era5_climatological_context,circulation_baseline,JJA,June-August 2026,5,ethiopia,ERA5 wind_speed850 climatology,6.602357156315042,m s**-1,baseline_only,0.0,0.0,0.0,neutral_mixed_or_context_only,neutral_or_context,high_for_climatology,wind_speed850 is from ERA5 1991-2020 climatology. It describes normal Kiremt circulation but does not confirm 2026 anomaly by itself.,Baseline only; not a 2026 forecast anomaly.,final_dynamic_evidence_matrix.csv
NMME_CPC_ENSMEAN,era5_climatological_context,circulation_baseline,JJA,June-August 2026,5,greater_horn,ERA5 wind_speed850 climatology,6.404907835573809,m s**-1,baseline_only,0.0,0.0,0.0,neutral_mixed_or_context_only,neutral_or_context,high_for_climatology,wind_speed850 is from ERA5 1991-2020 climatology. It describes normal Kiremt circulation but does not confirm 2026 anomaly by itself.,Baseline only; not a 2026 forecast anomaly.,final_dynamic_evidence_matrix.csv
NMME_CPC_ENSMEAN,era5_climatological_context,circulation_baseline,JJA,June-August 2026,5,western_moisture_entry,ERA5 wind_speed850 climatology,2.866822164982296,m s**-1,baseline_only,0.0,0.0,0.0,neutral_mixed_or_context_only,neutral_or_context,high_for_climatology,wind_speed850 is from ERA5 1991-2020 climatology. It describes normal Kiremt circulation but does not confirm 2026 anomaly by itself.,Baseline only; not a 2026 forecast anomaly.,final_dynamic_evidence_matrix.csv
NMME_CPC_ENSMEAN,era5_climatological_context,circulation_baseline,JJA,June-August 2026,5,arabia_red_sea,ERA5 z200 climatology,12494.003951662804,m,baseline_only,0.0,0.0,0.0,neutral_mixed_or_context_only,neutral_or_context,high_for_climatology,z200 is from ERA5 1991-2020 climatology. It describes normal Kiremt circulation but does not confirm 2026 anomaly by itself.,Baseline only; not a 2026 forecast anomaly.,final_dynamic_evidence_matrix.csv
NMME_CPC_ENSMEAN,era5_climatological_context,circulation_baseline,JJA,June-August 2026,5,ethiopia,ERA5 z200 climatology,12430.392802027922,m,baseline_only,0.0,0.0,0.0,neutral_mixed_or_context_only,neutral_or_context,high_for_climatology,z200 is from ERA5 1991-2020 climatology. It describes normal Kiremt circulation but does not confirm 2026 anomaly by itself.,Baseline only; not a 2026 forecast anomaly.,final_dynamic_evidence_matrix.csv
NMME_CPC_ENSMEAN,era5_climatological_context,circulation_baseline,JJA,June-August 2026,5,greater_horn,ERA5 z200 climatology,12435.810039754995,m,baseline_only,0.0,0.0,0.0,neutral_mixed_or_context_only,neutral_or_context,high_for_climatology,z200 is from ERA5 1991-2020 climatology. It describes normal Kiremt circulation but does not confirm 2026 anomaly by itself.,Baseline only; not a 2026 forecast anomaly.,final_dynamic_evidence_matrix.csv
NMME_CPC_ENSMEAN,era5_climatological_context,circulation_baseline,JJA,June-August 2026,5,north_africa_arabia,ERA5 z200 climatology,12474.030580126717,m,baseline_only,0.0,0.0,0.0,neutral_mixed_or_context_only,neutral_or_context,high_for_climatology,z200 is from ERA5 1991-2020 climatology. It describes normal Kiremt circulation but does not confirm 2026 anomaly by itself.,Baseline only; not a 2026 forecast anomaly.,final_dynamic_evidence_matrix.csv
NMME_CPC_ENSMEAN,era5_climatological_context,circulation_baseline,JJA,June-August 2026,5,arabia_red_sea,ERA5 z500 climatology,5877.871449817184,m,baseline_only,0.0,0.0,0.0,neutral_mixed_or_context_only,neutral_or_context,high_for_climatology,z500 is from ERA5 1991-2020 climatology. It describes normal Kiremt circulation but does not confirm 2026 anomaly by itself.,Baseline only; not a 2026 forecast anomaly.,final_dynamic_evidence_matrix.csv
NMME_CPC_ENSMEAN,era5_climatological_context,circulation_baseline,JJA,June-August 2026,5,ethiopia,ERA5 z500 climatology,5870.664920002976,m,baseline_only,0.0,0.0,0.0,neutral_mixed_or_context_only,neutral_or_context,high_for_climatology,z500 is from ERA5 1991-2020 climatology. It describes normal Kiremt circulation but does not confirm 2026 anomaly by itself.,Baseline only; not a 2026 forecast anomaly.,final_dynamic_evidence_matrix.csv
NMME_CPC_ENSMEAN,era5_climatological_context,circulation_baseline,JJA,June-August 2026,5,greater_horn,ERA5 z500 climatology,5872.399552383643,m,baseline_only,0.0,0.0,0.0,neutral_mixed_or_context_only,neutral_or_context,high_for_climatology,z500 is from ERA5 1991-2020 climatology. It describes normal Kiremt circulation but does not confirm 2026 anomaly by itself.,Baseline only; not a 2026 forecast anomaly.,final_dynamic_evidence_matrix.csv
NMME_CPC_ENSMEAN,era5_climatological_context,circulation_baseline,JJA,June-August 2026,5,north_africa_arabia,ERA5 z500 climatology,5881.175600023847,m,baseline_only,0.0,0.0,0.0,neutral_mixed_or_context_only,neutral_or_context,high_for_climatology,z500 is from ERA5 1991-2020 climatology. It describes normal Kiremt circulation but does not confirm 2026 anomaly by itself.,Baseline only; not a 2026 forecast anomaly.,final_dynamic_evidence_matrix.csv
NMME_CPC_ENSMEAN,nmme_forecast_anomaly,ocean_driver,JJA,June-August 2026,5,iod_west_minus_iod_east,DMI / IOD proxy from NMME tmpsfc,0.2251499891281128,K,iod_neutral_or_weak,0.0,1.0,0.0,neutral_mixed_or_context_only,neutral_or_context,low_to_moderate,IOD signal is neutral or weak.,IOD influence on Ethiopia Kiremt can be spatially mixed; use official DMI products where possible.,final_dynamic_evidence_matrix.csv
NMME_CPC_ENSMEAN,nmme_forecast_anomaly,ocean_driver,JJA,June-August 2026,5,nino34_box,Niño3.4 SST anomaly proxy from NMME tmpsfc,1.4461687803268433,K,el_nino_like,1.0,1.0,1.0,supports_dry_kiremt,moderate_dry_support,moderate,El Niño-like SST forcing; supports dry-risk for Ethiopia Kiremt.,"Computed from NMME tmpsfc anomaly as an SST proxy, not an official Niño3.4 index product.",final_dynamic_evidence_matrix.csv
NMME_CPC_ENSMEAN,nmme_forecast_anomaly,rainfall_forecast,JJA,June-August 2026,5,central_ethiopia,NMME precipitation anomaly,-38.44520950317383,mm/season,weak_below_normal,1.0,1.0,1.0,supports_dry_kiremt,moderate_dry_support,moderate,Weak seasonal rainfall deficit signal.,Direct NMME ensemble-mean anomaly; does not show probability or model agreement.,final_dynamic_evidence_matrix.csv
NMME_CPC_ENSMEAN,nmme_forecast_anomaly,rainfall_forecast,JJA,June-August 2026,5,east_ethiopia,NMME precipitation anomaly,-26.118497848510746,mm/season,weak_below_normal,1.0,1.0,1.0,supports_dry_kiremt,moderate_dry_support,moderate,Weak seasonal rainfall deficit signal.,Direct NMME ensemble-mean anomaly; does not show probability or model agreement.,final_dynamic_evidence_matrix.csv
NMME_CPC_ENSMEAN,nmme_forecast_anomaly,rainfall_forecast,JJA,June-August 2026,5,ethiopia,NMME precipitation anomaly,-31.82372093200684,mm/season,weak_below_normal,1.0,1.0,1.0,supports_dry_kiremt,moderate_dry_support,moderate,Weak seasonal rainfall deficit signal.,Direct NMME ensemble-mean anomaly; does not show probability or model agreement.,final_dynamic_evidence_matrix.csv
NMME_CPC_ENSMEAN,nmme_forecast_anomaly,rainfall_forecast,JJA,June-August 2026,5,greater_horn,NMME precipitation anomaly,-22.560176849365234,mm/season,weak_below_normal,1.0,1.0,1.0,supports_dry_kiremt,moderate_dry_support,moderate,Weak seasonal rainfall deficit signal.,Direct NMME ensemble-mean anomaly; does not show probability or model agreement.,final_dynamic_evidence_matrix.csv
NMME_CPC_ENSMEAN,nmme_forecast_anomaly,rainfall_forecast,JJA,June-August 2026,5,north_ethiopia,NMME precipitation anomaly,-16.10743522644043,mm/season,weak_below_normal,1.0,1.0,1.0,supports_dry_kiremt,moderate_dry_support,moderate,Weak seasonal rainfall deficit signal.,Direct NMME ensemble-mean anomaly; does not show probability or model agreement.,final_dynamic_evidence_matrix.csv
NMME_CPC_ENSMEAN,nmme_forecast_anomaly,rainfall_forecast,JJA,June-August 2026,5,west_ethiopia,NMME precipitation anomaly,-36.76286315917969,mm/season,weak_below_normal,1.0,1.0,1.0,supports_dry_kiremt,moderate_dry_support,moderate,Weak seasonal rainfall deficit signal.,Direct NMME ensemble-mean anomaly; does not show probability or model agreement.,final_dynamic_evidence_matrix.csv
NMME_CPC_ENSMEAN,nmme_forecast_anomaly,upper_level_circulation,JJA,June-August 2026,5,arabia_red_sea,NMME z200 anomaly,44.66987228393555,m,positive_height_anomaly,1.0,1.0,1.0,supports_dry_kiremt,moderate_dry_support,low_to_moderate,Positive z200 anomaly may suggest ridging/subsidence-supporting circulation.,"z200 alone is not sufficient; interpret together with u200, divergence, omega, and rainfall.",final_dynamic_evidence_matrix.csv
NMME_CPC_ENSMEAN,nmme_forecast_anomaly,upper_level_circulation,JJA,June-August 2026,5,east_africa,NMME z200 anomaly,49.302772521972656,m,positive_height_anomaly,1.0,1.0,1.0,supports_dry_kiremt,moderate_dry_support,low_to_moderate,Positive z200 anomaly may suggest ridging/subsidence-supporting circulation.,"z200 alone is not sufficient; interpret together with u200, divergence, omega, and rainfall.",final_dynamic_evidence_matrix.csv
NMME_CPC_ENSMEAN,nmme_forecast_anomaly,upper_level_circulation,JJA,June-August 2026,5,ethiopia,NMME z200 anomaly,50.24399566650391,m,positive_height_anomaly,1.0,1.0,1.0,supports_dry_kiremt,moderate_dry_support,low_to_moderate,Positive z200 anomaly may suggest ridging/subsidence-supporting circulation.,"z200 alone is not sufficient; interpret together with u200, divergence, omega, and rainfall.",final_dynamic_evidence_matrix.csv
NMME_CPC_ENSMEAN,nmme_forecast_anomaly,upper_level_circulation,JJA,June-August 2026,5,greater_horn,NMME z200 anomaly,48.27667617797852,m,positive_height_anomaly,1.0,1.0,1.0,supports_dry_kiremt,moderate_dry_support,low_to_moderate,Positive z200 anomaly may suggest ridging/subsidence-supporting circulation.,"z200 alone is not sufficient; interpret together with u200, divergence, omega, and rainfall.",final_dynamic_evidence_matrix.csv
NMME_CPC_ENSMEAN,nmme_forecast_anomaly,upper_level_circulation,JJA,June-August 2026,5,north_africa_arabia,NMME z200 anomaly,40.48756408691406,m,positive_height_anomaly,1.0,1.0,1.0,supports_dry_kiremt,moderate_dry_support,low_to_moderate,Positive z200 anomaly may suggest ridging/subsidence-supporting circulation.,"z200 alone is not sufficient; interpret together with u200, divergence, omega, and rainfall.",final_dynamic_evidence_matrix.csv
CFSv2_NOMADS_June2026_init,cfsv2_raw_dynamic_consistency,dynamic_circulation_forecast,JJAS,June-September 2026,6,ethiopia,div200,-7.121901186303831e-07,s-1,convergence,1.0,0.5,0.5,supports_dry_kiremt,moderate_dry_support,low_to_moderate,Upper-level convergence may suppress deep convection and supports dry-risk interpretation.,Raw CFSv2 forecast field; not an anomaly relative to model hindcast climatology.,cfsv2_dynamic_area_mean_diagnostics.csv
CFSv2_NOMADS_June2026_init,cfsv2_raw_dynamic_consistency,dynamic_circulation_forecast,JJAS,June-September 2026,6,ethiopia,mfc850,4.721113681712557e-09,kg kg-1 s-1 approximately,moisture_convergence,-1.0,0.5,-0.5,supports_wet_or_reduces_dry_risk,moderate_wet_support,low_to_moderate,Low-level moisture-flux convergence supports rainfall potential.,Raw CFSv2 forecast field; not an anomaly relative to model hindcast climatology.,cfsv2_dynamic_area_mean_diagnostics.csv
CFSv2_NOMADS_June2026_init,cfsv2_raw_dynamic_consistency,dynamic_circulation_forecast,JJAS,June-September 2026,6,ethiopia,omega500,-0.0026220952610013,Pa s**-1,rising_motion_tendency,-1.0,0.5,-0.5,supports_wet_or_reduces_dry_risk,moderate_wet_support,low_to_moderate,Negative omega indicates rising-motion tendency and supports rainfall potential.,Raw CFSv2 forecast field; not an anomaly relative to model hindcast climatology.,cfsv2_dynamic_area_mean_diagnostics.csv
CFSv2_NOMADS_June2026_init,cfsv2_raw_dynamic_consistency,dynamic_circulation_forecast,JJAS,June-September 2026,6,ethiopia,omega700,-0.0199999055835972,Pa s**-1,rising_motion_tendency,-1.0,0.5,-0.5,supports_wet_or_reduces_dry_risk,moderate_wet_support,low_to_moderate,Negative omega indicates rising-motion tendency and supports rainfall potential.,Raw CFSv2 forecast field; not an anomaly relative to model hindcast climatology.,cfsv2_dynamic_area_mean_diagnostics.csv
CFSv2_NOMADS_June2026_init,cfsv2_raw_dynamic_consistency,dynamic_circulation_forecast,JJAS,June-September 2026,6,ethiopia,q850,0.0106350554420103,kg kg**-1,not_classified,0.0,0.25,0.0,neutral_mixed_or_context_only,neutral_or_context,context_only,"q850 is retained as circulation context, but it is not scored because raw values require anomaly or pattern-based interpretation.",Raw CFSv2 forecast field; not an anomaly relative to model hindcast climatology.,cfsv2_dynamic_area_mean_diagnostics.csv
CFSv2_NOMADS_June2026_init,cfsv2_raw_dynamic_consistency,dynamic_circulation_forecast,JJAS,June-September 2026,6,ethiopia,qu850,0.020233078274865,kg kg-1 m s-1,not_classified,0.0,0.25,0.0,neutral_mixed_or_context_only,neutral_or_context,context_only,"qu850 is retained as circulation context, but it is not scored because raw values require anomaly or pattern-based interpretation.",Raw CFSv2 forecast field; not an anomaly relative to model hindcast climatology.,cfsv2_dynamic_area_mean_diagnostics.csv
CFSv2_NOMADS_June2026_init,cfsv2_raw_dynamic_consistency,dynamic_circulation_forecast,JJAS,June-September 2026,6,ethiopia,qv850,0.0388284438135694,kg kg-1 m s-1,not_classified,0.0,0.25,0.0,neutral_mixed_or_context_only,neutral_or_context,context_only,"qv850 is retained as circulation context, but it is not scored because raw values require anomaly or pattern-based interpretation.",Raw CFSv2 forecast field; not an anomaly relative to model hindcast climatology.,cfsv2_dynamic_area_mean_diagnostics.csv
CFSv2_NOMADS_June2026_init,cfsv2_raw_dynamic_consistency,dynamic_circulation_forecast,JJAS,June-September 2026,6,ethiopia,sst_proxy,302.91865920664526,K,not_classified,0.0,0.25,0.0,neutral_mixed_or_context_only,neutral_or_context,context_only,"sst_proxy is retained as circulation context, but it is not scored because raw values require anomaly or pattern-based interpretation.",Raw CFSv2 forecast field; not an anomaly relative to model hindcast climatology.,cfsv2_dynamic_area_mean_diagnostics.csv
CFSv2_NOMADS_June2026_init,cfsv2_raw_dynamic_consistency,dynamic_circulation_forecast,JJAS,June-September 2026,6,ethiopia,strf200,-20869174.367890447,m**2 s**-1,not_classified,0.0,0.25,0.0,neutral_mixed_or_context_only,neutral_or_context,context_only,"strf200 is retained as circulation context, but it is not scored because raw values require anomaly or pattern-based interpretation.",Raw CFSv2 forecast field; not an anomaly relative to model hindcast climatology.,cfsv2_dynamic_area_mean_diagnostics.csv
CFSv2_NOMADS_June2026_init,cfsv2_raw_dynamic_consistency,dynamic_circulation_forecast,JJAS,June-September 2026,6,ethiopia,tej_strength,14.326208101868517,m s**-1,moderate_tej,-1.0,0.5,-0.5,supports_wet_or_reduces_dry_risk,moderate_wet_support,low_to_moderate,Moderate/strong TEJ supports an active Kiremt upper-level jet background and reduces dry-risk confidence.,Raw CFSv2 forecast field; not an anomaly relative to model hindcast climatology.,cfsv2_dynamic_area_mean_diagnostics.csv
CFSv2_NOMADS_June2026_init,cfsv2_raw_dynamic_consistency,dynamic_circulation_forecast,JJAS,June-September 2026,6,ethiopia,u200,-14.326208101868517,m s**-1,easterly_flow,-0.5,0.5,-0.25,supports_wet_or_reduces_dry_risk,weak_wet_support,low,Easterly 200 hPa flow is consistent with TEJ background and supports rainfall potential.,Raw CFSv2 forecast field; not an anomaly relative to model hindcast climatology.,cfsv2_dynamic_area_mean_diagnostics.csv
CFSv2_NOMADS_June2026_init,cfsv2_raw_dynamic_consistency,dynamic_circulation_forecast,JJAS,June-September 2026,6,ethiopia,u850,1.9767058344849275,m s**-1,not_classified,0.0,0.25,0.0,neutral_mixed_or_context_only,neutral_or_context,context_only,"u850 is retained as circulation context, but it is not scored because raw values require anomaly or pattern-based interpretation.",Raw CFSv2 forecast field; not an anomaly relative to model hindcast climatology.,cfsv2_dynamic_area_mean_diagnostics.csv
CFSv2_NOMADS_June2026_init,cfsv2_raw_dynamic_consistency,dynamic_circulation_forecast,JJAS,June-September 2026,6,ethiopia,v200,1.5485276663674314,m s**-1,not_classified,0.0,0.25,0.0,neutral_mixed_or_context_only,neutral_or_context,context_only,"v200 is retained as circulation context, but it is not scored because raw values require anomaly or pattern-based interpretation.",Raw CFSv2 forecast field; not an anomaly relative to model hindcast climatology.,cfsv2_dynamic_area_mean_diagnostics.csv
CFSv2_NOMADS_June2026_init,cfsv2_raw_dynamic_consistency,dynamic_circulation_forecast,JJAS,June-September 2026,6,ethiopia,v850,3.778567773655236,m s**-1,not_classified,0.0,0.25,0.0,neutral_mixed_or_context_only,neutral_or_context,context_only,"v850 is retained as circulation context, but it is not scored because raw values require anomaly or pattern-based interpretation.",Raw CFSv2 forecast field; not an anomaly relative to model hindcast climatology.,cfsv2_dynamic_area_mean_diagnostics.csv
CFSv2_NOMADS_June2026_init,cfsv2_raw_dynamic_consistency,dynamic_circulation_forecast,JJAS,June-September 2026,6,ethiopia,vp200,9021020.480895735,m**2 s**-1,not_classified,0.0,0.25,0.0,neutral_mixed_or_context_only,neutral_or_context,context_only,"vp200 is retained as circulation context, but it is not scored because raw values require anomaly or pattern-based interpretation.",Raw CFSv2 forecast field; not an anomaly relative to model hindcast climatology.,cfsv2_dynamic_area_mean_diagnostics.csv
CFSv2_NOMADS_June2026_init,cfsv2_raw_dynamic_consistency,dynamic_circulation_forecast,JJAS,June-September 2026,6,ethiopia,wind_speed850,5.481310565726764,m s**-1,not_classified,0.0,0.25,0.0,neutral_mixed_or_context_only,neutral_or_context,context_only,"wind_speed850 is retained as circulation context, but it is not scored because raw values require anomaly or pattern-based interpretation.",Raw CFSv2 forecast field; not an anomaly relative to model hindcast climatology.,cfsv2_dynamic_area_mean_diagnostics.csv
CFSv2_NOMADS_June2026_init,cfsv2_raw_dynamic_consistency,dynamic_circulation_forecast,JJAS,June-September 2026,6,ethiopia,z200,12421.138703117153,gpm,not_classified,0.0,0.25,0.0,neutral_mixed_or_context_only,neutral_or_context,context_only,"z200 is retained as circulation context, but it is not scored because raw values require anomaly or pattern-based interpretation.",Raw CFSv2 forecast field; not an anomaly relative to model hindcast climatology.,cfsv2_dynamic_area_mean_diagnostics.csv
CFSv2_NOMADS_June2026_init,cfsv2_raw_dynamic_consistency,dynamic_circulation_forecast,JJAS,June-September 2026,6,ethiopia,z500,5876.968445607174,gpm,not_classified,0.0,0.25,0.0,neutral_mixed_or_context_only,neutral_or_context,context_only,"z500 is retained as circulation context, but it is not scored because raw values require anomaly or pattern-based interpretation.",Raw CFSv2 forecast field; not an anomaly relative to model hindcast climatology.,cfsv2_dynamic_area_mean_diagnostics.csv
NMME_CPC_ENSMEAN,era5_climatological_context,circulation_baseline,JJAS,June-September 2026,6,tej_core,ERA5 TEJ strength climatology,16.757601249896105,m s**-1,baseline_only,0.0,0.0,0.0,neutral_mixed_or_context_only,neutral_or_context,high_for_climatology,TEJ strength climatology is from ERA5 1991-2020 climatology. It describes normal Kiremt circulation but does not confirm 2026 anomaly by itself.,Baseline only; not a 2026 forecast anomaly.,final_dynamic_evidence_matrix.csv
NMME_CPC_ENSMEAN,era5_climatological_context,circulation_baseline,JJAS,June-September 2026,6,arabia_red_sea,ERA5 divergence200 climatology,-5.92465699523411e-07,s**-1,baseline_only,0.0,0.0,0.0,neutral_mixed_or_context_only,neutral_or_context,high_for_climatology,divergence200 is from ERA5 1991-2020 climatology. It describes normal Kiremt circulation but does not confirm 2026 anomaly by itself.,Baseline only; not a 2026 forecast anomaly.,final_dynamic_evidence_matrix.csv
NMME_CPC_ENSMEAN,era5_climatological_context,circulation_baseline,JJAS,June-September 2026,6,ethiopia,ERA5 divergence200 climatology,-8.176301199516803e-07,s**-1,baseline_only,0.0,0.0,0.0,neutral_mixed_or_context_only,neutral_or_context,high_for_climatology,divergence200 is from ERA5 1991-2020 climatology. It describes normal Kiremt circulation but does not confirm 2026 anomaly by itself.,Baseline only; not a 2026 forecast anomaly.,final_dynamic_evidence_matrix.csv
NMME_CPC_ENSMEAN,era5_climatological_context,circulation_baseline,JJAS,June-September 2026,6,greater_horn,ERA5 divergence200 climatology,-5.680899177697516e-07,s**-1,baseline_only,0.0,0.0,0.0,neutral_mixed_or_context_only,neutral_or_context,high_for_climatology,divergence200 is from ERA5 1991-2020 climatology. It describes normal Kiremt circulation but does not confirm 2026 anomaly by itself.,Baseline only; not a 2026 forecast anomaly.,final_dynamic_evidence_matrix.csv
NMME_CPC_ENSMEAN,era5_climatological_context,circulation_baseline,JJAS,June-September 2026,6,north_africa_arabia,ERA5 divergence200 climatology,-6.466309388299316e-07,s**-1,baseline_only,0.0,0.0,0.0,neutral_mixed_or_context_only,neutral_or_context,high_for_climatology,divergence200 is from ERA5 1991-2020 climatology. It describes normal Kiremt circulation but does not confirm 2026 anomaly by itself.,Baseline only; not a 2026 forecast anomaly.,final_dynamic_evidence_matrix.csv
NMME_CPC_ENSMEAN,era5_climatological_context,circulation_baseline,JJAS,June-September 2026,6,congo_moisture_corridor,ERA5 mfc850 climatology,1.4281626601771161e-08,kg kg-1 s-1 approximately,baseline_only,0.0,0.0,0.0,neutral_mixed_or_context_only,neutral_or_context,high_for_climatology,mfc850 is from ERA5 1991-2020 climatology. It describes normal Kiremt circulation but does not confirm 2026 anomaly by itself.,Baseline only; not a 2026 forecast anomaly.,final_dynamic_evidence_matrix.csv
NMME_CPC_ENSMEAN,era5_climatological_context,circulation_baseline,JJAS,June-September 2026,6,ethiopia,ERA5 mfc850 climatology,8.990433528885353e-09,kg kg-1 s-1 approximately,baseline_only,0.0,0.0,0.0,neutral_mixed_or_context_only,neutral_or_context,high_for_climatology,mfc850 is from ERA5 1991-2020 climatology. It describes normal Kiremt circulation but does not confirm 2026 anomaly by itself.,Baseline only; not a 2026 forecast anomaly.,final_dynamic_evidence_matrix.csv
NMME_CPC_ENSMEAN,era5_climatological_context,circulation_baseline,JJAS,June-September 2026,6,greater_horn,ERA5 mfc850 climatology,2.3486826189825396e-09,kg kg-1 s-1 approximately,baseline_only,0.0,0.0,0.0,neutral_mixed_or_context_only,neutral_or_context,high_for_climatology,mfc850 is from ERA5 1991-2020 climatology. It describes normal Kiremt circulation but does not confirm 2026 anomaly by itself.,Baseline only; not a 2026 forecast anomaly.,final_dynamic_evidence_matrix.csv
NMME_CPC_ENSMEAN,era5_climatological_context,circulation_baseline,JJAS,June-September 2026,6,western_moisture_entry,ERA5 mfc850 climatology,9.918949494860545e-09,kg kg-1 s-1 approximately,baseline_only,0.0,0.0,0.0,neutral_mixed_or_context_only,neutral_or_context,high_for_climatology,mfc850 is from ERA5 1991-2020 climatology. It describes normal Kiremt circulation but does not confirm 2026 anomaly by itself.,Baseline only; not a 2026 forecast anomaly.,final_dynamic_evidence_matrix.csv
NMME_CPC_ENSMEAN,era5_climatological_context,circulation_baseline,JJAS,June-September 2026,6,arabia_red_sea,ERA5 omega500 climatology,0.0003971271838613,Pa s**-1,baseline_only,0.0,0.0,0.0,neutral_mixed_or_context_only,neutral_or_context,high_for_climatology,omega500 is from ERA5 1991-2020 climatology. It describes normal Kiremt circulation but does not confirm 2026 anomaly by itself.,Baseline only; not a 2026 forecast anomaly.,final_dynamic_evidence_matrix.csv
NMME_CPC_ENSMEAN,era5_climatological_context,circulation_baseline,JJAS,June-September 2026,6,ethiopia,ERA5 omega500 climatology,-0.0238077827864308,Pa s**-1,baseline_only,0.0,0.0,0.0,neutral_mixed_or_context_only,neutral_or_context,high_for_climatology,omega500 is from ERA5 1991-2020 climatology. It describes normal Kiremt circulation but does not confirm 2026 anomaly by itself.,Baseline only; not a 2026 forecast anomaly.,final_dynamic_evidence_matrix.csv
NMME_CPC_ENSMEAN,era5_climatological_context,circulation_baseline,JJAS,June-September 2026,6,greater_horn,ERA5 omega500 climatology,0.0029215753902888,Pa s**-1,baseline_only,0.0,0.0,0.0,neutral_mixed_or_context_only,neutral_or_context,high_for_climatology,omega500 is from ERA5 1991-2020 climatology. It describes normal Kiremt circulation but does not confirm 2026 anomaly by itself.,Baseline only; not a 2026 forecast anomaly.,final_dynamic_evidence_matrix.csv
NMME_CPC_ENSMEAN,era5_climatological_context,circulation_baseline,JJAS,June-September 2026,6,north_africa_arabia,ERA5 omega500 climatology,0.0127537844137894,Pa s**-1,baseline_only,0.0,0.0,0.0,neutral_mixed_or_context_only,neutral_or_context,high_for_climatology,omega500 is from ERA5 1991-2020 climatology. It describes normal Kiremt circulation but does not confirm 2026 anomaly by itself.,Baseline only; not a 2026 forecast anomaly.,final_dynamic_evidence_matrix.csv
NMME_CPC_ENSMEAN,era5_climatological_context,circulation_baseline,JJAS,June-September 2026,6,arabia_red_sea,ERA5 omega700 climatology,-0.0308556682355177,Pa s**-1,baseline_only,0.0,0.0,0.0,neutral_mixed_or_context_only,neutral_or_context,high_for_climatology,omega700 is from ERA5 1991-2020 climatology. It describes normal Kiremt circulation but does not confirm 2026 anomaly by itself.,Baseline only; not a 2026 forecast anomaly.,final_dynamic_evidence_matrix.csv
NMME_CPC_ENSMEAN,era5_climatological_context,circulation_baseline,JJAS,June-September 2026,6,ethiopia,ERA5 omega700 climatology,-0.0374956332735818,Pa s**-1,baseline_only,0.0,0.0,0.0,neutral_mixed_or_context_only,neutral_or_context,high_for_climatology,omega700 is from ERA5 1991-2020 climatology. It describes normal Kiremt circulation but does not confirm 2026 anomaly by itself.,Baseline only; not a 2026 forecast anomaly.,final_dynamic_evidence_matrix.csv
NMME_CPC_ENSMEAN,era5_climatological_context,circulation_baseline,JJAS,June-September 2026,6,greater_horn,ERA5 omega700 climatology,-0.0074883201051789,Pa s**-1,baseline_only,0.0,0.0,0.0,neutral_mixed_or_context_only,neutral_or_context,high_for_climatology,omega700 is from ERA5 1991-2020 climatology. It describes normal Kiremt circulation but does not confirm 2026 anomaly by itself.,Baseline only; not a 2026 forecast anomaly.,final_dynamic_evidence_matrix.csv
NMME_CPC_ENSMEAN,era5_climatological_context,circulation_baseline,JJAS,June-September 2026,6,north_africa_arabia,ERA5 omega700 climatology,-0.0066153784985771,Pa s**-1,baseline_only,0.0,0.0,0.0,neutral_mixed_or_context_only,neutral_or_context,high_for_climatology,omega700 is from ERA5 1991-2020 climatology. It describes normal Kiremt circulation but does not confirm 2026 anomaly by itself.,Baseline only; not a 2026 forecast anomaly.,final_dynamic_evidence_matrix.csv
NMME_CPC_ENSMEAN,era5_climatological_context,circulation_baseline,JJAS,June-September 2026,6,congo_moisture_corridor,ERA5 qu850 climatology,0.0069552051239324,kg kg-1 m s-1,baseline_only,0.0,0.0,0.0,neutral_mixed_or_context_only,neutral_or_context,high_for_climatology,qu850 is from ERA5 1991-2020 climatology. It describes normal Kiremt circulation but does not confirm 2026 anomaly by itself.,Baseline only; not a 2026 forecast anomaly.,final_dynamic_evidence_matrix.csv
NMME_CPC_ENSMEAN,era5_climatological_context,circulation_baseline,JJAS,June-September 2026,6,ethiopia,ERA5 qu850 climatology,0.028203336005932,kg kg-1 m s-1,baseline_only,0.0,0.0,0.0,neutral_mixed_or_context_only,neutral_or_context,high_for_climatology,qu850 is from ERA5 1991-2020 climatology. It describes normal Kiremt circulation but does not confirm 2026 anomaly by itself.,Baseline only; not a 2026 forecast anomaly.,final_dynamic_evidence_matrix.csv
NMME_CPC_ENSMEAN,era5_climatological_context,circulation_baseline,JJAS,June-September 2026,6,greater_horn,ERA5 qu850 climatology,0.0009735581645029,kg kg-1 m s-1,baseline_only,0.0,0.0,0.0,neutral_mixed_or_context_only,neutral_or_context,high_for_climatology,qu850 is from ERA5 1991-2020 climatology. It describes normal Kiremt circulation but does not confirm 2026 anomaly by itself.,Baseline only; not a 2026 forecast anomaly.,final_dynamic_evidence_matrix.csv
NMME_CPC_ENSMEAN,era5_climatological_context,circulation_baseline,JJAS,June-September 2026,6,western_moisture_entry,ERA5 qu850 climatology,0.0115104456155562,kg kg-1 m s-1,baseline_only,0.0,0.0,0.0,neutral_mixed_or_context_only,neutral_or_context,high_for_climatology,qu850 is from ERA5 1991-2020 climatology. It describes normal Kiremt circulation but does not confirm 2026 anomaly by itself.,Baseline only; not a 2026 forecast anomaly.,final_dynamic_evidence_matrix.csv
NMME_CPC_ENSMEAN,era5_climatological_context,circulation_baseline,JJAS,June-September 2026,6,congo_moisture_corridor,ERA5 qv850 climatology,0.0108461034617354,kg kg-1 m s-1,baseline_only,0.0,0.0,0.0,neutral_mixed_or_context_only,neutral_or_context,high_for_climatology,qv850 is from ERA5 1991-2020 climatology. It describes normal Kiremt circulation but does not confirm 2026 anomaly by itself.,Baseline only; not a 2026 forecast anomaly.,final_dynamic_evidence_matrix.csv
NMME_CPC_ENSMEAN,era5_climatological_context,circulation_baseline,JJAS,June-September 2026,6,ethiopia,ERA5 qv850 climatology,0.037122450318186,kg kg-1 m s-1,baseline_only,0.0,0.0,0.0,neutral_mixed_or_context_only,neutral_or_context,high_for_climatology,qv850 is from ERA5 1991-2020 climatology. It describes normal Kiremt circulation but does not confirm 2026 anomaly by itself.,Baseline only; not a 2026 forecast anomaly.,final_dynamic_evidence_matrix.csv
NMME_CPC_ENSMEAN,era5_climatological_context,circulation_baseline,JJAS,June-September 2026,6,greater_horn,ERA5 qv850 climatology,0.0241350429948207,kg kg-1 m s-1,baseline_only,0.0,0.0,0.0,neutral_mixed_or_context_only,neutral_or_context,high_for_climatology,qv850 is from ERA5 1991-2020 climatology. It describes normal Kiremt circulation but does not confirm 2026 anomaly by itself.,Baseline only; not a 2026 forecast anomaly.,final_dynamic_evidence_matrix.csv
NMME_CPC_ENSMEAN,era5_climatological_context,circulation_baseline,JJAS,June-September 2026,6,western_moisture_entry,ERA5 qv850 climatology,0.0175978028856868,kg kg-1 m s-1,baseline_only,0.0,0.0,0.0,neutral_mixed_or_context_only,neutral_or_context,high_for_climatology,qv850 is from ERA5 1991-2020 climatology. It describes normal Kiremt circulation but does not confirm 2026 anomaly by itself.,Baseline only; not a 2026 forecast anomaly.,final_dynamic_evidence_matrix.csv
NMME_CPC_ENSMEAN,era5_climatological_context,circulation_baseline,JJAS,June-September 2026,6,congo_moisture_corridor,ERA5 wind_speed850 climatology,2.436669669312466,m s**-1,baseline_only,0.0,0.0,0.0,neutral_mixed_or_context_only,neutral_or_context,high_for_climatology,wind_speed850 is from ERA5 1991-2020 climatology. It describes normal Kiremt circulation but does not confirm 2026 anomaly by itself.,Baseline only; not a 2026 forecast anomaly.,final_dynamic_evidence_matrix.csv
NMME_CPC_ENSMEAN,era5_climatological_context,circulation_baseline,JJAS,June-September 2026,6,ethiopia,ERA5 wind_speed850 climatology,6.078277217582907,m s**-1,baseline_only,0.0,0.0,0.0,neutral_mixed_or_context_only,neutral_or_context,high_for_climatology,wind_speed850 is from ERA5 1991-2020 climatology. It describes normal Kiremt circulation but does not confirm 2026 anomaly by itself.,Baseline only; not a 2026 forecast anomaly.,final_dynamic_evidence_matrix.csv
NMME_CPC_ENSMEAN,era5_climatological_context,circulation_baseline,JJAS,June-September 2026,6,greater_horn,ERA5 wind_speed850 climatology,6.061539925810691,m s**-1,baseline_only,0.0,0.0,0.0,neutral_mixed_or_context_only,neutral_or_context,high_for_climatology,wind_speed850 is from ERA5 1991-2020 climatology. It describes normal Kiremt circulation but does not confirm 2026 anomaly by itself.,Baseline only; not a 2026 forecast anomaly.,final_dynamic_evidence_matrix.csv
NMME_CPC_ENSMEAN,era5_climatological_context,circulation_baseline,JJAS,June-September 2026,6,western_moisture_entry,ERA5 wind_speed850 climatology,2.561567998227158,m s**-1,baseline_only,0.0,0.0,0.0,neutral_mixed_or_context_only,neutral_or_context,high_for_climatology,wind_speed850 is from ERA5 1991-2020 climatology. It describes normal Kiremt circulation but does not confirm 2026 anomaly by itself.,Baseline only; not a 2026 forecast anomaly.,final_dynamic_evidence_matrix.csv
NMME_CPC_ENSMEAN,era5_climatological_context,circulation_baseline,JJAS,June-September 2026,6,arabia_red_sea,ERA5 z200 climatology,12485.672948907582,m,baseline_only,0.0,0.0,0.0,neutral_mixed_or_context_only,neutral_or_context,high_for_climatology,z200 is from ERA5 1991-2020 climatology. It describes normal Kiremt circulation but does not confirm 2026 anomaly by itself.,Baseline only; not a 2026 forecast anomaly.,final_dynamic_evidence_matrix.csv
NMME_CPC_ENSMEAN,era5_climatological_context,circulation_baseline,JJAS,June-September 2026,6,ethiopia,ERA5 z200 climatology,12428.456717553388,m,baseline_only,0.0,0.0,0.0,neutral_mixed_or_context_only,neutral_or_context,high_for_climatology,z200 is from ERA5 1991-2020 climatology. It describes normal Kiremt circulation but does not confirm 2026 anomaly by itself.,Baseline only; not a 2026 forecast anomaly.,final_dynamic_evidence_matrix.csv
NMME_CPC_ENSMEAN,era5_climatological_context,circulation_baseline,JJAS,June-September 2026,6,greater_horn,ERA5 z200 climatology,12432.810849076985,m,baseline_only,0.0,0.0,0.0,neutral_mixed_or_context_only,neutral_or_context,high_for_climatology,z200 is from ERA5 1991-2020 climatology. It describes normal Kiremt circulation but does not confirm 2026 anomaly by itself.,Baseline only; not a 2026 forecast anomaly.,final_dynamic_evidence_matrix.csv
NMME_CPC_ENSMEAN,era5_climatological_context,circulation_baseline,JJAS,June-September 2026,6,north_africa_arabia,ERA5 z200 climatology,12462.38726947016,m,baseline_only,0.0,0.0,0.0,neutral_mixed_or_context_only,neutral_or_context,high_for_climatology,z200 is from ERA5 1991-2020 climatology. It describes normal Kiremt circulation but does not confirm 2026 anomaly by itself.,Baseline only; not a 2026 forecast anomaly.,final_dynamic_evidence_matrix.csv
NMME_CPC_ENSMEAN,era5_climatological_context,circulation_baseline,JJAS,June-September 2026,6,arabia_red_sea,ERA5 z500 climatology,5877.883892114006,m,baseline_only,0.0,0.0,0.0,neutral_mixed_or_context_only,neutral_or_context,high_for_climatology,z500 is from ERA5 1991-2020 climatology. It describes normal Kiremt circulation but does not confirm 2026 anomaly by itself.,Baseline only; not a 2026 forecast anomaly.,final_dynamic_evidence_matrix.csv
NMME_CPC_ENSMEAN,era5_climatological_context,circulation_baseline,JJAS,June-September 2026,6,ethiopia,ERA5 z500 climatology,5870.115965339222,m,baseline_only,0.0,0.0,0.0,neutral_mixed_or_context_only,neutral_or_context,high_for_climatology,z500 is from ERA5 1991-2020 climatology. It describes normal Kiremt circulation but does not confirm 2026 anomaly by itself.,Baseline only; not a 2026 forecast anomaly.,final_dynamic_evidence_matrix.csv
NMME_CPC_ENSMEAN,era5_climatological_context,circulation_baseline,JJAS,June-September 2026,6,greater_horn,ERA5 z500 climatology,5872.071225043201,m,baseline_only,0.0,0.0,0.0,neutral_mixed_or_context_only,neutral_or_context,high_for_climatology,z500 is from ERA5 1991-2020 climatology. It describes normal Kiremt circulation but does not confirm 2026 anomaly by itself.,Baseline only; not a 2026 forecast anomaly.,final_dynamic_evidence_matrix.csv
NMME_CPC_ENSMEAN,era5_climatological_context,circulation_baseline,JJAS,June-September 2026,6,north_africa_arabia,ERA5 z500 climatology,5880.432147422445,m,baseline_only,0.0,0.0,0.0,neutral_mixed_or_context_only,neutral_or_context,high_for_climatology,z500 is from ERA5 1991-2020 climatology. It describes normal Kiremt circulation but does not confirm 2026 anomaly by itself.,Baseline only; not a 2026 forecast anomaly.,final_dynamic_evidence_matrix.csv
NMME_CPC_ENSMEAN,nmme_forecast_anomaly,ocean_driver,JJAS,June-September 2026,6,iod_west_minus_iod_east,DMI / IOD proxy from NMME tmpsfc,0.379563644528389,K,iod_neutral_or_weak,0.0,1.0,0.0,neutral_mixed_or_context_only,neutral_or_context,low_to_moderate,IOD signal is neutral or weak.,IOD influence on Ethiopia Kiremt can be spatially mixed; use official DMI products where possible.,final_dynamic_evidence_matrix.csv
NMME_CPC_ENSMEAN,nmme_forecast_anomaly,ocean_driver,JJAS,June-September 2026,6,nino34_box,Niño3.4 SST anomaly proxy from NMME tmpsfc,1.6860640048980713,K,strong_el_nino_like,2.0,1.0,2.0,supports_dry_kiremt,strong_dry_support,moderate,Strong El Niño-like SST forcing; supports dry-risk for Ethiopia Kiremt.,"Computed from NMME tmpsfc anomaly as an SST proxy, not an official Niño3.4 index product.",final_dynamic_evidence_matrix.csv
NMME_CPC_ENSMEAN,nmme_forecast_anomaly,rainfall_forecast,JJAS,June-September 2026,6,central_ethiopia,NMME precipitation anomaly,-49.3848762512207,mm/season,moderate_below_normal,1.0,1.0,1.0,supports_dry_kiremt,moderate_dry_support,moderate,Moderate seasonal rainfall deficit signal.,Direct NMME ensemble-mean anomaly; does not show probability or model agreement.,final_dynamic_evidence_matrix.csv
NMME_CPC_ENSMEAN,nmme_forecast_anomaly,rainfall_forecast,JJAS,June-September 2026,6,east_ethiopia,NMME precipitation anomaly,-32.58273696899414,mm/season,weak_below_normal,1.0,1.0,1.0,supports_dry_kiremt,moderate_dry_support,moderate,Weak seasonal rainfall deficit signal.,Direct NMME ensemble-mean anomaly; does not show probability or model agreement.,final_dynamic_evidence_matrix.csv
NMME_CPC_ENSMEAN,nmme_forecast_anomaly,rainfall_forecast,JJAS,June-September 2026,6,ethiopia,NMME precipitation anomaly,-40.89413070678711,mm/season,moderate_below_normal,1.0,1.0,1.0,supports_dry_kiremt,moderate_dry_support,moderate,Moderate seasonal rainfall deficit signal.,Direct NMME ensemble-mean anomaly; does not show probability or model agreement.,final_dynamic_evidence_matrix.csv
NMME_CPC_ENSMEAN,nmme_forecast_anomaly,rainfall_forecast,JJAS,June-September 2026,6,greater_horn,NMME precipitation anomaly,-26.30030632019043,mm/season,weak_below_normal,1.0,1.0,1.0,supports_dry_kiremt,moderate_dry_support,moderate,Weak seasonal rainfall deficit signal.,Direct NMME ensemble-mean anomaly; does not show probability or model agreement.,final_dynamic_evidence_matrix.csv
NMME_CPC_ENSMEAN,nmme_forecast_anomaly,rainfall_forecast,JJAS,June-September 2026,6,north_ethiopia,NMME precipitation anomaly,-17.88300132751465,mm/season,weak_below_normal,1.0,1.0,1.0,supports_dry_kiremt,moderate_dry_support,moderate,Weak seasonal rainfall deficit signal.,Direct NMME ensemble-mean anomaly; does not show probability or model agreement.,final_dynamic_evidence_matrix.csv
NMME_CPC_ENSMEAN,nmme_forecast_anomaly,rainfall_forecast,JJAS,June-September 2026,6,west_ethiopia,NMME precipitation anomaly,-49.8460693359375,mm/season,moderate_below_normal,1.0,1.0,1.0,supports_dry_kiremt,moderate_dry_support,moderate,Moderate seasonal rainfall deficit signal.,Direct NMME ensemble-mean anomaly; does not show probability or model agreement.,final_dynamic_evidence_matrix.csv
NMME_CPC_ENSMEAN,nmme_forecast_anomaly,upper_level_circulation,JJAS,June-September 2026,6,arabia_red_sea,NMME z200 anomaly,46.39841079711914,m,positive_height_anomaly,1.0,1.0,1.0,supports_dry_kiremt,moderate_dry_support,low_to_moderate,Positive z200 anomaly may suggest ridging/subsidence-supporting circulation.,"z200 alone is not sufficient; interpret together with u200, divergence, omega, and rainfall.",final_dynamic_evidence_matrix.csv
NMME_CPC_ENSMEAN,nmme_forecast_anomaly,upper_level_circulation,JJAS,June-September 2026,6,east_africa,NMME z200 anomaly,52.0394287109375,m,positive_height_anomaly,1.0,1.0,1.0,supports_dry_kiremt,moderate_dry_support,low_to_moderate,Positive z200 anomaly may suggest ridging/subsidence-supporting circulation.,"z200 alone is not sufficient; interpret together with u200, divergence, omega, and rainfall.",final_dynamic_evidence_matrix.csv
NMME_CPC_ENSMEAN,nmme_forecast_anomaly,upper_level_circulation,JJAS,June-September 2026,6,ethiopia,NMME z200 anomaly,52.82157897949219,m,positive_height_anomaly,1.0,1.0,1.0,supports_dry_kiremt,moderate_dry_support,low_to_moderate,Positive z200 anomaly may suggest ridging/subsidence-supporting circulation.,"z200 alone is not sufficient; interpret together with u200, divergence, omega, and rainfall.",final_dynamic_evidence_matrix.csv
NMME_CPC_ENSMEAN,nmme_forecast_anomaly,upper_level_circulation,JJAS,June-September 2026,6,greater_horn,NMME z200 anomaly,50.894508361816406,m,positive_height_anomaly,1.0,1.0,1.0,supports_dry_kiremt,moderate_dry_support,low_to_moderate,Positive z200 anomaly may suggest ridging/subsidence-supporting circulation.,"z200 alone is not sufficient; interpret together with u200, divergence, omega, and rainfall.",final_dynamic_evidence_matrix.csv
NMME_CPC_ENSMEAN,nmme_forecast_anomaly,upper_level_circulation,JJAS,June-September 2026,6,north_africa_arabia,NMME z200 anomaly,42.59611129760742,m,positive_height_anomaly,1.0,1.0,1.0,supports_dry_kiremt,moderate_dry_support,low_to_moderate,Positive z200 anomaly may suggest ridging/subsidence-supporting circulation.,"z200 alone is not sufficient; interpret together with u200, divergence, omega, and rainfall.",final_dynamic_evidence_matrix.csv
